:020000022000DC
:1060000050060120C1B10200FF3C0500ADB1020005
:10601000ADB10200ADB10200ADB102000000000060
:10602000000000000000000000000000D1B20200EB
:10603000ADB102000000000041B20200ADB10200AB
:10604000E1B402003DD40300E1B40200E1B4020077
:10605000E1B40200E1B40200E1B40200E1B40200E4
:10606000E1B40200E1B40200E1B40200E1B40200D4
:10607000E1B40200E1B40200E1B40200E1B40200C4
:10608000E1B40200E1B40200E1B40200E1B40200B4
:10609000E1B40200E1B40200E1B40200E1B40200A4
:1060A000E1B40200E1B40200E1B40200E1B4020094
:1060B000E1B40200E1B40200E1B40200E1B4020084
:1060C000E1B40200E1B40200E1B40200E1B4020074
:1060D000E1B40200E1B40200E1B40200E1B4020064
:1060E000E1B40200E1B40200E1B40200E1B4020054
:1060F000E1B40200E1B40200E1B40200E1B4020044
:106100007BB972B90029BEBF00204FF0004106E004
:1061100008BF00281CBF6FF000414FF0FF3000F0B7
:1061200057B8ADF1080C6DE904CE002909DB002B4E
:106130001ADB00F069F8DDF804E0DDE9022304B0C1
:106140007047404261EB4101002B1BDB00F05CF823
:10615000DDF804E0DDE9022304B0404261EB4101D7
:10616000524263EB43037047524263EB430300F038
:106170004BF8DDF804E0DDE9022304B0404261EBB6
:1061800041017047524263EB430300F03DF8DDF8F4
:1061900004E0DDE9022304B0524263EB430370479D
:1061A00053B94AB9002908BF00281CBF4FF0FF317E
:1061B0004FF0FF3000F00CB8ADF1080C6DE904CEE3
:1061C00000F022F8DDF804E0DDE9022304B07047B6
:1061D000704700BF10F8012B11F8013B012A28BFBE
:1061E0009A42F7D0D01A7047034611F8012B03F8F2
:1061F000012B002AF9D17047034613F8012B002A1E
:10620000FBD1181A013870472DE9F04786468C46B5
:106210000846089E154674461946002B40F0C28079
:106220008542B2FA82F245D94AB1C2F1200300FA9E
:1062300002FC2EFA03F3954043EA0C0C94404FEA1B
:10624000154EA8B2BCFBFEF8230C0EFB18CC08FBC5
:1062500000F943EA0C43994528D9EB1808F1FF37B8
:1062600004D2994502D9A8F102072B44A3EB0903F4
:10627000A4B2B3FBFEFC0EFB1C330CFB00F044EAA3
:106280000344A04214D92C190CF1FF3304D2A042CC
:1062900002D9ACF102032C44241A43EA07401EB190
:1062A000D440002334607360BDE8F0874746DDE7E3
:1062B0006346F1E792BB431B01214FEA154EAFB293
:1062C000B3FBFEFC200C0EFB1C330CFB07F840EA72
:1062D0000343984562D9EB180CF1FF3004D298457E
:1062E00002D9ACF102002B44A3EB0803A4B2B3FB28
:1062F000FEFC0EFB1C330CFB07F744EA0344A742E9
:106300004ED92C190CF1FF3304D2A74202D9ACF1BB
:1063100002032C44E41B43EA0040C0E7C2F120031F
:1063200020FA03F1954090402EFA03F303434FEA1D
:10633000154EAFB2B1FBFEFC0EFB1C10190C0CFB92
:1063400007F841EA0041884504FA02F422D96918A5
:106350000CF1FF3004D2884502D9ACF10200294487
:10636000A1EB08019BB2B1FBFEFC0EFB1C110CFB68
:1063700007F743EA01439F420ED9EB180CF1FF31B6
:1063800004D29F4202D9ACF102012B44DB1B41EA4B
:10639000004192E76046E3E76146F7E76046A3E71E
:1063A0006346B7E7834206D916B9002108467BE762
:1063B000C6E900E0F9E7B3FA83F78FB9834201D366
:1063C000724508D8BEEB020460EB030301209C4633
:1063D0001EB9002168E73846FAE7C6E9004CF8E73D
:1063E000C7F1200CBB4022FA0CF41C432EFA0CF12E
:1063F00020FA0CF3B84001434FEA14490EFA07F5AE
:10640000B3FBF9F81FFA84FE09FB18300B0C08FBEC
:106410000EFA43EA00439A4502FA07F240D9E3181C
:1064200008F1FF3004D29A4502D9A8F102002344B2
:10643000A3EB0A0389B2B3FBF9F809FB183308FB95
:106440000EFE41EA03418E452CD9611808F1FF3355
:1064500004D28E4502D9A8F10203214443EA004048
:10646000A0FB0298A1EB0E014145CE46434602D364
:1064700006D14D4504D2B9EB020E68EB0403013896
:10648000002EA6D0B5EB0E0261EB030101FA0CFC65
:1064900022FA07F34CEA0303F940C6E9003198E712
:1064A0004046C5E74346D9E7F7B5002101AA40F6C3
:1064B000034006F05BF80446002869D10198C368E0
:1064C0001B788BB9BFF35B8FB94B1A68BFF35B8F37
:1064D00002F00902BFF35B8F53E8001F43E800247A
:1064E000002CF9D1BFF35B8F05F05EFA01AA002101
:1064F00041F2030006F03AF80446002848D1019A18
:10650000AC4DD168D1F80100D1F8051005F1780340
:1065100003C3104605F048FA214601AA41F20100E2
:1065200006F024F8044698BB0198C3685A7885F8A9
:1065300070205A88A5F872201A7985F87120B3F86E
:106540000720A5F87420B3F80530A5F8763005F0DB
:106550002BFA214601AA41F2020006F007F8044690
:10656000B0B9019FFA6805F18006531C41321868E2
:106570005968344603C4083393422646F7D1384657
:1065800005F012FA95F87C305B0604D46FF0120423
:10659000204603B0F0BD01AA002142F2030005F03D
:1065A000E5FF04460028F3D1019B834EDA68D2F858
:1065B0000100D2F8051003C6184605F0F5F921468A
:1065C00001AA42F2020005F0D1FF04460028DFD103
:1065D000019CE368B3F8012091B249B1D97839B18F
:1065E000A5F80421DA78114606F1280043F094FC5E
:1065F000204605F0D9F995F87C601F2316F0200697
:10660000A5F8203118D1022140F66D4005F030FE8A
:106610000446002800F0C48002210C302DF01FFC3D
:106620000123037046702146324640F66D4005F066
:106630009DFF04460028ABD195F89C301F0712D56A
:1066400001AA002142F21C0005F090FF0446002838
:106650009ED10198C368D3F80120D3F80530C5E96D
:10666000382305F0A1F995F8D8309E0624D50DF110
:10667000020168462EF03EF80446002888D1042125
:1066800042F2240005F0F4FD0646002800F0888060
:1066900004210C302DF0E3FBBDF800300380BDF881
:1066A000023043802246314642F2240005F05EFF6C
:1066B000044600287FF46CAF95F8D8305C0610D5FE
:1066C00001AA002142F22A0005F050FF04460028EA
:1066D0007FF45EAF0198C3685B7885F8223105F0DE
:1066E00063F9082142F2010005F0C2FD04460028CA
:1066F00056D008210C302DF0B2FB95F8D81011F0CF
:10670000400F024640F2022308BF032388074CBF14
:1067100043F02C0043F00C0095F8D9308F0648BFA9
:1067200040F0400013F0090F18BF40F40060CE079E
:1067300048BF40F0100000212DF00DFE2146002240
:1067400042F2010005F012FF044600287FF420AF5A
:1067500095F87C30B5F80411980624D4C9B901AA7B
:1067600041F2050005F002FF044600287FF410AF57
:10677000B5F80431019C4BB9E368B3F80120A5F8E2
:1067800004219A880D48114643F0C6FB204605F0C7
:106790000BF9082140F6014005F06AFD044678B97E
:1067A0006FF06804F4E60029F3D16FF00404EFE61B
:1067B000D400002000000020D800002008010020A4
:1067C00008210C302DF04BFB95F8D830D907024644
:1067D00053BF4FF000512CA1D1E9000128482DF002
:1067E000BAFD2146002240F6014005F0BFFE0446F6
:1067F00000287FF4CDAE014601AA4FF6014005F016
:10680000B5FE044620BB019805F0CEF8214601AA4A
:106810004FF6024005F0AAFE0446C8B90198C368C5
:10682000B3F80130A5F8C13005F0BEF895F8C130D5
:106830005B070DD501AA21464FF6034005F096FEF1
:1068400030B90198C3685B7885F8C03005F0ACF8C2
:106850002EF027F9044600287FF49AAE07F0F2FEE6
:10686000044600287FF494AEEB79002B3FF490AE01
:10687000082104482DF0A9FC05F0C8FD88E600BFFA
:1068800010880002D40000209088000200800020C0
:106890002DE9F843D0E90738856903EB08042F3464
:1068A000A5420F46164619D8DFF87080A3FB0801F1
:1068B00017A3D3E90023FFF773FC0346601BA0FB7B
:1068C000080123F07F4412A3D3E90023FFF768FCFB
:1068D00020F07F403C603060BDE8F883DFF83C90FA
:1068E0000BA3D3E90023A5FB0901FFF759FC20F016
:1068F0007F4409480A2106A3D3E90023E8FB0901E4
:10690000FFF74EFC20F07F403C603060BDE8F8832C
:106910008D49FD1A0700000000166BF100CA9A3B72
:106920009FED097B0E4B0F4A0F4983ED007B9FEDD6
:10693000087B82ED007B9FED087B0C4B002281EDF4
:10694000007B1A600EF0C4B8FFFFFFFFFF1F0000BE
:1069500000000000000000001F0000000000000018
:106960009001002000180020880100202C860020C3
:10697000002800F046812DE9F04FC94C94F86A20B8
:1069800012F001058DB040F0788194F82500FF23C6
:1069900000F0030084F8263016F02AF994F86A0013
:1069A000420727D494F8292094F8353004EB82026A
:1069B00004EB8303D66AD3F8388086B1B8483146F1
:1069C0000FF060FE33785B0605D506210BF014F856
:1069D000002800F05481B24841460FF053FE33784E
:1069E00013F00E0F40F09E80236A93B10C200DB07F
:1069F000BDE8F08F2A4604F16B01C0F3C00016F029
:106A00006FFAFF2884F82600CCD0284616F00AF941
:106A1000C8E70DF035FB8146002800F054810DF0E9
:106A20003BFB8246002800F04B8110F029F9054617
:106A3000002800F04A81D0F894004FF6FF732B86AF
:106A400005F11C0B002800F0208105F1880205F1FA
:106A500084010AF0DDFFB5F8823023F4EF6323F000
:106A6000070343F48C7343F00103A5F8823095F8D3
:106A7000433003F03F0363F07F0385F8433095F81C
:106A80009A3023F0070385F89A3095F8483023F0C0
:106A90000F03002785F848304FF4C023C5F898311C
:106AA0002846C5E91577C5F89470A5F8987085F85B
:106AB0004570EF86C5F83A70EF65A5F89E71A5F8A8
:106AC000947112F04DFA85F86071C5F8649110F078
:106AD0008BFB95F8A43160F3020385F8A43110F024
:106AE00089FB95F8A43160F3C50385F8A43195F8C6
:106AF000903167F3410385F890310121284610F069
:106B000091FF05F1E00012F003F8C4E9189AC4F807
:106B100020B0C5E905772F70ED6117F0C3FA0028A2
:106B200040F0AF8094F824300121C3F342030DF10B
:106B30002B008DF82B300BF009F90246002862D0AB
:106B400098F8011030460FF057FB31235549A360E8
:106B5000554BB4F86870A0FB01010025C01841F145
:106B600007014DA3D3E90023C4E9055525706560ED
:106B7000E560FFF715FB20610CF0A8FB00F10908A8
:106B80003FB9357805F00F05A5F10105B5FA85F592
:106B90006D0994F82400236965F3000010F00105E5
:106BA00084F8240036D0414A099200201060022562
:106BB0003F4A404F04930BAE019305920321CDE968
:106BC0000200069443460090089607972A460B95C4
:106BD0000CF07EFA31460DF00FFBA0B93649059155
:106BE0004AF2D8330093CDE90300CDE901000797BD
:106BF000089606944346012203210B950CF04CFAAB
:106C00002EE00FF049BA236A002B3FF4EFAE0FF0ED
:106C1000FFF9EBE6254A2948049303F2471306944B
:106C2000029591211360A7FB000301FB0731214B63
:106C300007931F4B05934FF6FF73099202270393A7
:106C40000BAE15A3D3E900230B970896FFF7A8FA1C
:106C50004346CDE900503A46284603210CF038FA65
:106C600031460DF0C9FA0028CDD194F86A300120E0
:106C7000034384F86A3015F09DFF0020B7E6122028
:106C8000B5E60FF0C5F90320B1E605F18C00C5F8B3
:106C90009400DAE6AFF300808D49FD1A070000008A
:106CA0006486002000CA9A3B8C49FD1A5886002051
:106CB0007562030031340300595D0300002AE78444
:106CC00048460DF0E3F9072091E650460DF0EAF949
:106CD00048460DF0DBF9F6E770B590F824308AB03D
:106CE000C3F342030D46044601210DF1230016466D
:106CF0008DF823300BF02AF87178024628460FF001
:106D00007BFA1F491F4AA0FB0131981841F1070186
:106D100019A3D3E90023FFF743FA236998420546F4
:106D200021D21B1A00220192174A0293174BA21A72
:106D3000A3FB02320221920900230A4409AE099101
:106D400013490591CDE903330321D2B2069600938E
:106D500018460CF01DFA31460DF04EFA38B925618F
:106D600000200AB070BDFBD9C21A0023DBE70C205B
:106D70000AB070BDAFF300808D49FD1A0700000016
:106D800000CA9A3B8C49FD1A6486002009CB3D8DD0
:106D900031340300000000002DE9F04F06468DB0AD
:106DA0008A46012002219946154619F019F9002258
:106DB0000B90022101200AF07BFE3B494FF4D87270
:106DC00030460AF005FEC71C384B0093FFB201960F
:106DD0004B463A46012100200CF034FA10F0FD0F2A
:106DE0000ED0334A3349344840F68F032BF0A0FFCE
:106DF000002383F31188BFF36F8F0323184602DF4C
:106E00002E4CA5FB044526A3D3E9002320462946A2
:106E1000FFF7C6F90896069633690493284B20F0CD
:106E20007F48A8FB0331E01A264B07934FF0070277
:106E3000254B059302FB08114FF6FE7365EB01012C
:106E400003934FF47A720023FFF7AAF94FF0000B77
:106E5000CDE90180CDF800A04B463A4601215846C5
:106E60000CF01AF910F0FD0F0DD0114A114912481B
:106E700040F6A4032BF05CFF8BF31188BFF36F8FF8
:106E80000323184602DF0B9B13B90DB0BDE8F08F4A
:106E90000122022110460DB0BDE8F04F0AF008BEF5
:106EA0008D49FD1A0700000008180020216C03001E
:106EB00024C50600E8C5060004C0060000CA9A3BC7
:106EC0008D49FD1AC16B0300E5C0030000000000FE
:106ED0002DE9F0418468228E4FF6FF739A428CB000
:106EE00045D00546204612F0D9FA2B7D012B00F043
:106EF0002281022B00F01581002B00F0F48094F821
:106F00006061002E40F010812B8A678F94F9432036
:106F1000CDE90A6673B3002AC0F25A810023A4F8AF
:106F20009A31AA7C238FFD1802F003030135012B4F
:106F3000ADB23BD0B4F89E31002B00F005819D42EC
:106F400080F059815B1B9BB20022062BA4F89E3176
:106F5000628740F2F68094F943309342C0F2508148
:106F6000002326E09DF82710204610F021FA0CB0EF
:106F7000BDE8F081002AB8BF84F88561238FAA7C20
:106F8000FD1802F003030135012BADB20ED0B4F8A9
:106F90009A31002BCED0AB4240F23C815B1BA4F86F
:106FA0009A31B4F89E31002BC9D102E00023A4F835
:106FB0009E3194F8482063F3820284F848202946E1
:106FC0000DF12702204612F007F87430CAD0B4F849
:106FD00098312BB1AB4240F2EC805B1BA4F89831A6
:106FE000B4F894312BB1AB4240F2DA805B1BA4F8C9
:106FF0009431658F16B9AF4200F0C9800135ADB24A
:1070000094F8DD3013F0010731D1DDE90A130A46A7
:10701000002B40F0CC80002900F0BB801F461846B2
:10702000228EE4690694CDE9035603329A4D02900C
:10703000CDE90017D2B20121002005950CF0A8F887
:1070400010F0FD0F93D00DF001F984428FD0934AD8
:10705000934994484FF4AE632BF06AFE002383F308
:107060001188BFF36F8F0323184602DF7FE794F97F
:1070700043206FF30003002A84F8DD307FDB94F8AF
:107080008200C0F3C00100F0070016F023FEB4F840
:107090007A20B4F878301344628D03F23F1313441E
:1070A0000344814A81480721E3FB0021104678A36D
:1070B000D3E90023FFF774F8DDE90A1320F07F42DB
:1070C00020692261904235BF171A801A00200027DC
:1070D0000A46002BA4D157EA010CA1D1002858D0B0
:1070E00019461F469CE794F89A3003F01803182BB2
:1070F0007FF405AFA18EB4F896218B1D9A42C4BFD0
:10710000931F5B1AB4F89211CCBF9BB213469942FD
:1071100000F09C80A4F89231A4F89431A4F898214E
:10712000EDE63D2684F86061314620460CB0BDE8AE
:10713000F04110F03DB90023A4F89831A4F894313F
:10714000DDE60126334634E7628E052A97BF013219
:1071500040F2E2434FF4FA7392B203FB02F2B4F846
:107160009C3142F2107101FB0323013BB3FBF2F3AC
:107170009BB2A4F89E31002B7FF4E1AE19E794F89E
:107180008300012100F0070016F0A6FD7FE73546D9
:1071900036E7002D43D00027114638463B463FE7EF
:1071A0000023A4F89431204611F0B8FF21E73846B7
:1071B00036E70CF0B7FF0146A0B30023A4F89831DE
:1071C000238EC3801B23037100680CF07DFF07E74B
:1071D00094F885316BB3013B84F8853104F1E00804
:1071E000404611F0D7FCB8B3404611F0D3FCB8B319
:1071F0000023638792E60821204610F0D9F8B6E60E
:10720000A7B9D4F888315A0813F0010336D1C4F86D
:107210008821A5E63E21204610F0CAF8A7E6002EF8
:10722000B9D1A4E60123A4F89831D9E61346012682
:10723000BFE60AAA0BA92846FFF72AFBDDE90A23C5
:107240001343CBD0237884F88531C7E7B4F898117D
:1072500000297FF454AE5FE7FF2010F06BF8C3E71E
:107260000246D4E921010AF0EBFB0028C0D194F8D2
:1072700048301B0744BFA38E63874FE642F00042AD
:107280001E46C4F888213B4693E600BFAFF300805A
:107290008D49FD1A070000007D6B030024C5060020
:1072A00064C6060004C006008C49FD1A00CA9A3B59
:1072B0002DE9F04F87B0CDE90423BDF844200378D1
:1072C0000292BDF84820BDF840A0BDF84C90878FD1
:1072D000019104460392002B00F0D480013FBFB21D
:1072E000A368D4F81CB1A7EB090292B2002B00925C
:1072F0000ADAE168626823F0004391422CBF8B44B4
:107300009344A360ABEB030B94F88200C0F3C0017D
:1073100000F0070016F0DEFC658E052D40F2AA8015
:10732000009B15FB03F5ADB240F2E248BAF1050F40
:1073300040F29480B4F87A20B4F87830134403F221
:10734000D51303447A4A7B480721E3FB00214FF021
:107350009613A36296231046A38573A3D3E9002353
:10736000FEF71EFF564620F07F4040F2E24308FB46
:1073700005F103FB06F6B1FBF6F81FFA88F520616C
:1073800006FB05F08142A8465AD2401A694966A315
:10739000D3E90023A0FB0101FEF702FF20F07F40AC
:1073A0008344E38EB4F824211344994494F8433081
:1073B000A9EB0709C844DB09A4F8368069D15E4A05
:1073C0005E495F4840F667132BF0B2FC002585F359
:1073D0001188BFF36F8F0323184602DF3746029BE5
:1073E000A386039BA4F89C3131462046A4F832A022
:1073F00011F02EFE534BA18E3344881DB3FBF6F3E0
:107400009AB29042A4F8962104D2C1F57F41FA3194
:107410000A4492B2019BA4F8922113B10023A4F86C
:107420009E315B463A4629462046FFF7B5FC94F864
:10743000903143F0010384F8903107B0BDE8F08F3C
:10744000091A3C4838A3D3E90023A1FB0001FEF749
:10745000A7FE20F07F40ABEB000BA2E74FF09613A6
:107460000AF10106A3629623A385B6B20A204FF45F
:10747000FA737CE7009B013515FB03F5ADB24FF4C1
:10748000FA7853E7C38E1F44B0F824311F44BFB2CB
:1074900026E7E26C0099636D02FB1133636516F019
:1074A00051FE074694F88401C0F3420016F04CFEEA
:1074B000074406FB07F7244B07F5742707F23F271D
:1074C000A3FB0737BF0C636DE76405FB07F0720889
:1074D0000344963A934228BF1346C4E91423049BFD
:1074E000144D40F2E24808FB03F3E3650023A0FBE0
:1074F0000501C4F88C310CA3D3E90023FEF750FE3C
:10750000124B059AABEB000BA3FB0230800A08FB81
:1075100000F0A0FB050104A3D3E90023FEF740FE21
:10752000F71B20F07F455AE78D49FD1A0700000040
:107530008C49FD1A00CA9A3B24C50600DCC006002F
:1075400004C006007FC3C90183DE1B435917B7D1AE
:107550002DE9F04F0B6891F81180D3F80090037F6C
:10756000176895B00446C3F38013D0F81E008DF859
:107570003F30B8F1FF0F638C12900E461546ADF800
:107580004C300DF1480A4DD19AE803001090ADF847
:1075900044102346E28D53F82EBB9B78AB722A81B0
:1075A000D4F82A306B60D4F83A30C5F8223005F1AF
:1075B000220094F83E30037105210AF0C7FB95F8CC
:1075C000273000F03F0060F3050385F8273094F87A
:1075D0003F30C3F3040285F82820A28EEA820128F6
:1075E00003F01F0392B205D91B3303F01F030B2BCB
:1075F00000D81ABB0022C9F8142095F82C3062F389
:10760000000385F82C30E56801265846214626718E
:107610000CF04EFD28682E7129460CF055FD15B072
:10762000BDE8F08F10AA0DF13F01404615F068F853
:107630009DF83F3002338DF83F30AAE733680021D0
:107640005960E38EEA8A2B8340F2E24303FB02F2A5
:107650000B92628E0D92384611F00EFD94F83F2089
:1076600097F88411520962F3430187F8841116F0E8
:1076700069FD0C9097F88401C0F3420016F064FD98
:107680000C9A0B99104401FB00F0BF4A00F57420DE
:1076900000F23F20A2FB00204A08800C963A2863A3
:1076A0006A6394F8312040F2E24302FB03F36B6417
:1076B000238FA7F89C31384611F0CAFC0B99B34BC5
:1076C000B34AC7F8A0210B44B3FBF1F39AB2A7F871
:1076D0009621298B881D824204DDC1F57F41FA3154
:1076E0000A4492B2A7F892216B68C7F88831234602
:1076F00013F81C2FC2F340120C92DA0700F101813B
:107700004FF48073A38399F8260015F0FDFC04F173
:107710002B03002800F0F180626AC4F82B20228D30
:107720009A80B8F1FF0F00F00F81BAF80430129878
:10773000A4F82930C4F825009DF83F30A3771098AD
:10774000BDF84430C4F81F00A4F82330EB8A6386E8
:107750002B8BA386B7F89C31E38697F88431C3F36B
:10776000420384F8383038460FF096FAA882E08059
:107770002146584674680CF09BFCAB8AE3801C23BE
:1077800023710C9BD4F80080002B40F0D1800C9B1F
:107790002377214640460CF097FC95F86700B5F832
:1077A0005C80B5F85E40012100F0070016F094FA05
:1077B000444404F2D514DFF8E48104448246754859
:1077C0004FF096130721C5E90333E4FB0801312389
:1077D0000024BB607C606AA3D3E90023FC60FEF751
:1077E000DFFC20F07F4038610B9B2D6B0D995D1BFA
:1077F000F36840F2E24202FB013303F2B341A1EB32
:107800000A0A2246022101200AF052F948460EF0E7
:10781000F5FE0246AAFB0801924659A3D3E90023CC
:10782000FEF7BEFCCDF80490B3685B49009120F0F0
:107830007F480AF102023A3BD2B24344012120467A
:107840000BF000FD012800F0858099F82430DB075B
:1078500066D438460FF020FA504BA5FB03A9044626
:1078600047A3D3E9002350464946FEF799FC4C4B09
:10787000B6684C4A079220F07F45A5FB0331BAEB6E
:107880000300494B05934FF4F573069708933B6942
:107890004FF0000BCDE903B34FF0070303FB0511D5
:1078A00069EB01014FF47A720023FEF779FC03348F
:1078B0003A3EE4B2CDE90150CDF80080334622468D
:1078C000012158460BF0E8FB10F0FD0F0DD0374AB0
:1078D0003749384840F2EB132BF02AFA8BF3118822
:1078E000BFF36F8F0323184602DF012202211046E7
:1078F0000AF0DEF815B0BDE8F08FC4F82B009880D0
:107900000FE72A4A2C492B48FD232BF011FA0023BC
:1079100083F31188BFF36F8F0323184602DFEFE66E
:10792000002301220093184611460BF049FC90E712
:1079300095F8273043F0400385F82730281D14F0D0
:10794000E9FC0123288523E70022C4F82520A4F8B8
:107950002920F1E60CF07AFC81453FF476AF134A1A
:107960001649144840F292232BF0E2F984F311886F
:10797000BFF36F8F0323184602DF66E7AFF3008083
:107980008D49FD1A0700000083DE1B437FC3C90138
:10799000404B4C008C49FD1AA5C0030000CA9A3B1D
:1079A0008D49FD1A71C00300E5C0030044CB0600F9
:1079B000E8C5060004C00600F8C20600A0CB060019
:1079C00010B5334C3349002304F1FF3C14F8332045
:1079D000072A02EB820E05D811F83E206FF34512FC
:1079E00001F83E201CF833206FF300020CF833201E
:1079F0000133082BEAD1284A284C002313700A7857
:107A000063F300020A7091F8282063F3000281F802
:107A1000282091F8502063F3000281F8502091F85B
:107A2000782063F3000281F8782091F8A02063F3B6
:107A3000000281F8A02091F8C82063F3000281F8C9
:107A4000C82091F8F02063F3000281F8F02091F84B
:107A5000182163F3000281F81821114A9FED0A7B77
:107A60001370104B83ED007B0F4B236028B1BDE8F2
:107A700010400E490E4842F01FBBBDE810400C48B4
:107A800042F026BBAFF30080FFFFFFFFFFFFFFFFC9
:107A9000458D0020048C0020DFC60020148B0020C0
:107AA000DEC60020E8190020A0BB0D0019CE03009F
:107AB000B8190020000000002DE9F04F8FB00DF143
:107AC00037010446DFF8E0A0DFF8E0800DF1360072
:107AD0000CF06AFB9DF836309DF837B00B930BF035
:107AE000F5FBDAF80060A6FB085629A3D3E90023CA
:107AF0000027814631462846FEF752FBCDE907773D
:107B0000069420F07F44DAF80400234B0593A0FB91
:107B100008011FA3D3E90023FEF742FB1F4B20F00F
:107B20007F40A4FB0331072202FB0411CDE903705F
:107B3000E81A66EB01014FF47A720023FEF730FB7E
:107B40000097CDE901404B460B985A4603210BF0B4
:107B5000A3FA10F0FD0404D06FF08B000FB0BDE865
:107B6000F08F0F480F4A002328F080F920B9DAF887
:107B70000C000FB0BDE8F08F9DF837209DF836005F
:107B80000094234603210BF01BFB6FF07300E5E725
:107B90008D49FD1A07000000C5D303008D49FD1A69
:107BA000B88D0020447B0B00D08D002000CA9A3B8A
:107BB00038B50F4D04460BF089FBA9680BF088FB24
:107BC000696803460B48B3FBF4F4A1FB00011C44B5
:107BD00005A3D3E90023FEF7E3FA20F07F408442B7
:107BE00094BF0020012038BD8D49FD1A0700000018
:107BF000D08D002000CA9A3BF0B5C468636883B09A
:107C00000546002B64D117F06BFD082017F08EFDA0
:107C10000021084617F07CFD00222521082017F0DE
:107C2000B9FD474B019301A817F0A0FD454940F26B
:107C30005B6017F051FE237AC3F3420262F306132E
:107C40002046237216F09CFC15F03AFB58BB637A71
:107C50009B071FD127682E68384615F0D7FF0644CA
:107C60006A6806F10901012017F07EFF18F03CF860
:107C700020460EF0CFFC811C3246C9B2384615F0C2
:107C8000D3FF054678BB204615F068FF88B9002071
:107C900003B0F0BD012014F081FF4178821C007810
:107CA00017F002FFD6E7607A10F0030018BF01203A
:107CB000F1E7254A2549264840F229432BF038F8B8
:107CC00085F31188BFF36F8F0323184602DFDEE7C9
:107CD00093F82C309A0796D01E48214617F0BEFC28
:107CE00017F0A4FDD3E7184A1B49194840F2114385
:107CF0002BF01EF8194B0721A5FB030301FB0531EF
:107D00000DA3D3E90023FEF74BFA154902461548A7
:107D10002BF00EF8002585F31188BFF36F8F032336
:107D2000184602DF1048214617F098FC17F07EFD38
:107D30006FF08B00ACE700BF00CA9A3B0000000068
:107D4000D6BE898E555555009CCF0600D8C1060079
:107D500004C00600B9DD0300DCC006008D49FD1A31
:107D60004CD0060020D0060055E1030000000000C2
:107D70002DE9F041C468A28A4FF6FF739A4282B09F
:107D800000F0DF80054616F03FFF2B89628B208CC8
:107D9000A3831A4492B2104494F82730E28380B24D
:107DA000411C21845E064FF00001618304F1220131
:107DB00000F1A18003F03F000B4694F828100090DA
:107DC00004F1290014F05EFA0646D4E90C31A28BC6
:107DD00002FB0333A26B1344E26B8B4294BFD218B5
:107DE00052188A4228BF0A46E263616C226C94F8FA
:107DF00067301144616494F87E2094F82C10C3F32A
:107E0000020363F3061112F004024FF0000384F83A
:107E10002C10A363236478D017F062FC082017F0BD
:107E200085FC201D17F0A2FC2389A17A40F25B603B
:107E300043EA014117F050FD304615F007FF214697
:107E4000594817F00BFCA08917F082FE94F86620C1
:107E500094F86700C2F3C003002102F0070200F0AB
:107E6000070017F09FFD204616F078FF27682E6860
:107E7000384615F0CBFE06446A6806F10901002079
:107E800017F072FE804617F003FF002017F01AFF6C
:107E9000E36B94F8670003F12F02636C00F00700B6
:107EA000012103EB420517F0B3FC4544054494F867
:107EB000670000F00700022825D004280CBF4FF40B
:107EC000BC73282301211D4417F0A4FC284417F09B
:107ED000D1FEA18A03313246C9B2384615F0A4FE5C
:107EE0000546002834D1204615F038FED0B90020D0
:107EF00002B0BDE8F0810A4603F03F03218D14F083
:107F00000DFA064661E71823DCE7D4E91A0109F007
:107F100097FD002880D194F87E3043F0040384F864
:107F20007E3079E7214A224922484FF4B0732AF083
:107F3000FFFE85F31188BFF36F8F0323184602DF1E
:107F4000D5E71D48214617F089FB17F06FFCCEE7F7
:107F5000164A1A4917484FF4AB732AF0E9FE184B3A
:107F60000721A5FB030301FB05310DA3D3E9002382
:107F7000FEF716F91349024613482AF0D9FE0025E8
:107F800085F31188BFF36F8F0323184602DF0F4874
:107F9000214617F063FB17F049FC6FF08B00A7E751
:107FA00000CA9A3B00000000D5EF0300D8D00600BD
:107FB000D8C1060004C00600B9DD0300DCC006001D
:107FC0008D49FD1A2CD1060020D0060095DD030056
:107FD00001482FF0F8B900BF20B00600012B07B50B
:107FE0000FD112780848012A14BF002257228DF8B9
:107FF000072000210DF107022FF058F903B05DF8BA
:1080000004FB6FF08500F9E720B00600012B13B5E3
:10801000144611D10A480DF1070200212FF06BF927
:10802000002807DB9DF80730A3F157025342534164
:108030002370002002B010BD6FF08500FAE700BF8A
:1080400020B00600014828F0EBB800BFB0020020C5
:10805000014828F0E5B800BFA002002007B542F0B3
:10806000B6F94FF47A72A0FB020302FB0131C00B98
:10807000074A40EA4140106000234FF4004205489F
:10808000CDE9002328F086FF002003B05DF804FB53
:10809000203F0020100A0020014B187800F05CBB44
:1080A000CAB30020044B1A78824202D01870FFF73E
:1080B000F3BF0020704700BFCAB3002008B542F0EC
:1080C00086F94FF47A72A0FB020302FB0131114AD8
:1080D000C30B126843EA41439B1A0F4A934214DDD3
:1080E00000F0AEFF20B1BDE808400120FFF7DABF85
:1080F0000220FFF7D7FF00F02BFA002803DABDE8D3
:10810000084000F05DBA2AF020FE47F23052934258
:10811000E9DC08BD203F0020A0BB0D0008B542F0FF
:1081200056F94FF47A72A0FB020302FB0131C00B37
:10813000044A40EA41401060BDE808400020FFF7D3
:10814000B1BF00BF203F0020014B1878704700BF2F
:10815000CAB30020F8B5044610B900252846F8BD7A
:108160000378002BF9D00F4E0F4FBE420FD30D4EA8
:10817000BE42F2D2306841F0DCFC30B135682146B5
:108180002868FEF727F80028E8D00436F0E73068C2
:1081900041F0CFFC18B135682B68A342DED004361D
:1081A000E3E700BF884C0700944C070070B5194CFA
:1081B000194D8CB00022002303A9204627F0C0FCF3
:1081C00008B10CB070BD2B68059E5868DDE903123C
:1081D0002AF009F90028EDDBFF238DF81830B6FAF4
:1081E00086F35B0907908DF8203042F0F0F84FF4E9
:1081F0007A72A0FB020302FB0131C00B40EA41404E
:10820000C90B8DE8030006ABCDE90A010FCB00F0E6
:10821000BDFACFE7A80B0020244000201FB50A4C70
:108220002468A46884420DD183F00103CDE90112D2
:10823000039306480022002301A927F023FC0448E9
:1082400027F0EEFF04B010BD24400020A80B002052
:10825000144000201FB50023CDE90233044B8DF8F4
:108260000C0001A801932AF0EEF805B05DF804FBBC
:10827000D0B80600044B1A68044B9A4214BF6FF042
:1082800012000020704700BF24400020B8B806004C
:1082900038B5044600282FD0194D2B68834229D0C9
:1082A00053B1986840B183685B6803B198472B6805
:1082B0000021986801F088FC1249134B8C4214BFCE
:1082C000ED2100213C2200202AF0A7F8002812DB33
:1082D000A0682C6070B1012101F076FC2B689868D1
:1082E00083680A491B6898472B68986883689B686D
:1082F00003B19847002038BD6FF01200FBE700BFC4
:1083000024400020B8B80600243F00201D8202004F
:1083100038B5054648B90648FFF7BAFF041E02DB28
:108320002846FFF797FF204638BD6FF01504FAE79F
:10833000B8B80600F7B50C4615460D4901AA1E4609
:108340002BF099FB68B1019B6BB9012C0DD1094F42
:10835000224639463046A847002802DD3878FFF724
:10836000D7FF03B0F0BD0020FBE76FF01500F8E782
:108370003DEE0600BC0900200148FFF789BF00BFA1
:10838000B8B8060008B50B480B4941F048FE0B4849
:108390002BF0BAFA18B1094801212BF089FA084AE2
:1083A000002342F8043B01333C2BFAD1BDE80840DE
:1083B000FFF7E2BF14400020AD81020038B0060094
:1083C000243F002030B51D4C04EB00148FB06068D2
:1083D00083684021DB68984768BB04AD04906860FF
:1083E0006189606883682A461B69984718BB95E8CD
:1083F00003000123069307AB83E803006389ADF80C
:10840000243041F0E4FF4FF47A75A0FB053205FB00
:108410000121DB0B43EA4143C90BCDE90A31237B40
:108420008DF830300EAB13E90F008DE80F0006AB6E
:108430000FCB00F0D1F90FB030BD00BFD00200204B
:1084400010B5134CBFF35B8F54E8002F22F00101ED
:1084500044E800100028F7D1BFF35B8FD20702D5A4
:108460000020FFF7AFFFBFF35B8F54E8003F23F01E
:10847000020244E800210029F7D1BFF35B8F9B077C
:1084800004D5BDE810400120FFF79CBF10BD00BF20
:1084900028400020064901EB0012506830B1836883
:1084A0009B68114608310BB1024A1847704700BF5C
:1084B000D0020020B984020010B5104C0C1B102C07
:1084C0001BD8241141F054FE90B1BFF35B8F012300
:1084D0000B4AA34052E8000F184342E8000100296C
:1084E000F8D1BFF35B8F0748BDE8104027F098BE76
:1084F0002046BDE81040FFF765BF10BDD802002040
:1085000028400020C0020020F8B50F4D0F4E761B0A
:1085100007460C4605EBC105C6F3C706A64201DCBB
:1085200000200CE02A683B689A4209D13C716B68D4
:1085300038461B68984718B1431E012BF0D9F8BD87
:1085400001340835EAE700BFE83D0700303E070088
:1085500037B501A827F0DCF8174D019C00232B60EC
:108560001823584318380444019B9C4202D200202F
:1085700003B030BD204641F0DCFAD0B120462BF0EC
:108580008DF9B0B920462BF0B5F9014688B92046DF
:1085900001F01AFB20F0200378330AD010F1860F87
:1085A00007D00028E4DB2B68044A42F8234001335B
:1085B0002B60183CD8E700BF2C4000200B0A00209D
:1085C00070B5084D084E2C68013C002C02DA0023DF
:1085D0002B6070BD56F82400012101F0F5FA013C32
:1085E000F3E700BF2C4000200B0A002000B58BB041
:1085F000064B074A2821684623F094F905490122D1
:10860000684602F02FFA0BB05DF804FB83EE06001B
:108610008DEE0600CBB300202DE9F84347680446F1
:1086200000254FF001087B68AB420DD82149224854
:1086300041F042FDA3681B680BB120469847398979
:1086400039BB0020BDE8F8833A6802EBC50352F855
:1086500035001979DB88D0F810C0D0F80890DCF824
:108660000060DA0754BF43F4B01383F4D01323F44B
:10867000801208FA01FEDB074CBF46EA0E0626EA26
:108680000E06CCF80060D9F80030984770B9013573
:10869000C9E740F2E7304FF47A72002300EBC130B3
:1086A0000021FDF77DFD41F019FECAE76FF00400DF
:1086B000C8E700BFED850200580E002008B5074B43
:1086C0005A784AB901221A7005480022002327F07F
:1086D00015FE044829F0CDFE002008BDCBB30020D4
:1086E000580E0020D8AF060008B54FF4F012002352
:1086F000024827F037FE00EAE07008BD580E00205F
:10870000F7B50C461646114901AA1F462BF0B3F9DE
:10871000B0B1019BA3B9012C15D10D4D22462946BC
:108720003846B047002806DB2B780A486C7023B126
:1087300029F09FFE002003B0F0BD29F0B6FEF9E756
:108740006FF00100F7E76FF01500F4E783EE060025
:10875000CBB30020D8AF06001FB50023CDE902330C
:10876000044B8DF80C0001A8019329F06CFE05B0B4
:108770005DF804FBF4B806000268034B9A420CBF94
:1087800008300020704700BFF4B8060084B030B550
:1087900089B00CAC84E80F00002301930CAD084BAA
:1087A00000930FCD02AC0FC495E8030084E80300EA
:1087B000684629F048FE09B0BDE8304004B0704773
:1087C000F8B806000268034B9A420CBF083000203C
:1087D000704700BFF8B8060084B030B58BB00EAC5F
:1087E00084E80F00002301930EAD084B00930FCDDA
:1087F00002AC0FC495E80F0084E80F00684629F02A
:1088000022FE0BB0BDE8304004B07047FCB8060053
:108810000268034B9A420CBF08300020704700BF2B
:10882000FCB806001FB50023CDE90233044B8DF8D8
:108830000C0001A8019329F006FE05B05DF804FBC9
:1088400000B9060082B038B504A981E80C000546DD
:10885000114826F069FF0446A0B16B68012B0CD0CB
:10886000022B05D0A3B9BDE8384002B029F064BEA0
:1088700029F069FE00282046F5DCBDE8384002B04A
:1088800029F053BE6FF00400BDE8384002B07047D5
:108890006FF08500F8E700BF83EE060082B010B5E8
:1088A00002A981E80C0004460B4826F03DFF78B190
:1088B0006368022B04D00020BDE8104002B070476E
:1088C00029F041FE0028CCBF002001206060F2E7C3
:1088D0006FF00400F0E700BF83EE06001FB5002331
:1088E000CDE90233044B8DF80C0001A8019329F067
:1088F000AAFD05B05DF804FB38B906000268034B19
:108900009A420CBF08300020704700BF38B90600FB
:1089100008B500F0DDFBBDE80840014941F09BBB14
:108920000003002007B5084841F003F948B14FF4AF
:10893000F0120023CDE9002304480022002328F090
:1089400029FB03B05DF804FB68B00600480A00206C
:1089500008B5FFF711FF10B96FF0850008BDFFF7EC
:10896000F3FB38B10138C0B20128F5D8034841F013
:1089700075FD01E0FFF7D6FF0020EFE7480A002071
:1089800037B5104CA5683021EB6820469847B8B938
:1089900030212B696A462046984788B90A4C0098CE
:1089A0002378834204D0C0B22070FFF797FF38B914
:1089B00002F02AF82378984202D0184602F02AF8EA
:1089C00003B030BD68B00600CDB3002008B505483F
:1089D00041F0AFF818B1FFF7A5FF002008BD6FF018
:1089E0001200FBE768B00600014B1878704700BF23
:1089F000CDB300201FB50023CDE90233044B8DF821
:108A00000C0001A8019329F01EFD05B05DF804FBE0
:108A100044B9060008B5BDF808101944012908DC5E
:108A20003BB1054B127805481A7027F0F9FB01207D
:108A300008BD6FF00600FBE7CEB3002080030020E6
:108A4000014B1878FFF764BCCEB300201FB50C248F
:108A50000294044C0194BDF8184000942DF0BAFC27
:108A600004B010BDF3B300201FB510240294044CD1
:108A70000194BDF8184000942DF0ACFC04B010BD7A
:108A8000E3B3002007B5064B0093064906480523CB
:108A90004FF43E7227F0CAFB002003B05DF804FBE0
:108AA00048B9060018C70020880E002070B50F4D89
:108AB0000F4E8AB0002200236946284627F040F86E
:108AC000044608B10AB070BD2146182204A841F03E
:108AD00072FD10230DEB030120460596CDF818D04A
:108AE000ADF81C3007F0C6FCE4E700BFD80B00204F
:108AF00064B90600F0B50E4E0E4D0F4F87B00C490D
:108B000000220023284627F01BF8044608B107B0CE
:108B1000F0BD21461822684641F04DFD0C23694600
:108B20002046CDE90176ADF80C3007F0A3FCE6E76E
:108B3000F3B30020080C0020F0B906001FB50E4961
:108B40000E4840F6CD42002326F09CFF044670B14B
:108B500010F10B0F08D1002200236946074826F0C8
:108B6000EFFFFFF7EBFF0446204604B010BD0449B9
:108B7000044841F070FAF7E7E3B30020D80B002077
:108B800020030020880E002030B589B001AD85E8B3
:108B900007000F4840F6CD420023294626F072FF19
:108BA000044680B110F10B0F0AD10022002305A961
:108BB000074826F0C5FF95E80700FFF7E5FF0446E4
:108BC000204609B030BD0349034841F044FAF7E7B5
:108BD000080C002010030020880E002030B5037818
:108BE000012B85B018D0032B0FD063BB4378174DF2
:108BF00003F00701DC0801238B4081782A5DDBB29A
:108C000031B113432B55FFF799FF002005B030BD5C
:108C100022EA03022A55F6E78DF80530D0F8013034
:108C2000CDF80630D0F80530CDF80A30C27AB0F869
:108C30000930ADF80E308DF8042004AB13E90700BD
:108C4000FFF7A2FFE1E76FF08500DFE7E3B3002065
:108C5000014B1970704700BF02B40020014B18602F
:108C60000020704730400020084A094B12781B78DA
:108C7000002062F30700074A12785B0062F30F20BE
:108C8000DBB282B063F3174002B07047FFB300203D
:108C900003B4002000B4002013B50C4B1C6894B141
:108CA000FFF7E2FF8DF80400C0F30723C0F307408D
:108CB0008DF805308DF8060001990548234602B06D
:108CC000BDE81040184702B010BD00BF3040002082
:108CD000944C070010B5002003F038FD044610B98D
:108CE00002482AF0C5FE204610BD00BF90030020B8
:108CF00010B5084805F078FB074805F08BFC074BDA
:108D0000074800241C70074B01221A7027F088FACC
:108D1000204610BDCC030020BC03002001B400207D
:108D2000AC030020FFB30020044B1B782BB1044B95
:108D3000044800221A7027F073BA704700B400206C
:108D400001B40020F00300200C4B07B5187030B1BF
:108D50000B4827F065FA002003B05DF804FB019092
:108D60000849012001AA05F0FDF8019810B113216E
:108D70002CF0F9F804F09EFBEDE700BF00B40020F2
:108D8000F0030020592605000B4BB1FA81F010B515
:108D900040090C461870FFF72DFE3C2C0AD1074BFA
:108DA0001B783BB1064B074801221A70BDE8104002
:108DB00027F036BA10BD00BF03B4002000B4002075
:108DC00001B40020F003002070B503788AB0044697
:108DD0000E4607AD032B20D8DFE803F002191B1D58
:108DE00011492846FDF700FA059563780493A378A6
:108DF0000393E37802932379019363790093A37932
:108E00000A4A1E21304622F08DFD0AB070BD084985
:108E1000E7E70849E5E70849E3E7084A0A21284661
:108E200022F080FDE0E700BF6AF0060093F0060044
:108E300071F0060078F0060082F006008CF0060063
:108E400000B589B02CF03AF96946FFF7BDFF044B35
:108E500000201870FFF7CEFD09B05DF804FB00BFDD
:108E600003B4002070B5204E204B3068B2881C78C7
:108E70001F49B3798AB003AD0390ADF810200020EC
:108E80002A46AB7108F0D4FB31460722284641F050
:108E900018FD184B0646D0B1ACB903202246214636
:108EA00001241C700023CDE90602CDE90815ADF8B8
:108EB00014308DF8163000931A46194605A804F0B0
:108EC000C7FA0AB070BD1320A022F021E8E70A4DCE
:108ED00018700FCD05AC0FC42B68236007490096AE
:108EE00033460322EAE700BF4AFB060001B4002034
:108EF000018F020002B4002040B4060050BA060000
:108F000038B507220C460649054641F0DAFC28B17F
:108F10002B682360AB88A380AB79A37138BD00BFF9
:108F20004AFB0600014B1878704700BF03B40020CD
:108F300000487047944C070073B5194C194EB44261
:108F4000254602D36FF0120008E02B689B680434BA
:108F500033B9154C2368AB4211D1002002B070BD6B
:108F60009847C0F307238DF804008DF80530C0F34F
:108F70000743C0B28DF806300028E0D0E9E723B1FE
:108F80001B685B680BB1002098472B6825605B6805
:108F9000002BE2D0012002B0BDE87040184700BFAE
:108FA000944C0700984C07003440002007B5094B4B
:108FB00001911B68834207D19DF8063033B903B095
:108FC0005DF804EBFFF7B8BFFFF7B6FF002003B072
:108FD0005DF804FB3440002070B5094C094D0A4E81
:108FE000AC42234603D3BDE87040FFF7A5BF1B6822
:108FF000DB680434002BF3D030469847F0E700BF1D
:10900000944C0700984C0700AD8F0200054B1B687D
:1090100023B11B6813B11B6803B118476FF012002E
:10902000704700BF3440002008B5044801F006FA3C
:10903000002818BF6FF0150008BD00BF699002003E
:10904000084B1B780B2B4FF001000AD8984010F406
:10905000CD6F05D110F4016F0CBF012000207047C7
:1090600002207047D10900200A2808B5024613D013
:109070000A4B0B491870FFF7E3FF02280AD10B785F
:10908000032A08BF43F001030B70BDE80840054800
:1090900027F0C6B80023F7E708BD00BFD1090020BC
:1090A00004B400200004002007B5064B00930649D5
:1090B00006480A234FF4407227F0B8F8002003B0A6
:1090C0005DF804FB6CBA060010CA0020700F002087
:1090D00000487047700F00200149024840F0BBBFB4
:1090E000200400205810002000487047581000202D
:1090F00007B5084883685B6803B198474FF4A472CA
:1091000000230548CDE9002327F044FF03B05DF8B4
:1091100004FB00BFF0AF0600800A002010B5044633
:10912000084840F006FD60B1074B01221A7000F0BC
:10913000A1F930B132F0E8FA2046BDE81040FFF75F
:10914000D7BF10BDF0AF060005B40020014B187862
:10915000704700BF05B4002030B50A4D0A4985B0FC
:1091600002AB002400934FF4805205232846CDE93A
:10917000024427F05BF80549284640F06CFF204682
:1091800005B030BD5810002010CD00201004002084
:1091900010B5094C0A44914200D110BD11F8013BB1
:1091A000584003090001E35CC0B2434018091B01A9
:1091B000205CDBB25840EEE7DDF00600014B1B6897
:1091C000184700BF3004002030B585B004460D4676
:1091D00010220021684641F0EEF902238DF802309A
:1091E0002A46044B01932146684628F05DF805B0F5
:1091F00030BD00BFBD91020080B505460E46174642
:10920000984627F0E9FB034641F068FDDFF8189027
:10921000044649F80030424630463946A84754F8DB
:10922000090001F0F7FF00BF0800000008B5044680
:10923000EFF31183202383F31288BFF36F8F1AF0AB
:10924000A3FC204601F0D4FF024829F064FD2AF077
:1092500068FDFCE7EDF006002DE9F047058B0446BC
:109260002807904611D4022905F0070540F0CC806C
:10927000204629F008FE78B10138218B042811D846
:10928000DFE800F0C2106D85950001290CBF45F0A4
:10929000100545F02005258388F31188BFF36F8FF3
:1092A000BDE8F08701F0070AAA4500F0A580002775
:1092B000B9463E46A368002B00F0BC8041F008018F
:1092C000218388F31188BFF36F8FA168002900F014
:1092D000BA800D68002900F0B680D1F804803346CA
:1092E00052462046C047002D76D02B6829461D46A1
:1092F000F0E701F007035A1F012A1BD8002221F0D2
:109300000701062B276889B2C4E9002209D13B4630
:1093100003E0628B013262831B68002BF9D141F0BC
:1093200002012183204629F0AEFD00287AD041F0C9
:10933000200176E0042B0AD121F0070189B22183B4
:10934000204629F0A0FD10B141F020012183218B9E
:1093500001F0070AAA454FD00027B946AAE72369BA
:1093600021F0070141F00601062DD3F8009021837A
:109370002DD1B9F1000F3FD041F00801218388F3CE
:109380001188BFF36F8F3A492046C84729E021F082
:109390000701236941F0040189B2042DD3F8049038
:1093A0002183E6D000273E464FF0040A82E721F0F1
:1093B0000701236941F0050189B2052DD3F8089012
:1093C0002183D6D000273E464FF0050A72E70027DA
:1093D0003E464FF0060A6DE72B4687E7B9F1000FCE
:1093E000D1D1EFF31188202383F31288BFF36F8F5D
:1093F000238B23F008032383258BEA062ED525F043
:109400001003238305F007056669218B002EBFF644
:1094100070AF00232768C4E9003321F0070141F051
:1094200001012183218B01F0070AAA454FF00009B1
:109430007FF440AF002F9CD041F00801218388F3D6
:109440001188BFF36F8F002FC8D03D68394633466F
:109450005246204629F043FD2F46F4E7AB067FF540
:109460001BAF25F02003238305F0070500E700BFAD
:109470000B2F050038B500201AF0D2FB074D01462E
:109480000446284600F08AF9284629F0A5FE002364
:109490001A46012130F02DF9204638BD3840002011
:1094A00030B585B03EF0E7FB0C4C056941F2142263
:1094B0002946204641F057F8062144201DF0E8F8DF
:1094C00003230622CDE902324423CDE900001A46E7
:1094D0002946204620F024F905B030BD06B400200E
:1094E0002DE9F047D8B0884604463CF01EFF20AE78
:1094F0005FFA80F9C0F30727C0F3074530461EF036
:10950000A5F88DF8A1908DF8A2708DF8A3503CF0CD
:109510001AFF3CAFC0F307455FFA80FAC0F3072992
:1095200038461EF093F80C23009302221D230021DD
:10953000204601978DF813518DF811A18DF81291E5
:1095400029F0E8FD0A23009303221B230121204672
:10955000019629F0DFFD98F80030019708220233C8
:1095600000929B08042202212046062529F0D2FD04
:10957000032305221E2120460197009529F0CAFDEC
:1095800004230093019601232A461F21204629F037
:10959000C1FD98F801305BB105AD28461DF000FC17
:1095A000054B00954FF0FF320921204629F0F0FDD0
:1095B00058B0BDE8F08700BF74BA0600F0B50D469C
:1095C000B9B0002131F02BFD04463CF0BCFEC0F3E5
:1095D00007238DF81130C0F307438DF810008DF884
:1095E000123005AF1B4A04990323384629F072FD57
:1095F0003CF09BFEC0F307238DF80D30C0F307430A
:109600008DF80C008DF80E301CAE0399304629F011
:1096100072FD0022019644263346114620460096EC
:1096200029F078FD29462046FFF75AFFA9780A4A13
:109630000A4B002918BF13460022CDE900731146DA
:109640003346204629F083FD2046FFF729FF39B035
:10965000F0BD00BFCCD40600FCFA060000FB0600FB
:1096600070B54FF0FF324FF0FF330C4826F0CAFAC6
:109670000B4B0A481D7829F0ADFD0A4B1C6843F2DC
:10968000386604B970BD04F54053A11983F83A5601
:109690006068FFF793FF2468F3E700BF640B0020C6
:1096A0001AC600208076002038B50C4D4FF0FF33ED
:1096B0004FF0FF32284626F0A5FAFFF795F9044649
:1096C000FFF7BEFC064B003818BF012058701C7015
:1096D0002846BDE8384029F07DBD00BF500B002072
:1096E0001BC6002008B5FFF731FD30B1FFF7DCFFE6
:1096F000FFF7FAFC024940F0AEFC002008BD00BFB5
:109700004404002010B5084C4FF0FF334FF0FF32F7
:10971000204626F077FAFFF705FC044B1870204628
:10972000BDE8104029F056BD640B00201AC6002089
:1097300008B5FFF70BFD30B1FFF7E4FFFFF7D4FCEE
:10974000024940F088FC002008BD00BF340400201E
:10975000F8B54FF0FF324FF0FF330D4826F052FAC4
:109760000C4B0B481D785E7829F034FD0A4B1C68C1
:1097700043F2386704B9F8BD04F54053E11983F8A2
:10978000396683F838566068FFF718FF2468F1E7F8
:10979000500B00201BC600208076002030B5044608
:1097A00085B008461AF03CFA44226060A0212FF0F0
:1097B0007EFF606822F01AF900231A46032105464D
:1097C0002FF097FF0623009344231A4604F1080163
:1097D00028463EF024FA606822F054F90546042138
:1097E00003A802F051F9039B124913F0010F124B29
:1097F000284618BF19463EF043FC00231A460121B3
:1098000028462FF076FF002323600C4B5A6872B96C
:10981000C3E90044FFF748FF0020FFF799FFFFF777
:1098200071FF0020FFF71CFF002005B030BD146061
:109830005C60EFE78CBA0600A4BA060080760020D0
:109840002DE9F7430F4606460821C06ADFF850901D
:1098500029F02CFD3C68241A80463C6004EA090586
:10986000AC4203D8002003B0BDE8F08308236A4669
:109870002146304629F0B2FC0028F4D16946304632
:1098800029F01EFD40B1BDF80230BDF804203C6057
:1098900005EA090513441D44A4EB0804E0E700BFF2
:1098A0000000FFFF73B504460821C06A124E29F07C
:1098B000FDFC4FF6FF726368ADF800208DF80620BE
:1098C000A289191833401344181A002560606846AD
:1098D000ADF80210ADF8045029F0DFFC69462046CF
:1098E00029F0AEFD2046211D29F0B1FC6368284611
:1098F0003340A36002B070BD0000FFFF2DE9F047C8
:10990000044688B000F11407384640F01CFAA06AFB
:109910008368DB689847E06228B96FF01505284630
:1099200008B0BDE8F087A06A8368DB6898470368E1
:10993000013B1F2BF1D8A06A216805AA2DF0DAFEA1
:109940000028EAD1A589002DE7D0069BB5FBF3F2EC
:1099500003FB1255002DE0D1E389012BDDD9E36A29
:10996000009593F805904FF0FF334FF0FF323846E3
:1099700026F048F9E06A082129F098FCA846064636
:10998000E3891FFA85FA534508D8E389434523D173
:10999000384626F0AFF96FF02C05C0E7A1892B04FB
:1099A000891B13FA81F14A4608232046009129F0C9
:1099B00023FC78B16946204629F049FC08F10108EA
:1099C000009908234A4620461FFA88F829F014FC1B
:1099D0000028DAD00135D3E753450BD1009908238D
:1099E0004A46891B204629F007FC18B969462046DB
:1099F00029F02DFC69462046FFF722FF054618B1E5
:109A0000384626F077F98AE7009B63604FEA1348EF
:109A10004FEA0848C4F80880D4E9011399420FD3EB
:109A2000082301AA204629F0D9FB05460028E7D1E2
:109A300001AB13F8012B914533D10135082DF8D135
:109A400063681B0C1B0469462046009329F0FFFB4A
:109A5000A38900994A46204629F0CEFB051ECFDB9C
:109A6000636876D006EB03084FF6FF79A389CDF83B
:109A700000801FFA88F29B1B9A422ED30023616854
:109A8000002B43D0090C090400912046694629F0B7
:109A9000DEFB0099204629F0E7FB0546002D74D037
:109AA000AEE701A9204629F00BFC626810B9921BB1
:109AB0006260B1E7BDF80850BDF80610E06AC4F86E
:109AC0000880294429F0F2FB40449042A060EED186
:109AD000002DECD06FF01C0568E0082303AA414676
:109AE000204629F07BFB0546002889D103A92046A2
:109AF00029F0E6FB30B1BDF80C304B4502D1BDF882
:109B000010300BB1B044B1E70123B8E7204629F08B
:109B1000ABFB054600287FF473AF6368264AA18932
:109B200013400B44A3EB460363601340A36020463D
:109B300029F0AEFCB1E75B1A4A46204629F05CFBEF
:109B4000051EFFF65DAF08D0E26AA36812681344F1
:109B5000A360D4E901318B42EDD86168A38901EBA0
:109B600046029A429AD1DFF85080A26801EA0803BF
:109B70009A4293D0204629F077FB054600287FF4CF
:109B80003FAF636803EA0803A360A389A288A3EB3D
:109B900046039A4206D0384626F0ACF801232374D7
:109BA0000025BCE6204629F05CFC0546384626F038
:109BB000A1F8002DF2D0B2E60000FFFF014B0360D8
:109BC00000207047C4BA060070B544690D46002CE9
:109BD0003FD0244A2379565CB3423DD0224A525C9E
:109BE0009A423CD1A3689847002814DA022D10D07D
:109BF000032D0FD110F1860F0BD0BFF35B8F54E80C
:109C0000003F43F0020344E80032002AF7D1BFF3DB
:109C10005B8F267170BD022D267101D00020F9E7FF
:109C2000BFF35B8F54E8003F23F0040344E80032A5
:109C3000002AF7D1BFF35B8FBFF35B8F54E8003F7F
:109C400023F0020344E80032002AF7D1BFF35B8F10
:109C5000E4E76FF05700DDE76FF07700DAE76FF0C9
:109C60008500D7E708FB060004FB060070B5104B23
:109C70001C680D46B4B10F4B196800238B4202DB00
:109C80006FF0010070BD224612F8106B864202D0C0
:109C900001331446F2E7E0683FF04BFF28B12C6037
:109CA0000020EFE76FF00C00ECE76FF01200E9E73F
:109CB00054040020C4BA060010B588B0436802936B
:109CC0008368C068CDE903320A680023CDE9062322
:109CD0000C4601AA044905932DF010FD079808B918
:109CE000059B236008B010BD67390500F0B40C4B2C
:109CF0000C4E5F6A0C4BB34203D36FF08500F0BC8F
:109D000070475D68BD4209D31C693CB195F802C03B
:109D10000579AC4502D12346F0BC18472433EAE765
:109D200088760020570E0020570E00202DE9F047BE
:109D3000134CDFF85080DFF8509005460E4617466A
:109D4000444503D36FF08500BDE8F0876268D9F819
:109D500024309A4212D3A36983B19078297988423A
:109D600005D13A4631462846BDE8F04718475279B2
:109D7000012A03D13A463146284698472434DFE782
:109D8000570E0020570E0020887600202DE9F04164
:109D90000B4CDFF8308005460E461746444502D38B
:109DA0006FF0850009E063690BB92434F6E73A46A1
:109DB0003146284698470028F7D1BDE8F08100BF1A
:109DC000570E0020570E002010B504462DF053FB0F
:109DD00010F1780F00D050B9054A204629F0FEFD59
:109DE000D2F8C43023EA0003C2F8C430002010BD0A
:109DF00088760020024B00221A605A60704700BF2C
:109E00004377002070B50B4B0B4CA34201D30020CD
:109E100070BD196A1E7F00220439D5B2AE4201D846
:109E20002433F2E7013211F832508542F5D1012096
:109E3000EEE700BF570E0020570E002008B5094876
:109E40000378C3F341130A3350F823303BB100F1D8
:109E5000080200F110019847C043C00F08BD184622
:109E6000FCE700BF8876002004282DE9F14FDFF8D9
:109E7000A09004460F4616D001282DD1DFF88C8023
:109E800098F8B93043B300F061FD1F4D4D4520D225
:109E9000D5F820B04FF0000A2B7F5FFA8AF6B34264
:109EA00004D82435F2E7FFF7A5FFE7E70BEBC6067A
:109EB0000AF1010A30792DF0DEFA0246307929F0F4
:109EC0008DFDD8F8C430002A23EA0003C8F8C43056
:109ED000E2DA002388F8B9300B4D4D4508D30B4B1F
:109EE0001B6A6BB13946204601B0BDE8F04F1847F8
:109EF000EB681BB13A462146284698472435ECE7E3
:109F000001B0BDE8F08F00BF570E0020887600201A
:109F1000570E002073B5C4B263060D468DF8074096
:109F200007D02046FFF76EFF78B10D4B93F8BA00CB
:109F300058B10B4E204655B116F012FEF3691BB115
:109F40000DF1070108209847012002B070BD16F0FE
:109F50002FFEF369002BF7D00DF107010920F2E77E
:109F60008876002073B586788DF800600379427991
:109F70001C4C43EA0223ADF80230C378304603F0AC
:109F800003038DF8043029F029FDD4F8C4301842B9
:109F900005460BD0304600F0BBFC3046FFF714FFFF
:109FA00040F0E6F810B9962026F0D4FC684616F08A
:109FB000B3FD10F1780F03D010B1002002B070BDD6
:109FC0009DF8000016F030FE10F1780F01D0002847
:109FD000F3D1D4F8C43001202B4384F8B900C4F87D
:109FE000C430EBE7887600202DE9F047A34EB36933
:109FF00004460F461546FBB9237803F01F03012BD7
:10A0000000F09D80022B00F0048133BB94F9000026
:10A010002A686178002834DA062912D008292BD062
:10A02000D9B901231370517096F8C3305B0043F027
:10A030000103137002232AE198470028DCD1002095
:10A040000DE06288100A011F0129844605D90728FE
:10A0500003D8716AD2B20C781CB96FF01500BDE854
:10A06000F0874E78664503D19A4200F00B810133A8
:10A070002144F0E70B780AE196F8BA301370012317
:10A0800005E101390829E8D801A353F821F000BF00
:10A0900029A102005BA0020037A102005BA0020020
:10A0A000B5A002005BA002005BA002005BA0020062
:10A0B000C1A00200A07816F01DFD0028BFD0CCE79B
:10A0C0006388756A63BBFFF795FE638886F8BA30CC
:10A0D000F369002BB3D06A4903209847AFE76B7848
:10A0E000042B10D0052B11D0022B04D16F7963887B
:10A0F000BB4208BF01202B781D442B78002BEED1EA
:10A100000028AAD0DFE795F80380F4E76388BB4214
:10A11000F1D1B8F1000FEED12846FFF723FFEAE7AF
:10A12000FF270020B846E8E76388012B95D100237C
:10A1300086F8C33083E76388012B8ED1F8E796F861
:10A14000BA30D5F800C0002B87D0756AA38894F880
:10A1500004E02A46107800283FF47FAF51780229A6
:10A1600004D192F80480F04500F293800244F1E7B4
:10A170008CF800208CF80120396060E7154494E0E9
:10A180000B2A7FF46AAF00274FF0FF08C146BA469A
:10A1900006E06B78042B0FD0052B21D02B781D44C3
:10A1A0002B78002BF5D1F36913B15146072098475E
:10A1B000002F7FF444AF50E795F80280A38895F80C
:10A1C00003909845EAD163889945E7D1B8F1070F24
:10A1D0001CD806EB0803AA4683F8BB900127DDE7ED
:10A1E000A3884345DAD1A3784B450AD0AF783846E7
:10A1F00000F08EFB3846FFF7E7FDB0FA80F77F09E5
:10A20000CCE72846FFF7AEFE0746C7E7AA46002779
:10A21000C4E794F900206378002A18DA002B7FF451
:10A220001CAF24792D6863060AD02046FFF7EAFDAB
:10A2300000283FF412AF96F8BA30002B3FF40DAF70
:10A240002946204616F0D4FC00236B70F2E6012B61
:10A2500008D0032B7FF401AF6388002B7FF4FDAEA1
:10A26000012103E0618800297FF4F7AEA088FFF7A1
:10A2700051FE00287FF4E3AEEFE600BF88760020B1
:10A2800042770020022829607FF4F4AE4B883B60BF
:10A29000D5E694F9000062780028BFF671AF002A75
:10A2A0003FF466AF0A2A7FF4D8AE2A78002A3FF43A
:10A2B000D4AE697804297FF461AFA9788B427FF42A
:10A2C0005DAF072B96BF9B19002393F8BB308CF82A
:10A2D0000030D4E613B5164C237DF3B9E268A168CB
:10A2E000019201AB802029F087FB019AA3681344F7
:10A2F000A360E3689B1AE3606BB962B12369E288EB
:10A300009A4208DD94F8C82093FBF2F102FB113366
:10A310000BB90123237502B010BD00231A4619465C
:10A320008020237502B0BDE8104016F0A7BC00BF26
:10A330008876002030B585B0002302460D46019393
:10A34000002858D1002935D108220B460DEB020117
:10A350002DF0AAF8002804DA802016F001FC05B0E0
:10A3600030BD2A4C029A2260039A626004F13802DE
:10A37000A2609DF90820BDF80E302575002AC4E9B9
:10A3800003550ADB802B04D9802016F0E9FB00205E
:10A39000E3E713B1C4E90333E1E7FFF74FFD00281A
:10A3A000DAD0E28823699A42D4BFE260E360FFF723
:10A3B00091FFD4E7154CD4E90215002D01AB04DC64
:10A3C0002DF072F80028CADAC6E72A462DF06CF89C
:10A3D0000028D9DB019AA3681344A360E3689B1AA1
:10A3E000E360002BBBD104F13803A360FFF726FD27
:10A3F0000028DCD1B0E78028B1D1044BDA68002A0C
:10A40000D5D11B7D002BD2D1A9E700BF88760020D3
:10A41000054B064A9A62064ADA62064A1A63064AF7
:10A4200058629A610020704788760020E99F0200F8
:10A43000ED9C02008D9D02002D9D02002DE9F3414F
:10A440000446474D47484FF0FF334FF0FF3225F0A9
:10A45000D9FB95F8B830002B7BD16B6A83B14248A9
:10A460002C62E8616E6A16F023FD16F011FB041EE3
:10A4700010DA3C4825F03EFC204602B0BDE8F081F1
:10A4800000F0BEF8FFF7C4FF6B6A002BE7D14FF076
:10A49000FF34EEE700F07CFA041EEADB7378012B50
:10A4A0005AD1F379002B57D00026684685F8C8307A
:10A4B000ADF802308DF804608DF8006016F02CFBCA
:10A4C000041ED6DB802768468DF8007016F024FB4A
:10A4D000041ECEDB2549304616F0D6FC041EC8DB30
:10A4E0002249384616F0D0FC041EC2DB204CDFF8AF
:10A4F000848044451AD3002016F096FB041EB8DB76
:10A50000D5F8C430802043F00103C5F8C43016F0FC
:10A510008BFB041EADDBD5F8C43043F48033C5F8A3
:10A52000C430012385F8B8300024A2E7276A00264A
:10A53000227FF3B29A4201D82434DAE707EBC30250
:10A5400057F83310107916F09FFC01360028EFD031
:10A550009DE76FF077048CE76FF0150489E700BF83
:10A56000887600203C0B0020699E020035A3020083
:10A57000570E0020570E002030B51F4B8BB005AA98
:10A5800003F1100518685968144603C40833AB4238
:10A590002246F7D11B7823701022002101A840F039
:10A5A0000AF812220021154840F005F8102101A8F0
:10A5B0002DF053F900281BDD0828B8BF0820093802
:10A5C00001AB0E491A18002012F8013F0AAC04EB47
:10A5D000131403F00F0328336B44013014F8144CA8
:10A5E00013F8143C0C7008284B7001F10201EBD1F8
:10A5F00002480BB030BD00BF0CFB06001EC6002099
:10A600002DE9F04F724B93F800B087B0BBF1000F0B
:10A6100003D0704807B0BDE8F08F6E4C00264FF0B5
:10A62000011AB0463546B14623783BB96A4B02342D
:10A630009C42F3D1664A01231370EAE76378052B45
:10A640001BD8DFE803F08E03C38E1D39402304A816
:10A650008DF810B0ADF812308DF814B02CF0F6FE75
:10A6600040B1082304A8ADF812302CF0EFFE08B179
:10A67000ADF812B0BDF81230E37123781C44D3E773
:10A68000E378002BF9D1A3786BB108F101085FFAE8
:10A6900088F8F2E76B689C4207D024354F4B9D4207
:10A6A000F8D30020B6E74E4DF8E7AB68002BECD0AE
:10A6B000414620469847E8E7002DF2D000222B7F44
:10A6C0009A42EED2296AA07801EBC2010B79984236
:10A6D00001D00132F3E70127E07800F003008DF8A4
:10A6E0001400207994F805C040EA0C20ADF812005F
:10A6F00094F902000028FBB228DA07F110004FF0AD
:10A70000010C0CFA00F010EA0A0F26D143F0800089
:10A710008DF8100004A8CDE9021301922CF096FEEA
:10A72000DDE90121039BC0B99DF81020A27012F051
:10A73000800F18BF10330A7118BFDBB24FF001024F
:10A7400014BF9A40BA404AEA020A96E70120B8408C
:10A7500010EA0A0F01D11846DAE70137102FBBD1F2
:10A76000B7E7032E1AD1FFF707FF074650B1FBF7F3
:10A7700043FD024630B11028A8BF10223946A01C64
:10A780003FF0F1FE23786FF00201E218091B04EBA1
:10A790005303D14213D50136F6B26EE7002EF1D144
:10A7A000B9F1000F3FF47DAFA4EB090389F8023043
:10A7B000C3F3072389F8033089F80480EBE702F834
:10A7C00001BC13F8010902F8020DE2E7A14654E7C3
:10A7D0001DC60020E40D0020570E0020570E00205B
:10A7E000570E002010B5094B00211A461C788442F0
:10A7F00005D15C681CB1482303FB012010BD013169
:10A80000042903F14803F1D10020F7E75477002031
:10A810002DE9F34150F8303C10F8346C1033044605
:10A820000AD1036950F8282C980736D5D2B95907B0
:10A8300015D5002344F8303C54F8303C10330BD08D
:10A8400054E9097554F81C8C3FF092FC00284FD055
:10A850002E4821463FF0FFFB02B0BDE8F08143F0F7
:10A860000403236154F82C1C01AB304629F0C4F8D2
:10A8700010B16FF01503DDE7019A54F82C3C134436
:10A8800044F82C3C54F8283C9B1A44F8283C54F8D3
:10A89000243C134444F8243CCEE754F82C1C01AB70
:10A8A000304616F067FA0028E3D1019D54F82C3C9D
:10A8B0002B4444F82C3C54F8283C5B1B44F8283CBF
:10A8C00054F8243C2B4444F8243C002DB1D03046AD
:10A8D00016F0F4FAB5FBF0F303FB1055002DA8D1E8
:10A8E00054F8283C002BA4D0304616F08BFAA3E78E
:10A8F00044F8200CA4F1180025F07EFA002DABD00E
:10A90000424639463046A847A6E700BF503D0020E2
:10A9100010B5EFF31184202383F31288BFF36F8FF8
:10A92000FFF760FF50B14368103307D16FF08B031E
:10A93000436000F1340104483FF08DFB84F311883B
:10A94000BFF36F8F10BD00BF503D0020F8B50E4C17
:10A9500004252027EFF3118687F31288BFF36F8F4A
:10A960006368103307D16FF08B030848636004F10C
:10A9700034013FF070FB86F31188BFF36F8F013D08
:10A9800004F14804E6D1F8BD54770020503D002082
:10A9900070B50A4C0A4E0025314620463FF03FFB79
:10A9A0000122A4F11800114601353FF0B5FA042D3B
:10A9B00004F14804F0D1002070BD00BF887700206A
:10A9C00011A802001FB507240294044C0194BDF89D
:10A9D000184000942BF0FEFC04B010BDD2090020FA
:10A9E00010B5084C86B024788DF8174001240294E5
:10A9F0000DF117040194BDF8204000942BF0EAFCFF
:10AA000006B010BDD9090020014B1878704700BF6F
:10AA1000D909002000B589B064288DF8070019D83D
:10AA20000E4B18221870002102A83FF0C4FD0C4BF9
:10AA300003930DF10703049302A901230020ADF84D
:10AA4000143005F017FD10F1800F08BF002009B089
:10AA50005DF804FB6FF01500F9E700BFD90900208D
:10AA6000A8BB06002DE9F0410F4B1C6805460E46B9
:10AA70001746ACB14FF0FF324FF0FF330B4825F0D3
:10AA8000C1F863683246D3F8088029463B46204621
:10AA9000C0470446054825F02DF92046BDE8F08161
:10AAA0006FF00104F9E700BF74780020280B002044
:10AAB00000230360044B5A6812B9C3E900007047D1
:10AAC00010605860704700BF78780020014B186014
:10AAD000704700BF7478002030B585B0002305466C
:10AAE000CDE9023301904FF0FF330C484FF0FF32B5
:10AAF00025F088F80A4B1C684CB9284600F0D0F8BD
:10AB00000446064825F0F6F8204605B030BD6368D7
:10AB100020461B6801A998472468EDE7280B002010
:10AB2000787800201FB5CDE9010103924FF0FF3383
:10AB30000A484FF0FF3225F065F8094B1C682CB924
:10AB4000064825F0D7F8204604B010BD63682046BB
:10AB50001B6801A998472468F1E700BF280B002073
:10AB600078780020024B0022C3E90022704700BF22
:10AB700078780020024B0022C3E90022FFF7F2BFE1
:10AB800080780020F8B51C4C1C4E05460F46B44298
:10AB900012D31B4E1B484FF0FF324FF0FF3325F00E
:10ABA00031F834687CB1286854F8181C183CFBF75D
:10ABB00011FBD0B1A469F5E721682868FBF70AFB0F
:10ABC000B0B11834E3E700226F60AA61726805F142
:10ABD00018033AB9C6E9003300240A4825F08AF878
:10ABE0002046F8BD13607360F6E76FF01004F4E7D9
:10ABF0006FF01004F4E700BF70B3060030B4060035
:10AC000080780020280B00202DE9F74307460C46EA
:10AC100009B100230B601F4DDFF8809000264D45E1
:10AC20000FD31D4B1D6885B355F8188C01AA4146FA
:10AC30003846183D28F01FFF10B3D6B914BB2E4676
:10AC40001EE0D5F8008001AA4146384628F013FFDF
:10AC500050B116B954B92E4606E03168002240467C
:10AC600028F009FF0028F5D11835D8E7019B2360AB
:10AC7000F1E731680022404628F0FDFE0028DDD1D2
:10AC8000AD69D0E7019B2360D9E7304603B0BDE84A
:10AC9000F08300BF70B306008078002030B4060057
:10ACA0002DE9F047DFF8B090DFF8B0A080464FF014
:10ACB00000470026274C3D464C450DD3DAF80040AE
:10ACC000002C42D0183CB8F1000F25D122695ABBA4
:10ACD000A469F5E72F46EDE7B8F1000F03D122692B
:10ACE0004AB91834E8E720680022414628F0C3FE3C
:10ACF0000028F4D1F5E76368BB4205DDAF4209D017
:10AD00009D42A8BF1D46ECE7EBD19047002E08BF3F
:10AD10000646E6E71D46E4E720680022414628F0A3
:10AD2000AAFE0028D2D1D3E76368BB4205DDBD424D
:10AD300009D09D42A8BF1D46CAE7C9D19047002E41
:10AD400008BF0646C4E71D46C2E7AF42C2D130463F
:10AD5000BDE8F08770B3060030B4060080780020AC
:10AD600038B50C4D0C484FF0FF334FF0FF3224F054
:10AD700049FF2B783BB9FFF7FDFE00F06DF8044664
:10AD800010B901232B700024034824F0B3FF2046A0
:10AD900038BD00BF30C60020280B00202DE9F04749
:10ADA000048FDFF8B0A0013498B006468946A4B2FB
:10ADB00000F10807651EADB2B5F5004F47D04A2334
:10ADC00005AA2946384628F062FD04F57F543F3431
:10ADD000A4B28046214601230DF10B02384628F02B
:10ADE00056FDB8F1000F014610DC002810DC338F4F
:10ADF000AB4209D132466B1E22F8383F4FF4004176
:10AE00000223384628F011FC2C46D3E7002808DC42
:10AE10002946384628F0D7FC2146384628F0D3FC8E
:10AE2000E5E708F160030DEB0308002308F84C3C4C
:10AE30005246CDF8009003AB05A80397ADF810403B
:10AE400028F04FFE0028DFD018B0BDE8F0870020C2
:10AE5000FAE700BF513B05007FB501236946022098
:10AE60000193FEF703FF044660BB02AA01A902207A
:10AE700028F09BFD044610B110F10C0F22D103996C
:10AE8000B1F5803F23D2009A002394681846084405
:10AE900084421AD30133082BF9D10E4DA982EB82DB
:10AEA0005368AB602846D368EB6328F0E9FE04469C
:10AEB00040B9094E6E602846FFF7FAFD28466E60DD
:10AEC000FFF704FE204604B070BD9BB2E5E76FF0CB
:10AED0002004F7E7887800209004002030BFFFF7B7
:10AEE000FDBF00BF2DE9F0410B4EDFF8348006EBCB
:10AEF0000807CC1B05463246084920463FF033FB85
:10AF0000A01942460021083C3FF055FB6C6707F151
:10AF10000800BDE8F08100BF000000003CB406005E
:10AF200008000000054B9A699B689A421FBF044ABB
:10AF3000536843F080535360704700BF24B3002030
:10AF400000ED00E0134B9A6A12F0007F9A6A14BF7A
:10AF50001E201D2012F0807F9A6A18BF1F2012F455
:10AF6000002F9A6A18BF212012F4802F9A6A18BF06
:10AF7000222012F4003F9A6A18BF232012F4803F67
:10AF80009A6A6FEA02426FEA12429A6218BF24205C
:10AF9000704700BF00ED00E010B5194B0246986AFB
:10AFA0009C6A10F4805F14BF1720162014F4006F01
:10AFB0009C6A18BF1820A40509D5986B986A0004EC
:10AFC00004D51AB19A6A22F400429A6219200C4BF5
:10AFD0009A6A12F4806F9A6A18BF1A20D2050CD4AC
:10AFE0009B6A13F4005F18BF1C20054A936A43F460
:10AFF0007F43936200230B7010BD1B20F5E700BF59
:10B0000000ED00E010B51C4B0246986A9C6A10F0F7
:10B01000100F14BF1120102014F0080F9C6A18BFE5
:10B020001220A40709D5586B986A000604D51AB1F6
:10B030009A6A22F080029A6213200F4B9A6A12F0E9
:10B04000010F9A6A18BF142012F0200F9A6A18BFD5
:10B050001520D40658BF9B6A074B9A6A920642BFD6
:10B060005A6A22F400525A629A6A42F0FF029A62C5
:10B0700000230B7010BD00BF00ED00E070B5444B25
:10B080005B689CB00646C3F30803002585F311886E
:10B09000BFF36F8F02F07F40B0F17F4F11D102F00C
:10B0A0000C0008280DD010074CBF0E4601250022C9
:10B0B000033B8DF80720032B05D8DFE803F01E5C67
:10B0C00060592E46F3E700249DF807309BB96822AB
:10B0D000314602A83FF047FA099B002D53D0C3F335
:10B0E000080222B96FEA53236FEA4323099302A9A6
:10B0F000204628F0FAFD1CB070BD254BDA6A910796
:10B10000E1D4DA6A002ADEDBDA6A5200DBD55A695A
:10B11000B16942F480725A61BFF34F8FBFF36F8FF2
:10B120005A6931F8021C22F480725A61BFF34F8FC2
:10B13000BFF36F8F4DF60272914209D09A6AD2B274
:10B1400042B10DF107010120FFF75CFF0446BBE7A8
:10B150003468B9E79A6A12F47F4F05D00DF1070100
:10B160000120FFF719FFF1E79B6AB3F5803FAAD3EF
:10B17000FFF7E8FEEAE70DF107010020E4E70DF133
:10B1800007010020EDE723F4FF7323F00103ADE78F
:10B1900000ED00E0044B5A6942F010025A615A690E
:10B1A00022F008025A61704700ED00E0EFF30880DA
:10B1B000EFF3098101B57246FFF760FF01BD00BFE3
:10B1C00021F064F8202080F3118808484FF40061D2
:10B1D000401880F30988EFF314800221084380F3BC
:10B1E0001488BFF36F8F00F0CDF8000010F9002035
:10B1F000BFF34F8F0549064BCA6802F4E062134360
:10B20000CB60BFF34F8F00BFFDE700BF00ED00E054
:10B210000400FA05084B9B6883420BD1EFF30583CA
:10B2200043B1064B5A6842F080525A605A6A22F47F
:10B2300000425A6225F0D6BB24B3002000ED00E0A6
:10B2400020498A6882F8C1E04FF030001044EFF3E3
:10B25000098C80E8F01F1EF0100F03D102F180006E
:10B2600080EC108A202080F31288BFF36F8F164F76
:10B270004FF000668A698A603E60506F134C206010
:10B2800092F9C1E0906F0023936780F311881EF05C
:10B29000100F03D00023E1EE103A03E002F180002A
:10B2A00090EC108AEFF3148323F0040383F31488E3
:10B2B000BFF36F8F02F1300090E8F01F8CF3098824
:10B2C0007047000024B3002004ED00E0C87800209F
:10B2D0001EF0040F0CBFEFF30880EFF309808169C3
:10B2E00011F8021C0229FFD001B5724628F003FDB7
:10B2F00001BD00BF40B2002807DB044A4109012319
:10B3000000F01F00834042F82130704700E100E068
:10B3100040B200280CDB4309064900F01F0020332F
:10B320000122824041F82320BFF34F8FBFF36F8F7C
:10B33000704700BF00E100E0054B420900F01F002C
:10B3400053F82220012303FA00F01040704700BF99
:10B3500000E100E040B20028A8BF00F1604001F128
:10B360000101B8BF064B4FEA4111ACBF00F5614087
:10B3700000F00F00C9B2B4BF195480F80013704731
:10B3800014ED00E0144A08B5144B22F07F029A60D5
:10B39000BFF34F8FBFF36F8FD3F8882022F4700272
:10B3A000C3F88820D3F8882042F4A002C3F888208C
:10B3B0004FF04042C3F83422BFF34F8FBFF36F8F7B
:10B3C0000023E1EE103A24F063FA25F043FC00F08C
:10B3D0007BF824F09DFA00BF0060020000ED00E061
:10B3E00042F8203C009B42F81C3C019B42F8183C70
:10B3F0000A49029B42F8143C4FF0807342F8043C27
:10B4000021F00101002342F8081C203A83674FF421
:10B410007D430265C0F8C030704700BFF99102005B
:10B42000104B9B6883421AD1EFF30580B8B9EFF354
:10B430001181202282F31288BFF36F8F1A7B22F0D2
:10B4400002021A73EFF3148323F0040383F31488C6
:10B45000BFF36F8F81F31188BFF36F8F70476FF069
:10B460001500704724B3002000B50E461546002392
:10B47000E1EE103AEFF3148323F0040383F314880E
:10B48000BFF36F8FBFF36F8F084B426F9860084B0D
:10B490001A602C4686F309880020064B9847204600
:10B4A000002100220023044C204700BF24B30020C9
:10B4B000C8780020153D0500F9910200014B1022CB
:10B4C0001A61704700ED00E0044800232021C218F3
:10B4D0000133302B82F80013F9D1704700E100E00E
:10B4E00008B5EFF30583064A103B02EBC30152F89F
:10B4F000330049688847BDE80840FFF713BD00BF27
:10B5000098B00600024B034A0348012100F066B8D8
:10B510000000042000000020F8BB0600084AC2F822
:10B5200098000B6823F01F03034343F01003C2F895
:10B530009C308B6843F00103C2F8A030704700BF15
:10B5400000ED00E02DE9F043DFF8608085B00E46A5
:10B550001F4604464FF00009B14523DA6068D8B1B0
:10B560003FB1411E08421BD11F2819D92368194237
:10B5700016D12368019328F0F0FBA36803430393DB
:10B58000D8F89050C5F30725D0B2013DA84207D89E
:10B5900001A9FFF7C3FF421C09F101090C34DBE7E5
:10B5A0006FF01502104605B0BDE8F08300ED00E035
:10B5B000044B0522C3F89420BFF34F8FBFF36F8F66
:10B5C000704700BF00ED00E0BFF35F8F024B002229
:10B5D000C3F89420704700BF00ED00E010B5034CA5
:10B5E00001232278FFF7AEFF207010BD31C6002086
:10B5F0002DE9F043534B544CD3F890302568C3F3F6
:10B6000007239D4285B000F29A80FFF7DDFF0020FE
:10B610000C2685421AD14D4C4D4F25706846FEF7D9
:10B62000CDFADFF82081DFF82C9106460025AE42E6
:10B6300013D1237843490020D1F89020C2F3072288
:10B64000934276DBFFF7B4FF002042E0616806FB1F
:10B650000011FFF763FF0130DBE7009800EB0511F5
:10B660004FEA051CCB683B40B3F5000F48D00AD821
:10B67000B3F5001F30D0B3F5800F36D0B3F5801F7F
:10B6800010D00135D3E7B3F1807F42D0B3F1007F12
:10B69000F7D150F80C3088684A6828F05EFB40F417
:10B6A000802009E050F80C3088684A6828F055FB83
:10B6B00040F0885040F43020CDE901230390D8F8C1
:10B6C00090302078C3F30723013B98422AD96FF0CA
:10B6D000150005B0BDE8F08350F80C3088684A6862
:10B6E00028F03BFB40EA0900E6E750F80C30886898
:10B6F0004A6828F032FB40F0007040F40030DBE78D
:10B7000050F80C3088684A6828F027FB40F08270B7
:10B71000D2E750F80C3088684A6828F01EFB40F0E9
:10B720008870C9E701A9FFF7F9FE23780133237078
:10B73000A7E7C1F89830C1F8A00001337CE74FF0CB
:10B74000FF30C6E700ED00E004BC060031C6002073
:10B750000000F0FF0000081108B50649064821F076
:10B760000701C1F1005202F5802227F095FA00206E
:10B7700008BD00BF5F220120CC78002003484FF0B5
:10B78000FF324FF0FF3324F03DBA00BFA404002085
:10B79000014824F0AFBA00BFA404002038B5054624
:10B7A000FFF7ECFF08482A46082127F079F90446FC
:10B7B00028B925B13FF092FA044B0C221A50FFF73A
:10B7C000E7FF204638BD00BFCC7800200C00000009
:10B7D00010B50446FFF7D2FF2146034827F028F9A9
:10B7E000BDE81040FFF7D4BFCC78002070B5A0FBB7
:10B7F00001543CB92846FFF7D1FF064640B9002660
:10B80000304670BD3FF06AFA044B0C221A50F6E73E
:10B810002A4621463EF0CFFEF2E700BF0C000000B2
:10B8200070B54169867A0B4D044659B1437ADB07FE
:10B8300006D42C2303FB06535B6A1B689B6898475E
:10B84000002363612C20214606FB0050BDE87040B8
:10B850003EF054BBB00C0020024B2C2202FB003007
:10B86000704700BFB00C0020827A064B2C2101FBF0
:10B8700002339A6A1B7F1B33801A23F00303B0FB49
:10B88000F3F07047B00C002038B5074B827A2C24B7
:10B8900004FB02335B6AD3E901240C601568FFF7EF
:10B8A000E3FF04FB005038BDB00C00202DE9F0434D
:10B8B00085B005466846039190461C463EF089FDDA
:10B8C000DDE90067EFF31189202383F31288BFF3CA
:10B8D0006F8F6B8B002B41D02A8B9A4225D9002287
:10B8E0000023284624F056FA0446F0B189F3118863
:10B8F000BFF36F8F039B002B41D032463B46684617
:10B900003EF08BFDA27A264B2C2101FB0233204610
:10B910005B6A1B6803A91D68DDE90023A847606115
:10B9200070BB2046FFF77CFF24E0698B4B1E6B83C6
:10B9300089F31188BFF36F8F2B7F2A8BAC6A1B337F
:10B9400023F00303521A02FB0344154B154AEB1A6A
:10B950009B105343A3722B7FE372CBE789F31188CB
:10B96000BFF36F8F23464246284624F013FA04465D
:10B970000028BFD10024204605B0BDE8F0836361F4
:10B98000012300252381039B6382E27A65602946B7
:10B9900004F118003EF00FFE63692582E360EAE7D8
:10B9A000B00C0020A38B2EBA70B50C4C2C2500B91E
:10B9B00070BD037A4668013BDBB20372002BF7D1FE
:10B9C000C3604360837A05FB03431B6A13B1984746
:10B9D0003046ECE7FFF724FFFAE700BFB00C002089
:10B9E0000E4A0123C2F840354FF080424FF080519B
:10B9F000C2F87835D1F83001082808D1D1F83411CF
:10BA0000052904D80648415C09B1C2F838364FF020
:10BA100080430122C3F880250020704700E00140E8
:10BA200044FB060020B1034B800143F0010318479B
:10BA3000704700BFD0B4060070B50C4BD3E901527B
:10BA40001968D8684A4080EA050485EA02065E6003
:10BA500082EA452281EA04064FEA745408441E60D3
:10BA60009A60DC6001EB706070BD00BFD878002088
:10BA700008B504483EF05DF800280CBF6FF01200D6
:10BA8000002008BDB8AE06002DE9F341DFF888803C
:10BA900098F8003004468F0801F0030553B919489F
:10BAA000194E836810221B683146984790B90123CC
:10BAB00088F8003004EB8707A7421ED13DB1FFF79D
:10BAC000BBFF2A46019001A938463EF04CFD02B06A
:10BAD000BDE8F0812CF0DDF930602CF0DAF90B4B89
:10BAE000434073602CF0D5F9094B4340B3602CF010
:10BAF000D0F9084B4340F360DCE7FFF79DFF44F8C3
:10BB0000040BD9E7B8AE0600D8780020B0C2649B19
:10BB1000D4D2D38678E20AA032C6002010B50346FC
:10BB20000548826814688AB21946A0470028B4BF45
:10BB30006FF00400002010BDB8AE06002DE9F341FF
:10BB4000254CBFF35B8F1F462368BFF35B8F164600
:10BB5000DA0705462BD520B96FF0010002B0BDE829
:10BB6000F08101A927F0ABFF1C4980460246284618
:10BB70003EF0B7FEE8B9BFF35B8F2368BFF35B8F7E
:10BB8000C3F3C0081B0712D4A4F1D4050722294629
:10BB90003846B047062895BF44F8D48C0723C5F82B
:10BBA0000380B0FBF3F094BF85F80780E8710020B4
:10BBB000D4E728460A4942463EF093FE054600284F
:10BBC000CAD1102204F19C013846B0470028EEDBB0
:10BBD000044484F89C50EAE7D40000207FF006007B
:10BBE00064FB06002DE9F04188B09C79DDF83880CF
:10BBF0005D791E79DF7893F802C093F801E01B7835
:10BC0000B8F1000F0ED0CDE90638CDE904CE1346C9
:10BC1000CDE90267CDE90045084A1FF083FE08B070
:10BC2000BDE8F081CDE905E3CDE9037C1346CDE91C
:10BC30000156034A00941FF075FEF0E769FB060009
:10BC40008DFB060070B504468CB01E461546A2B1A9
:10BC500029B10A4602A8042127F081F802A900911F
:10BC60002B462246242103A8FFF7BCFF109A314639
:10BC700003A8FEF7F7FE0CB070BD0346044A24216A
:10BC800003A81FF04FFE0028F0DA6FF01500F2E76E
:10BC9000AEFB060007B5064B0648DA79C2EBC202D6
:10BCA000009200221146FFF7CDFF03B05DF804FBC0
:10BCB000000000207FF0060030B504468DB0154628
:10BCC00092B129B10A4602A8042127F048F802A936
:10BCD00000912B462246242103A8FFF783FF03A8E7
:10BCE00027F0C2FE0DB030BD0346054A242103A84B
:10BCF0001FF018FE0028F2DA6FF01500F2E700BF1F
:10BD0000AEFB060007B5009313460A4601460348FA
:10BD1000FFF798FF03B05DF804FB00BFA7FD060026
:10BD20000A4601460148FFF7C7BF00BFA7FD06004E
:10BD300007B5009313460A4601460348FFF782FF02
:10BD400003B05DF804FB00BFA1FD060007B500933A
:10BD500013460A4601460348FFF774FF03B05DF837
:10BD600004FB00BF92FD060007B5002203460091C8
:10BD700003481146FFF766FF03B05DF804FB00BF00
:10BD800099FD060007B500220346009103481146BD
:10BD9000FFF758FF03B05DF804FB00BF64FB06002B
:10BDA00008B5024824F03CFA002008BDB804002081
:10BDB00070B51D4CBFF35B8F2368BFF35B8F13F02F
:10BDC000010F254622D094F89C30A4F1D40613B973
:10BDD000164800F021FBF379D3B1BFF35B8F2368E2
:10BDE000BFF35B8F5A0701D400F010FBBFF35B8FEA
:10BDF00055E8003F23F4006245E800210029F7D10F
:10BE0000BFF35B8F1B0501D5FFF7CAFF002009E0D8
:10BE100001F096F830B9F379002BDED101F0A0F8EB
:10BE20000028DAD070BD00BFD40000201DFB060042
:10BE300007B5009313460A4601460348FFF702FF81
:10BE400003B05DF804FB00BFE6FD06000A460146AC
:10BE50000148FFF731BF00BFE6FD060030B50A4DCF
:10BE60000A4B85B000242846029303943EF01EF945
:10BE700002AB0093284606490A234FF4AF6224F030
:10BE8000D5F9204605B030BD40110020B7FB0600B3
:10BE900010DD00200146014824F006BA40110020C0
:10BEA000014601483EF0D7B8401100200378012B2D
:10BEB00030B513D0022B27D07BB9194B0A4603F1BA
:10BEC000100453F8045B42F8045BA342F9D11B78D9
:10BED000137043884B731B0A8B7330BD104B0A469B
:10BEE00003F1100453F8045B42F8045BA342F9D158
:10BEF0001B78137043684B73C3F307221B0CCB737F
:10BF00001B0A8A730B74E8E700F1100350F8042B46
:10BF100041F8042B9842F9D103780B70DDE700BF9C
:10BF2000C0FB060008B528F0C9F824F03FFC044B1C
:10BF30001B680BB10A209847BDE8084024F04ABCB2
:10BF4000E878002038B50546054827F01CFF044670
:10BF500020B101210C3027F077FF2576204638BD2F
:10BF60008C0D00200F2810B50ED80D280ED90B48C7
:10BF700027F009FF044628B101210C3027F064FFA7
:10BF800002232376204610BD1328F0D009B10448BF
:10BF9000EEE7BDE810400220FFF7D4BFB80D002047
:10BFA000080D002070B5C6683378B6F8014083B933
:10BFB0000F21204601F0C2FFF378054650B90A4A26
:10BFC000118831B96FEA04506FEA10501080074AA7
:10BFD000137070BD0373012101F02CFF2846BDE8EA
:10BFE000704001F0FDBE00BF64B3002033C60020E6
:10BFF00010B5084C0146062294F86F0002F04EFA84
:10C0000038B994F86F000449BDE81040052202F0E9
:10C0100045BA10BD000000204AFB060010B5012102
:10C0200004460C3027F042FF2146034A0078BDE861
:10C030001040002328F054B9F8BC060010B50121C7
:10C0400004460C3027F032FF2146034A0078BDE851
:10C050001040082328F044B9B8BC060070B52F483A
:10C0600027F0AAFE0446002857D0017E022932D0CC
:10C07000082902D1038A032B02D8FFF795FC20E0A0
:10C0800004210C3027F012FFFF22438806886276D5
:10C09000228AC6F30B009A42A08301D02046ECE727
:10C0A0000F2101F04BFF05460028F7D001F07AFF81
:10C0B000320B60762146284628F0B9FE284601F06A
:10C0C0008FFE174BD3F84C313BB3BDE87040154998
:10C0D00015483DF0C0BF038A012BCED90C3027F0A4
:10C0E000E5FE0546007828F05EF810F002060DD156
:10C0F0000E4A0F490F4840F6D33326F019FE86F357
:10C100001188BFF36F8F0323184602DF0A4A28788D
:10C110000623214628F0E4F8C0E770BD4C0100205A
:10C1200000000020D804002028120020D1FB0600C7
:10C1300005FC060033FC060088BC06002DE9F0472C
:10C14000884616468246002879D0BFF35B8FDFF819
:10C15000F890002359E8004F49E80032002AF9D14D
:10C16000BFF35B8F002C6AD02046FFF77DFB354D77
:10C170000C2303FB005027464388534511D0BFF3DF
:10C180005B8F59E8003F49E80072002AF9D1BFF3FC
:10C190005B8F002B53D01F463846BDE8F047FFF7B2
:10C1A00003BCA6420FD0204627F0E8FD04F10C099D
:10C1B000022301214846237627F046FE328AF168A1
:10C1C000484627F052FE2046FFF74EFB0C2606FBA2
:10C1D00000504368ABB1B8F1000F12D12046FFF711
:10C1E00043FB06FB005001214268D2E90003127AAA
:10C1F00003F01F06B1405B09DAB100EB830027F0C2
:10C20000E4FF2046FFF730FB0C2606FB0050836856
:10C21000002BC1D02046FFF727FB704305F80080B4
:10C220002046FFF721FB06FB0055A86823F0E4FD3C
:10C23000B2E7C94300EB830028F069F8E1E7BDE805
:10C24000F08700BFEC7800204801002010B5C1E95C
:10C2500000239DF808300B720C46FFF705FB034BDB
:10C260000C2202FB00335C6010BD00BFEC780020A4
:10C270002DE9F0474FF0FF3206464FF0FF331848E4
:10C28000884627F080FD044638B300F10C070121F1
:10C29000384627F0D9FD012323762046FFF7E4FA3C
:10C2A000104D4FF00C0909FB00504FF0000A46807A
:10C2B0002046FFF7D9FA09FB0050C0F808A0204635
:10C2C000FFF7D2FA09FB005503213846C5F804A050
:10C2D00027F0C5FD068080F802802046BDE8F08783
:10C2E000600D0020EC7800200138C0B202289ABF0F
:10C2F000014B185C0020704716FD060029289ABFE4
:10C30000014B185C09207047ECFC0600034B01460A
:10C31000D3F86C0182689268104700BF00000020CB
:10C320002DE9F843044600F10C06304627F0CEFD17
:10C33000B4F81080B8F1010F054604D82046BDE8D6
:10C34000F843FFF731BB3046022127F0AFFD074627
:10C35000007827F028FF10F0010906460DD10F4A9A
:10C360000F49104840F6F27326F0E2FC89F3118879
:10C37000BFF36F8F0323184602DF05230A4A38787C
:10C38000214627F0ADFFB307D8D56369A4F8108024
:10C3900013FA85F5E560BDE8F88300BFD1FB060020
:10C3A00050FC060033FC060060BC060038B50C46A5
:10C3B00024F0FCF9237E022B0AD0082B19D1214648
:10C3C0000F4827F0E4FC0F490F483DF044FE0BE016
:10C3D000E368187827F0E7FEC207054602D5204635
:10C3E000FFF79EFFAB07EAD4002424F0F3F92046C0
:10C3F00038BD2046FFF7D8FA6FF01504F5E700BF07
:10C400004C010020D80400202812002001480421FB
:10C4100027F0DBBED400002038B50546F9F7ECFE66
:10C420001028044615D80C482946F9F7D3FE70B1F8
:10C430002246294608483EF096F80848031900228B
:10C44000214600F5B87083F87021FFF79BFC0020AF
:10C4500038BD6FF00B00FBE77001002000000020EA
:10C460000048704770010020014823F0D9BE00BF8A
:10C47000C804002038B505460C4619B9FFF7F8FE88
:10C480000446A8B140F635439D4209D12046FFF746
:10C490003DFF054650B12046FFF786FA284638BDD5
:10C4A000054821463DF01FFDFFF7DEFF0025F5E7BB
:10C4B0006FF06805F2E700BF5401002038B502466E
:10C4C0000B46244DD5F8541109B9002038BD05F5A7
:10C4D000987023F0CBFC0028F7D10022002305F54B
:10C4E000AA7023F057FC044668B91B4A1B491C4834
:10C4F00040F6E23326F01CFC84F31188BFF36F8F03
:10C500000323184602DFD5F8480120B1FFF74CFAA3
:10C510000023C5F84831204627F064FCC5F84801DF
:10C520002046FFF7F3FE98B10E4823F065FC204645
:10C53000FFF79AF90C4B0C2202FB00301F214088B8
:10C540002246FFF7FBFD2046FFF72EFAFFF78CFF90
:10C550000120BBE700000020D1FB060069FC0600BB
:10C5600033FC060030010020EC7800202DE9F04F6C
:10C57000064687B015460C4631B9FFF779FE0446EA
:10C5800048B96FF068007BE0887AFFF765F9484B9F
:10C59000834240F086800122002168463DF0BCFCC9
:10C5A0002046FFF761F9DFF82C910C2303FB009084
:10C5B000C0F808D0204627F015FC01463D483DF064
:10C5C00092FCFFF751FF3EF089FB3B4B1A583B4B67
:10C5D0009A4222D1DFF8F0A0DFF8FCB035483DF0F8
:10C5E00097FC002180464FF4A020FFF767FF074625
:10C5F00088B94FF4D77352465946314826F098FB14
:10C600003048314626F094FB87F31188BFF36F8FD3
:10C610000323184602DF4445E0D14FF4A022002353
:10C62000684623F023FC074698B14FF4DA73264A94
:10C630002649234826F07CFB25483A46314626F019
:10C6400077FB002383F31188BFF36F8F0323184612
:10C6500002DF2046FFF708F90C23584319F8006061
:10C66000BEB12046093EFFF79FF9092E0ED8DFE83C
:10C6700006F01B0D0D0A050D0D0D0D186FF00B00CA
:10C6800007B0BDE8F08F6FF00C00F9E76FF0040021
:10C69000F6E715B12C600020F2E72046FFF784F999
:10C6A000F9E76FF01500EBE76FF06E00E8E700BF09
:10C6B000600D00205401002008000000503D0020C3
:10C6C00033FC060075FC0600D1FB060095FC060055
:10C6D0009EFC0600EC7800206DFC0600F7B5144BBC
:10C6E00093F99B30002B05460C461DDA14B9204601
:10C6F00003B0F0BD082C01AA4FF0000142F218006F
:10C70000264628BF0826FFF731FF0028F0D1019FF9
:10C71000F9683246013128463DF025FF3846FFF7DB
:10C7200043F93544A41BE1E76FF08500E0E700BF63
:10C730000000002010B5F9F7B7FE034B1B6813B1DA
:10C74000BDE81040184710BD1079002073B5274D83
:10C750000646D5F86C013DF0ECF900283FD06FF0AB
:10C76000020105F1D40027F0D2FD012127F02DFDB3
:10C77000C30737D427F033FC044668BB1C4B1E604C
:10C780000122114605F598703DF0C6FB05F5AA702B
:10C790003DF06BFB17483DF089FC174915480094A4
:10C7A0006FF0070340F6980223F040FD134911484B
:10C7B0003DF0E4FCD5F86C01114983681B6898478B
:10C7C000044648B926B902B0BDE87040F9F76CBE1E
:10C7D00005F1C40023F024FD204602B070BD6FF0C7
:10C7E0001204F9E76FF07704F6E700BF00000020BD
:10C7F000107900202812002088E20020E3FC0600C7
:10C80000ADC302002DE9F0435E4BB0F801801988FA
:10C8100048F4704291424FF0000608BF1E80054662
:10C8200008BF594B85B008BF1E7800F0CBF9EB78F4
:10C83000012B08BF554B05F1040420460CBF93F8AB
:10C840006F70002727F036FC2146B0B102A827F010
:10C8500026FCD5F81130CDF80130B5F81530ADF81B
:10C8600005304FF00109EB78012B1DD01321404614
:10C8700027F058FF05B0BDE8F083384628F0D2F81D
:10C880000346006802909A889B796868ADF80C208E
:10C890008DF80E30A288A37995F804900090ADF839
:10C8A00004208DF80630DEE702A8FFF7A1FBEB7845
:10C8B000012B04460AD100F095FC6FF08001074679
:10C8C000103027F024FD384628F037FA002CCDD060
:10C8D0002346B5F8012023F8702B02989DF80E200E
:10C8E000BDF80C1020679A719980B5F81730A4F83C
:10C8F0008630B5F81930A4F88C30B5F81B30A4F8A0
:10C900008E30EB78E37000222273012B40F201128B
:10C91000A4F8A02024D18DF80090BDF804209DF843
:10C9200006300098A4F87B2084F87D30C4F87700A6
:10C9300000F058FC237A154AC3EBC3039918D35867
:10C94000C4F87E308B88A4F882308B7984F88430E8
:10C95000D2E9381303F03F03194301D000F0E6FD9C
:10C960000721204601F066FA26B1267301212046F0
:10C9700001F060FA204601F045FB204601F030FA54
:10C9800078E700BF64B3002033C600200000002019
:10C9900000B5C3681A7889B032B13C2A32D109B0E7
:10C9A0005DF804EB27F0BFBC8DF80020B3F8012040
:10C9B000ADF80120DA788DF80320B3F80B20ADF83C
:10C9C0001720B3F80D20ADF81920B3F80F20ADF8FB
:10C9D0001B205A7C8DF81D20586801901A899B7A7B
:10C9E0008DF80A30094BADF8082068461A689B8814
:10C9F000CDF80B20ADF80F30CDF81120ADF8153083
:10CA0000FFF700FF09B05DF804FB00BF5EFB060006
:10CA100038B5032104460C3027F048FAE36805785E
:10CA2000B0F80100197840F6354398420AD0224602
:10CA3000FFF784FB35B1044823F0DEF9BDE8384048
:10CA4000FFF712BD38BD00BF3001002038B504210A
:10CA500004460C3027F02AFA4578017840882246AF
:10CA6000FFF76CFB35B1044823F0C6F9BDE8384048
:10CA7000FFF7FABC38BD00BF3001002070B54FF0A1
:10CA8000FF320D464FF0FF3300210646FFF76AFAEA
:10CA9000044660B90A4A0B490B48132326F048F9AB
:10CAA00084F31188BFF36F8F0323184602DF02213E
:10CAB00004F10C0027F0D3F906704570204670BDD4
:10CAC00019FD060069FC060033FC0600F8B50A4DA6
:10CAD000EF7906460024E3B29F4202D86FF00100CE
:10CAE00007E02946304627F0D4FE0735631C08B11D
:10CAF0002046F8BD1C46EEE70000002037B504468E
:10CB00000D46B9B11649284627F0C3FE90B915481D
:10CB1000C4EBC4042946204427F0C3FE124827F082
:10CB2000C7FE430703D5FFF73BF927F05AFA002069
:10CB300003B030BD684627F0A4FA0028F8D1684653
:10CB4000FFF7C4FF0028F5DA064BC4EBC400184415
:10CB5000694627F0A6FE002DE0D001462846DBE717
:10CB600051FB060000000020D400002070B5144ED8
:10CB70000622314604463DF0A4FED8B1062142F219
:10CB80000500FFF775FB0546B0B1062221460C30C3
:10CB900027F06BF90022294642F20500FFF7E6FC78
:10CBA00048B93346226843F86929A288B280012235
:10CBB00083F86820002070BD6FF06800FBE700BFBD
:10CBC000690000200A4BBFF35B8F53E8002F22F46B
:10CBD000806143E800100028F7D1BFF35B8F530555
:10CBE00004D504490022022004F044BD704700BF70
:10CBF000D4000020834A050007B50023CDE90003D7
:10CC000004496A46022004F035FD019803B05DF83E
:10CC100004FB00BF97490500F7B5054670B1464CC7
:10CC200094F8222194F823310AB19A4208D20133B0
:10CC300084F823312B7A43F004032B7203B0F0BD48
:10CC400000210222084601F029FC0646A8B1BFF3E4
:10CC50005B8FD43454E8003F43F4806344E80032EF
:10CC6000002AF7D1BFF35B8F2B7A43F001032B72BD
:10CC700003B0BDE8F04001F0B3B801462F4800F022
:10CC8000ABFA94F82331B3B994F8232194F8223104
:10CC90009A421FD10022114642F22900FFF766FC9A
:10CCA00070B994F82331013384F823312B7A43F09F
:10CCB00004032B7204E0304627F03CFE0028E3D04A
:10CCC000012027F037FE1E48002103B0BDE8F040E8
:10CCD00000F082BA2A466F1C12F82A0B394627F058
:10CCE000EDFD06460028EBD194F82331013384F89A
:10CCF00023312B7A43F004032B7294F8A7305B079F
:10CD0000DED53946684627F0CCFD0123082142F2E2
:10CD10004E008DF80730FFF7ABFA04460028CFD05D
:10CD2000694608220C3027F0A0F83246214642F22C
:10CD30004E00FFF71BFCC3E700000020ED49050093
:10CD4000654905002DE9F041054660B33C4C94F877
:10CD5000222194F82331F2B1013293421CDC0021EC
:10CD60000222084601F09AFB0646F0B1BFF35B8F42
:10CD7000D43454E8003F43F4806344E80032002A8E
:10CD8000F7D1BFF35B8F2B7A43F002032B72BDE820
:10CD9000F04101F025B813B1013B84F823312B7A1F
:10CDA00023F004032B72BDE8F0810146254800F012
:10CDB00013FA304627F0BEFD074688B994F82331B0
:10CDC00094F822219A4217D2013B84F823312B7A1E
:10CDD0001D4923F0040302462B72022004F04AFC92
:10CDE00094F8233113B1012027F0A4FDBDE8F041F0
:10CDF0001648002100F0F0B9072142F22800FFF7A1
:10CE000037FA05F1010806460028E9D007210C3061
:10CE100027F025F8414627F044FD3A46314642F2D4
:10CE20002800FFF7A3FB0028DAD194F82331013B57
:10CE300084F823312B7A23F004032B72D0E700BF50
:10CE400000000020ED4905001F4905006549050067
:10CE500070B5044611B16FF0150070BD80B11B496B
:10CE600027F017FD60B92046FFF730FE002827DACB
:10CE70002378012BEFD1A37903F0C003C02BEAD1B3
:10CE8000134DEB79012B1ED005F1D40027F010FDD6
:10CE9000C30707D4002CDED00C49204627F0F9FC4C
:10CEA0000028D8D1EE792146731C3046EB71FFF78C
:10CEB00025FE08B93046D0E7EB79013BEB71CCE7B2
:10CEC0006FF07700C9E76FF00B00C6E751FB060073
:10CED000000000202DE9F3410446D8B101AA002149
:10CEE00041F20900FFF742FB054698B9019E12493D
:10CEF000D6F80C8008F10107062238463DF0E1FC27
:10CF000028B10E49062238463DF0DBFC30B93046E8
:10CF1000FEF74AFD002002B0BDE8F081D8F80130EC
:10CF2000C4F80130BB88A4F8053030462570FEF700
:10CF30003BFD0120EFE700BF5EFB060058FB06004B
:10CF400007B56846FFF7C6FF044BD87118B16946AC
:10CF50000020FFF7D3FD03B05DF804FB00000020C4
:10CF6000F0B5294DEE7989B0002E46D195F8C23042
:10CF7000DB0722D56A4631464FF60940FFF7F6FA3D
:10CF8000D8B9DDF800C0DCF80C406378012B1E46F0
:10CF900028BF012673B1A31C02AA1234186859686D
:10CFA000174603C70833A3423A46F7D118683860DA
:10CFB0009B88BB806046FEF7F7FCEE7100241626C6
:10CFC0000127EB79E0B2834202D8B3B1002012E02E
:10CFD00008AB06FB0033694653F8182C33F8143CB1
:10CFE000CDF80120ADF805308DF80070FFF786FD13
:10CFF00001340028E5D009B0F0BD0021084609B091
:10D00000BDE8F040FFF724BF000000202DE9F0410B
:10D010000D4617461C460646002856D0002B54D015
:10D020000A03037808D56D074FD427F00FFD0028B9
:10D0300049D1012323700CE0E9072CD526480FB114
:10D04000AA0608D4C3EBC302825C012A12D002B93B
:10D050002270002037E090F8D820510638D5C3EB75
:10D06000C302825C012A05D002B92270237843F002
:10D070000203DFE74FF00108072111FB03810144A0
:10D08000304627F0DBFCF0B984F80080002FE0D0B8
:10D09000AB06DED5EAE76A0711D50F49C3EBC30239
:10D0A0008E5C012E08D1072212FB0363194427F07E
:10D0B000C5FC40B92670EBE7002EE9D1FAE727F06E
:10D0C000C5FC01232370BDE8F0816FF01500FAE77D
:10D0D0006FF08500F7E700BF00000020F8B5456855
:10D0E0006905064635D4046914B115F0010330D042
:10D0F000194F3078FB7983422BD9C0EBC000174918
:10D10000072238443DF0DDFBA8B115F0010306D13C
:10D1100097F87020082A02D8B2689F2A19D915F00A
:10D12000300F09D0ACB1EA060AD405F46035B5F584
:10D13000603018BF0120F8BDEB0601D4002CF4D1FB
:10D14000D6E902239A4204D81F2A02D9B3F5804FA8
:10D15000EBD90020EFE700BF0000002051FB0600E4
:10D1600008B50449072209303DF0ABFB003818BF71
:10D17000012008BD51FB0600F8B5154B067883F871
:10D180006F6004460D46FFF7EBFF70B9114930465A
:10D1900001F03EF9044610B96FF00B00F8BD05210F
:10D1A00000F048FE2C600020F8E704F1090739463A
:10D1B000304627F02FFF40B92078394601F028F992
:10D1C00004460028E8D00621EAE76FF01500E5E7FD
:10D1D000000000204AFB060003460148184700BF34
:10D1E0001800002000487047180000202DE9F04F7B
:10D1F000D1F810908DB09A460023B9EB030605468E
:10D200009048059218BF0126079327F05BFC0C4657
:10D21000410740F10C812046FFF760FF28B96FF00D
:10D22000150B58460DB0BDE8F08F204627F025FCC1
:10D2300080460028F3D005F11007384627F042FC5D
:10D240000206C0F3C01300F1F580CDE90933CDF833
:10D250002B30A3686068ADF82030E368ADF8223069
:10D2600027F021FC6FF480718DF82D00754827F0B0
:10D270002FFC754A23782B7082F86F3061680DF1AE
:10D28000250332462846FFF7C1FE83460028C8D151
:10D2900005F10903B9F1000F18D021690868C5F834
:10D2A00009008888988089799971204627F00EFDB9
:10D2B00063680646D8071BD49A0503D4169B0BB99E
:10D2C000022E56D102238DF8243023E05F4A1168E4
:10D2D000C5F809109188927999809A71204627F0B3
:10D2E000F5FC6368D9070646E6D58DF8249011E071
:10D2F00013F0100F0CBF012304238DF82430236991
:10D300001968CDF826109988ADF82A109B798DF808
:10D310002C30D8460F2142F20600FEF7A9FF8346C3
:10D32000002800F08A800F2208A90C3026F09DFD0D
:10D330000022594642F20600FFF718F900287FD173
:10D34000B9F1000F1BD06368DB0726D42846012102
:10D3500027F0CCFC079D8346002860D0002D3FF4C9
:10D3600060AF2846002100F065FD284600F038FD3A
:10D3700057E70323DDF858808DF82430CAE7179B60
:10D380000093CDE90186169B05995246284627F061
:10D3900026FC83460028D6D043E707A92846FFF796
:10D3A000EBFE83460028D1D010F10C0F7FF439AF8B
:10D3B000B9F1000F7FF435AF636898073FF531AFDF
:10D3C000626882F00202C2F3400B0BF001020E21F0
:10D3D000384627F0EBFB731E5A425A410821384663
:10D3E00027F0E4FBB11E4A424A413846092127F0A2
:10D3F000DDFB62680A2102F00102384627F0D6FB05
:10D4000042460B21384627F0D1FB62680D21C2F35A
:10D410008002384627F0CAFB4FF0000B01E715B138
:10D42000284600F0DDFCB9F1000FCED1C8E76FF05F
:10D430000A0BF6E66FF0770BF3E66FF0680BF0E699
:10D440008346EEE6D40000200000002051FB0600D9
:10D4500073B51546069A0C46CDE900322B460A46AE
:10D4600001461148FFF7C2FE21460646002340F25E
:10D4700001109D4202D1304602B070BD0A8882423E
:10D4800004D14A6812B11278D20702D401330831AC
:10D49000EFE7064906483CF00FFE4FF470220023E8
:10D4A000034822F05FFFE6E718000020414D050029
:10D4B0003000002010B5194827F03FFC18486FF4E1
:10D4C000804127F005FB164827F0FCFA03461A06B0
:10D4D000C0F3C01021D5124827F0F4FA430513D544
:10D4E0000E48FFF73DFE0F490346087E93B90E49EB
:10D4F000052200F0D3FF044630B10021017300F093
:10D5000099FC204600F06CFCBDE810400348002167
:10D5100027F0ECBB06222131EBE710BD18000020FC
:10D5200028000020000000204AFB060073B53248A6
:10D53000314C27F0C7FA10F4804F5AD0204627F01C
:10D54000C1FA030655D4204627F0BCFA460550D54B
:10D5500001A9A4F11000FFF70FFE002849D1A4F1A2
:10D560001000FFF7FDFD0246204627F0ABFAC0F39E
:10D570008031204627F0A6FA81F0010145054FEAE7
:10D5800041011D4848BF41F0010127F09BFA80048A
:10D5900048BF41F0040119480DF10303FFF736FDC0
:10D5A000054630BB1548012127F0A0FB019E28B994
:10D5B000304602B0BDE8704000F012BC294630464B
:10D5C00000F038FC6FF480410B4827F081FA0546E3
:10D5D000304600F005FC6B040BD5BFF35B8F54E8BD
:10D5E000003F43F4804344E80032002AF7D1BFF300
:10D5F0005B8F02B070BD00BF280000201800002023
:10D6000070B59AB03B4B03930021142204A83CF060
:10D61000D2FF44F2010309A8099327F093FB099B69
:10D62000059301A9344B069303A821F035FC10B3F0
:10D630001F25324BBFF35B8F53E8001F21F0010120
:10D6400043E80012002AF7D1BFF35B8F2C4E23F082
:10D65000ADF83468002C45D0002DA4F10404294D08
:10D6600018BF002523680BB1284698476468002C32
:10D6700038D0043CF6E7019802AB412209A93BF0FF
:10D6800075FB0028D4D1204A0DF125030DF1650169
:10D6900053F8040B42F8040B8B42F9D11B49019853
:10D6A00002AB20223BF007FB0028C1D101983BF0E0
:10D6B000B8FA05460028BBD11349124827F04FFBA2
:10D6C0001348203127F04BFBBFF35B8F114B53E81E
:10D6D000001F41F0100143E80012002AF7D1BFF308
:10D6E0005B8FA6E70023C6E9003323F073F81AB076
:10D6F00070BD00BF12710001000002091479002002
:10D700001C79002094C6002054C6002034C6002096
:10D71000B4C60020D400002030B5A7B004233D22B9
:10D72000002116A815933CF046FF2D4B07931422B9
:10D73000002108A83CF03FFF44F201030DA80D931F
:10D7400027F000FB0D9B0993264B0A93264905AB56
:10D75000202207A83BF036FBD8B16FF0040423F079
:10D7600025F8224B1D6885B100201860204BBFF3BF
:10D770005B8F53E8001F21F0020143E80012002AEA
:10D78000F7D1BFF35B8F24B3A84723F023F827B06A
:10D7900030BD184B0DF1550203F14000194653F806
:10D7A000044B42F8044B8342F9D106AB0293202389
:10D7B000CDE900130B480599412315AA3BF047FC1E
:10D7C0000028CAD105983BF02CFA04460028C6D0A0
:10D7D000C3E70DA8074927F0C2FA0DA8D4E700BF98
:10D7E000127100010000020934C6002018790020DF
:10D7F0001479002054C6002008B5044940223DF0A9
:10D8000060F8B0FA80F0400908BD00BF4FFD060087
:10D8100010B598B014220446184B0193002102A8B9
:10D820003CF0C9FE4FF4804307A8079327F08AFA1B
:10D83000079B0393124B0493214604230DF11D0013
:10D840008DF81C3027F08BFA04F120010DF13D001A
:10D8500027F085FA6B46412207A901A83BF0B2FAEE
:10D86000044601A83BF051FD2CB900983BF0D9F9D2
:10D87000012018B010BD0020FBE700BF12410001DD
:10D880000000020910B5002837D0204A136823B1E0
:10D89000043B834234D05B68F9E71D4BBFF35B8FD9
:10D8A0001968BFF35B8F89072DD414684460011D8C
:10D8B0005068116000B95160BFF35B8F53E8002FCF
:10D8C00042F0010143E800100028F7D1BFF35B8F5D
:10D8D000D30701D5002010BD0E4BBFF35B8F53E87B
:10D8E000001F21F0100143E80012002AF7D1BFF316
:10D8F0005B8F0948FEF7D4FAECE76FF01500EAE712
:10D900006FF07700E7E76FF00F00E4E71C79002085
:10D9100014790020D4000020F8040020054BBFF348
:10D920005B8F1B680448BFF35B8F13F0100F08BFB9
:10D9300000207047D400002094C6002070B5054632
:10D940001E4803688B4232D0BFF35B8F1C4B1B68B1
:10D95000BFF35B8FDA062DD5036813B16FF00F00AC
:10D9600070BD184ABFF35B8F1368BFF35B8FDB0793
:10D97000F4D4BFF35B8F52E8003F43F0020442E867
:10D980000046002EF7D1BFF35B8F13F00204E5D100
:10D9900001600D48294627F0E2F90C4805F1200105
:10D9A00027F0DDF90A48FEF77BFA2046D8E76FF04A
:10D9B0007700D5E76FF07C00D2E700BF1879002030
:10D9C000D40000201479002054C6002074C6002022
:10D9D000E804002070B50C4B1C68054644B154F8AF
:10D9E000203C203C13B1297B28469847246AF5E760
:10D9F000064C074EB44200D370BD236813B1297B97
:10DA0000284698472434F5E75879002048B30600A3
:10DA100048B3060010B50446FDF726FF044901EBA4
:10DA20000011204626F087FBBDE81040FEF71CBD24
:10DA30002479002070B5D1E9015600220446C1E9DD
:10DA4000012206483CF04FFA3DB1314620462B46B4
:10DA50006FF06D02BDE87040184770BD800C00206B
:10DA600070B5002205460E46094800230021FDF747
:10DA70001DFF044658B1FDF7F7FE064B324603EB97
:10DA8000001329462046BDE8704026F02FBB70BD2C
:10DA9000340D00202479002070B505460F4800227F
:10DAA000002322F0E3F9B8B90D4B1C6834B154F8E7
:10DAB000183C203C03B19847246AF7E7094C0A4E0A
:10DAC000B44204D32846BDE8704022F0A9BBA36845
:10DAD00003B198472434F3E770BD00BF680C002001
:10DAE0005879002048B3060048B306002DE9F843F2
:10DAF000DFF85480044620270025EFF3118387F3D5
:10DB00001288BFF36F8FE16929B983F31188BFF3DE
:10DB10006F8FBDE8F883206A0A68E261814208BF1E
:10DB2000226283F31188BFF36F8FD1E90169404608
:10DB3000C1E901553CF0D7F91EB100224946204603
:10DB4000B047FEF791FCD8E7800C002030B5437B4E
:10DB5000072B85B004463CD1BFF35B8F043050E8FF
:10DB6000003F43F4806240E800210029F7D1BFF371
:10DB70005B8F5D052DD427F016F9C10323D5164D13
:10DB800095F8D930DA0709D5022300211A46009109
:10DB9000204626F024FE637B072B1AD195F8D83057
:10DBA0009B0616D526F034FC98B10DF10E0103A8A2
:10DBB00026F0A0FD68B9BDF80E20BDF80C10204677
:10DBC00026F0EFFD05E0204626F0D1FD637B072B14
:10DBD000D5D005B030BD00BF000000200448B0F82B
:10DBE0000431002B00F5847008BF0020704700BF8F
:10DBF0000000002030B504463DF070F80D460C4999
:10DC00000C4A095891428BB005D120460BB0BDE8B3
:10DC10003040FFF76BBF2434214610463CF01BFA1E
:10DC20001DB1694620463CF026FA0BB030BD00BF5E
:10DC300008000000503D002038B5002204468A420A
:10DC400002D10024204638BD04F1C8030120BFF3EF
:10DC50005B8F53E8005F002D04D143E8000CBCF15A
:10DC6000000FF6D1BFF35B8F02D0D0340244E6E759
:10DC7000002CE6D0C822002120463CF09CFC04F198
:10DC8000400004493CF018FA034904F124003CF038
:10DC9000C6F9D7E749E50200E14D050038B5012195
:10DCA000044600F1BC03BFF35B8F53E8002F43E849
:10DCB0000015002DF9D1BFF35B8F52B927F016F98B
:10DCC00022F074FD054804F1B80127F052F822F063
:10DCD00081FDBDE83840FEF7C7BB00BF240100202E
:10DCE00070B53C4B5A8B32B13B4DD5F8244134B919
:10DCF0000024204670BD1B68002BF5D1F8E754F8CE
:10DD0000B83903B1B83B3549002601E01C4613463B
:10DD1000B5F80421002A5AD0D5F810214AB904F1E7
:10DD2000B806002BE4D0D3F8B820002AEED0B83AD9
:10DD3000ECE70A68002AF2D0D4F8A420002AEED03A
:10DD4000D4F8A820002AEAD0D4F8AC20002AE6D0E3
:10DD5000637B072B0DD12046904750B104F1C000E2
:10DD600027F021F8022804DC2046BDE8704027F0A7
:10DD7000BDB8D4F8B83004F1B80206BBD5F8281104
:10DD8000C5F824318A4201D1C5F828310022C4F8EF
:10DD9000B82004F1BC03BFF35B8F53E8001F43E8D6
:10DDA00000200028F9D1BFF35B8F2046D4F8AC30B7
:10DDB000984700289DD02046FFF770FF99E7336011
:10DDC000D5F828319A4208BFC5F82861DEE7936884
:10DDD000FFDE00BF340D002000000020800C00207A
:10DDE00037B5C83010F8C65C10F8C54CBFF35B8F70
:10DDF00050E8003F5A1E40E800210029F8D1BFF347
:10DE00005B8F01A8019326F0CEFF01280BD10748B4
:10DE100021F0F2FF064822F003FA012D03D1012C74
:10DE200001D1FFF783FB03B030BD00BF680C0020B9
:10DE30001805002070B5457B8D42044678D04173AB
:10DE400025B98378082B01D027F050F8637B012B8C
:10DE500009D1384D05F584766169002956D1BDE8B0
:10DE60007040FEF701BB072B09D0002B60D1A378CF
:10DE7000042B1AD12046BDE87040FFF7B1BFA3784C
:10DE8000042B55D02C48002123F0BEF80023C4E910
:10DE90000D33E378012B4BD104F140004FF42032D5
:10DEA000BDE87040002322F029BA082D40D801A314
:10DEB00053F825F031DF0200D9DE0200FFDE020058
:10DEC00075DE020075DE020075DE0200FFDE020074
:10DED00031DF020031DF020004F1400528463CF04A
:10DEE000F7F820460121FFF785FE204626F096FF31
:10DEF00028460022BDE87040002322F033BA237B7D
:10DF0000002BB7D02046FFF765FDB3E7A2690B6889
:10DF10006361914208BFA3612046FFF78BFDB5F80E
:10DF20000431002B14BF3046002021F065FF93E739
:10DF300070BD00BF000000202805002010B502467B
:10DF40000C460748012126F0ECFF034610B90023D8
:10DF5000184610BD82781442FAD1FFF741FFF6E768
:10DF600010130020F8B5074609480D46164626F05E
:10DF7000BDFF044650B183781F4203D1BDE8F8408D
:10DF8000FFF72EBF3146A8472046F7E7F8BD00BF90
:10DF900010130020024900220120FFF7E3BF00BF59
:10DFA0004DDB0200034BC01A034B00115843C0B2B3
:10DFB000704700BF10130020C54EECC470B51C465E
:10DFC000144305460E4608D03CF088FE0A4908581E
:10DFD0000A49884204BF002213460949002D14BF94
:10DFE0002846084625F0CFFE044618B1711D0C30B6
:10DFF00025F02AFF204670BD08000000503D00209B
:10E00000B00C002010B50446054822F009F920465E
:10E0100000F048FB2046BDE81040FFF7DBBC00BF26
:10E02000080500202DE9F04F85B0002301930393EC
:10E03000FFF756FE044668B1427BD0F8A430072AA9
:10E0400017D002AA4FF0FF319847014628B9204661
:10E05000FFF7C6FE05B0BDE8F08F039B019A20468E
:10E0600026F0A7FED4F8A43002AA4FF0FF312046D4
:10E07000EAE7DFF8689102AAB9F804119847054663
:10E080000028E4D0B9F80421029B9A4206D3014645
:10E09000D4F8A86003AB01AA2046B0472B8A039EA0
:10E0A000DDE9018B002B00F08A80284626F059F824
:10E0B0008246002840F08380B9F804314548002B9F
:10E0C00008BF00200022002321F0D0FE002876D1D6
:10E0D00041480022002321F05DFE074600286ED053
:10E0E000C0E90186B9F804612B8AB34598BF1FFACD
:10E0F0008BF6B34242D9284625F074FE3146FFF72D
:10E10000AFFCB9F8043194F8C4809B458CBF4FF044
:10E11000010A08F1020884F8C4A0064698BF5FFA15
:10E1200088F804F1C00ABFF35B8F5AE8003F01335F
:10E130004AE80032002AF8D1BFF35B8F04F1140BD8
:10E140003946584626F015FEA378012B19D1042133
:10E1500006F10C0025F09AFE238808F0FD0843EA3A
:10E1600008330380338A043B4380042333763046EC
:10E17000FEF7CCF828B9FEF777F968E7314628466C
:10E18000BDE7BFF35B8F5AE8003F013B4AE800322E
:10E19000002AF8D1BFF35B8F3946584626F023FE9C
:10E1A0003046FDF701FC20463946FFF743FCB9F83D
:10E1B00004310848002B08BF002021F01DFE29462D
:10E1C0002046039B019A26F0F4FD1321204626F0F9
:10E1D000CAFE3CE708010020800C0020000000205F
:10E1E000F8B5031D0446184626F0DDFD820419D556
:10E1F000B4F88620B4F88810914213D8B4F88A1085
:10E2000091420FD3D4E9231291420BD1BFF35B8F1C
:10E2100053E8001F21F4005143E80012002AF7D10F
:10E22000BFF35B8F104B1D686DB155F8106C203D2E
:10E230003EB1B4F88E30B4F88C20B4F88610204685
:10E24000B0472D6AF0E7094D094FBD4200D3F8BD34
:10E250002E693EB1B4F88E30B4F88C20B4F8861034
:10E260002046B0472435F0E75879002048B306002F
:10E2700048B30600F8B50F4B1C6805465CB1203C5E
:10E2800000F1A006E36913B1314628469847246A95
:10E290000CB1203CF6E7084C084E05F1A007B4424B
:10E2A00000D3F8BDE36913B13946284698472434B2
:10E2B000F5E700BF5879002048B3060048B30600D0
:10E2C0002DE9F041074608460D4626F0C2F80646FD
:10E2D00018B900263046BDE8F081144B1C6884B1A3
:10E2E00054F8143C203C0BB9246AF8E72946384618
:10E2F00098470028EDD0284626F0ABF80028F3D147
:10E30000E7E70B4CDFF82C804445E3D2E3680BB918
:10E310002434F9E72946384698470028D9D02846BA
:10E3200026F097F80028F3D1D3E700BF58790020F2
:10E3300048B3060048B306002DE9F041C37804460F
:10E340008BB900F17E06114B1D687DB1203D04F1B3
:10E3500070076B691BB13A463146204698472D6AD3
:10E3600025B1203DF5E700F17706ECE7084D094FB0
:10E3700004F17008BD4201D3BDE8F0816B691BB1A7
:10E3800042463146204698472435F3E75879002025
:10E3900048B3060048B30600F8B5437A83720546D1
:10E3A000164626F05FFF0D4B1C684CB154F8083C34
:10E3B000203C1BB1697A324628469847246AF4E724
:10E3C000074C084FBC4200D3F8BDA3691BB1697A62
:10E3D0003246284698472434F4E700BF5879002095
:10E3E00048B3060048B3060008B5084B1A6800F1A8
:10E3F000200122B9054826F0BCFC104608BD914218
:10E4000001D01268F5E76FF01000F7E758790020A7
:10E4100038B505460C460F480121FFF70DFCC0B189
:10E42000057223680367A388A0F87430A37980F885
:10E4300076300123437283728370074BC0F8A43097
:10E44000064BC0F8A830064BC0F8AC30054BC0F8FE
:10E45000883038BD101300207DE70200934D050081
:10E46000874D05001800280070B505460A480E467D
:10E4700026F03CFD044620B18378012B04D0FFF741
:10E48000AFFC0024204670BD3246294626F0A2FD8E
:10E490000028F7D12046F2E710130020F8B5054612
:10E4A0000E480E46174626F021FD044620B183781B
:10E4B000012B03D0FFF794FC00240DE036B1324667
:10E4C000294626F087FD08B92046F3E7637BBB4267
:10E4D000FAD1237AAB42F7D12046F8BD10130020C1
:10E4E00038B5044608460D4625F0B3FF38B3154B42
:10E4F00093F8D830990707D4E37873B129462046BA
:10E50000BDE8384000F0A0B994F894309A07F3D5EC
:10E51000201D26F048FC4304EED42946204626F070
:10E52000D6FD58B92B88A4F888306B88A4F88A30B7
:10E53000AB88A4F89030EB88A4F8923038BD6FF027
:10E540001500FBE700000020F7B510F8333C044647
:10E55000A0F140060BBB304626F06CFE2A4B1D682E
:10E560004DB155F81C3C203D1BB114F8341C30460D
:10E5700098472D6AF4E7254D254FBD4205D3304617
:10E5800003B0BDE8F040FFF72BBC6B681BB114F87B
:10E59000341C304698472435EFE710F83E3C012BF9
:10E5A00030D1BFF35B8FA0F13C0555E8003F23F469
:10E5B000005245E800210029F7D1BFF35B8F9B048F
:10E5C00014D5A36C00936946236D01933046FFF781
:10E5D00087FF58B9BFF35B8F55E8003F23F48053A2
:10E5E00045E80032002AF7D1BFF35B8FBFF35B8FA2
:10E5F00055E8003F43F4006345E80032002AF7D1B4
:10E60000BFF35B8F03B0F0BD5879002048B306001C
:10E6100048B3060008B568B1094B1A6800F10C014F
:10E6200022B9074826F0A5FB104608BD914204D048
:10E630001268F5E76FF01500F7E76FF07700F4E781
:10E640006079002010B50C483BF00FFC0B490A48DC
:10E650003BF049FC0A4908483BF045FC094906489B
:10E660003BF041FC27F030FB02F0AEFF044608B956
:10E6700026F0C0FE204610BD800C0020347900201A
:10E68000407900204C790020044B186818B9044ADE
:10E690005A600B6070476FF00B0070476C79002078
:10E6A00028BD0600F7B5274D274F04460026BD427A
:10E6B00001D303B0F0BD6B6801A92046984700283C
:10E6C0003BDB019B2A889A829A8403F11002A86896
:10E6D000BFF35B8F52E8001F42E8006CBCF1000FF3
:10E6E000F8D1BFF35B8FC3E913669E649E60A16B94
:10E6F00003F1080219BBC4E90D221C60D86003F1C4
:10E7000030003BF0B2FB019843681B6803B19847A7
:10E71000019BBFF35B8F103353E8001F41F00101F1
:10E7200043E80012002AF7D1BFF35B8F01984368DA
:10E73000DB6913B100F1100198470C35B7E70A60A7
:10E74000A263DAE724B3060048B3060030B50446F6
:10E7500052EA030008D03CF0C1FA064D2D58064895
:10E76000854204BF0022134620460431BDE83040F4
:10E77000FFF724BC08000000503D00202DE9F843BD
:10E78000D0F8B0400E4690464CB1483C236B63B184
:10E7900004F1300948463BF0BBFB054650B9FDF794
:10E7A00063FE00252846BDE8F883204626F0DAFC03
:10E7B000A46CE9E725F0D5FC0028F2D1236D9BB9C4
:10E7C000A38C2F8A403B9BB23F2B03D8238D9F42C3
:10E7D00028BF1F46042105F10C0025F057FB0780D8
:10E7E000A38C438004372765236D2A8A9E420ED36B
:10E7F000934215D0A38C403B9BB23F2B1ED92046A1
:10E8000026F0B0FC236B13B1204626F08AFC236D62
:10E81000C8F800309E4234BF9E1B00262665C1E723
:10E8200000220023484621F0B5FAA38CA3F1400250
:10E830003F2AE4D8034AAA61EB61E0E700221346CD
:10E84000F9E700BF1B53050070B5124B0C46197851
:10E850000131C9B2012938BF012105460822122021
:10E86000197026F01CFD064688B108210C3025F0F1
:10E87000F6FA2288028062884280A2888280E2883A
:10E88000C28031462846BDE8704026F053BD6FF087
:10E890000B0070BDD4C6002023281FD81A2804D826
:10E8A000431E182B0ED906207047A0F11B03082B1E
:10E8B0001ED8DFE803F0051D1B231D19251D0500CB
:10E8C000032070470F4A012383401A40C2B90E4A01
:10E8D0001A40002A14BF01200620704700F07F0371
:10E8E000522B05D10020704701207047052070474A
:10E8F00010F0400F0CBF0620002070470420704726
:10E9000002207047AAAA8A025455450170B50E46E6
:10E91000438D418B8B4202F1010228BF0B469A4284
:10E9200005461ED83046FFF7B7FF022810D004284E
:10E930000ED03CF0D3F9144B1958144B994213D014
:10E94000134B1B685A1A18BF4FF0FF32134602E0F0
:10E950004FF4702200230F480021FFF7F7FE044612
:10E9600020B90024204670BD0022EFE7FCF77CFFB1
:10E97000094B182202FB0033012104F10C009D60B9
:10E9800025F06DFA0670EDE708000000503D00200C
:10E99000087A0020DC0C0020C0790020011F01480B
:10E9A0003BF07AB9D40A002010B500F154030446B4
:10E9B000BFF35B8F53E8001F41F0010143E80012F1
:10E9C000002AF7D1BFF35B8F201F26F073FE04F1FE
:10E9D000740004493BF070FB2068BDE8104001F072
:10E9E0004BBE00BF7B5D050070B503788AB004465E
:10E9F0000E4607AD032B20D8DFE803F002191B1DDC
:10EA000011492846F7F7F0FB059563780493A3783E
:10EA10000393E37802932379019363790093A379B5
:10EA20000A4A1E2130461CF07DFF0AB070BD08491D
:10EA3000E7E70849E5E70849E3E7084A0A212846E5
:10EA40001CF070FFE0E700BF6AF0060093F00600DC
:10EA500071F0060078F0060082F006008CF00600E7
:10EA60002DE9FF4105460E464FF000084FF42053B4
:10EA7000006817688DF8088002A91446ADF80A30BE
:10EA800025F0B1FAA0B142F6010328688DF80C8098
:10EA900003A9ADF80E3025F0A6FA48B123691BB1E1
:10EAA0005A88B24200D25E80012004B0BDE8F081F5
:10EAB0006168286825F097FA10B100232361F3E715
:10EAC000E368A0681A786AB1B7F82AC0798B038A1C
:10EAD0008C4594BFC3EB0C03C3EB0103934201DAF3
:10EAE0000020E2E704210C3025F0B9F9206106800E
:10EAF00023695E80074B00930194A2680023294696
:10EB0000384626F01AFE0028EADB2069003818BFD4
:10EB10000120CAE71B570500F7B5002304460E463F
:10EB20002B480022694620F07FFF0546D0B93CF013
:10EB3000D5F8284B009F1A58274B29461A60381DD4
:10EB400028223BF038FD3C60009C24480195C4E934
:10EB50000155C4E909550022002301A920F064FFF2
:10EB6000054620B16FF00B05284603B0F0BD019BB0
:10EB70000146B02218463BF01EFD194A8260603003
:10EB80003BF073F9019BBFF35B8F583353E8002FC1
:10EB900043E800510029F9D1BFF35B8F019B1C6052
:10EBA000636A019F1BB904F10C003BF05EF9626AD5
:10EBB000C7F8A820A26A07F1A803636202B9A3629A
:10EBC000019B17225A855A8304333360CCE700BF78
:10EBD000B80A002008000000087A0020D40A0020AB
:10EBE000380500202DE9F743176805468846006878
:10EBF00051687E68144625F0F6F98146002842D116
:10EC000030469522294627F074FC0646207540B10F
:10EC1000E3681B780BB184F81490002003B0BDE8C2
:10EC2000F083A06825F0E2F802210C3025F017F9F6
:10EC3000164B2061A0F8008000930194A26833462F
:10EC40002946384626F079FD002807DA10F1FF0F33
:10EC500026BF4042C0B20E202075DEE72369002B9C
:10EC6000DBD0A06826F0D1FB7B8D7A8B9A4294BFD3
:10EC7000C0EB0200C0EB0300E3681B78984294BF2E
:10EC800000200120CAE70120C8E700BF1B5405008F
:10EC90002DE9F74F064608460C46FCF7E5FDDFF880
:10ECA00098801823434308EB03020546D2F808A0D6
:10ECB000E068BFF35B8FB16DBFF35B8FC90738D5D9
:10ECC000E16809781171002248F803200378D22BFB
:10ECD0000ED133682146186828F040F840B1019001
:10ECE0002046FCF761FE019B184603B0BDE8F08F9B
:10ECF00004F10C0025F0EAF818235D4308EB050940
:10ED000000231A4607462146301DB4F810B0C9F852
:10ED1000086026F0DAFA03460028E5D06269A4F814
:10ED200010B012FA87F7E76048F80500C9F808A0A4
:10ED3000DAE76FF01503D7E7C07900202DE9F14F2E
:10ED40000546FCF791FD3349182202FB00F3C81871
:10ED500051F803A00779B0F80680D0F81090002190
:10ED6000D0E902463BF027FCA87AFCF775FD6969FB
:10ED7000834651B16B7AD80705D4DBF824301B6881
:10ED800028469B68984700236B61294658463BF00C
:10ED9000B5F8002F31D084B3236873B31B6863B315
:10EDA000BAF1000F29D1201D26F08DFE3846FFF75D
:10EDB00073FD052821D8DFE800F016032016200394
:10EDC000BFF35B8FA36DBFF35B8FDA0715D5E36DE0
:10EDD0009BB14FF47022002304F1780001B0BDE82C
:10EDE000F04F21F0BFBA23681D68BFF35B8FA36D9E
:10EDF000BFF35B8FDB0700D556B901B0BDE8F08FDC
:10EE000049462846B0470134A3B29845F8D8F4E7FC
:10EE10000024F9E7C0790020F8B50B8A076804469A
:10EE20000D46002B39D0012105F10C0025F03EF8EC
:10EE30007B7B072B064630D154F8043C6BB301783A
:10EE40001748043C002310F833708F4200EBC302D4
:10EE500008D1298A53789778994213D2012F1CD16F
:10EE6000042317E001330E2BEDD10846FFF714FD04
:10EE700098B1052811D081B106230022204626F042
:10EE800066FE0AE05368294620469847012F03464C
:10EE900003D110B131780029EFD10020F8BD00BFB7
:10EEA00050BD0600F0B51E4603680D46003987B018
:10EEB000044618BF01211868174627F01EFC40B908
:10EEC00004F1580026F0FBFC002844D0002007B0D5
:10EED000F0BD002E41D01822002168463BF06BFBAC
:10EEE00047BB23681E4A1B6800930023ADF812300D
:10EEF0000C9B0393BDF83430ADF8103001238DF82E
:10EF0000143031466B4630468DF8085026F0C8FA6A
:10EF10009DF81430C3B1002FD8D00198FCF744FD00
:10EF20009DF81430002DD1D032462946204626F0D7
:10EF30000EFECBE7002239462046FFF7E7FC0190A2
:10EF40000028CED11120C2E701990029BED0204669
:10EF500026F0EFFDBAE71220B9E70120B7E700BFBE
:10EF60003F540500F8B54FF47022074600230D48C2
:10EF70000E4624F008FF044690B100F10C0509216B
:10EF8000284624F061FF2046FCF76EFC064B182251
:10EF900002FB0033012128469F6024F060FF0670C9
:10EFA0002046F8BDDC0C0020C07900202DE9F0419E
:10EFB0000E8A043EF6B2022E04468CB0084601D0FA
:10EFC000102E64D104210C3024F070FF0DF10808DC
:10EFD00005884788011D3246404625F032F8002852
:10EFE00057D09DB3002687B3BD422FD84FF420538E
:10EFF00001A940468DF80460ADF8063024F0F3FF17
:10F0000040BB1422002107A83BF0D5FA112120466D
:10F01000FFF7A8FF0990002837D001210C30CDE977
:10F02000074824F01CFF00230A901B4A037039464E
:10F030000B93284607AB26F033FA0A9B1B78FBB9E3
:10F040000998FCF7B1FC0A2301E03D4601232A465A
:10F0500010210EE042F6010307A940468DF81C601E
:10F06000ADF81E3024F0BFFF0028CAD010232A4676
:10F070001946204626F06BFD00200CB0BDE8F0815B
:10F080000999204626F055FDF6E71120F5E7042002
:10F09000F3E70E20F1E700BF61EA02002DE9F0433B
:10F0A000036885B004460D461868012127F025FB4A
:10F0B00040B904F1580026F002FCB0BB122005B0A4
:10F0C000BDE8F0831022002168463BF074FA21214C
:10F0D0002046FFF747FF029048B3DFF858900094AE
:10F0E00005F10C074FF001082B8A012B04D8029977
:10F0F000204626F01EFD18E0384624F0DFFE6B4661
:10F100004A46014606468DF80C8026F0C9F99DF85E
:10F110000C30002BE8D00298FCF746FC9DF80C3030
:10F1200032462021204626F012FD0020C7E711209C
:10F13000C5E700BF235905002DE9F043036885B0FA
:10F1400004460D461868012127F0D7FA40B904F1AA
:10F15000580026F0B4FBB0BB122005B0BDE8F08328
:10F160001022002168463BF026FA0F212046FFF7C7
:10F17000F9FE029048B3DFF85890009405F10C07AF
:10F180004FF001082B8A012B04D80299204626F063
:10F19000D0FC18E0384624F091FE6B464A46014602
:10F1A00006468DF80C8026F07BF99DF80C30002B7C
:10F1B000E8D00298FCF7F8FB9DF80C3032460E219F
:10F1C000204626F0C4FC0020C7E71120C5E700BF99
:10F1D000DD580500F0B51D46036885B004460E46AF
:10F1E00018680121174627F088FA38B904F1580049
:10F1F00026F065FB48BB122005B0F0BD65B31022B8
:10F20000002168463BF0D7F939462046FFF7AAFEB1
:10F21000029018B3BDF82830ADF8043001238DF802
:10F220000C300F4A00946B462946284626F038F9E0
:10F230009DF80C305BB10298FCF7B6FB9DF80C30E2
:10F240002A463146204626F082FC0020D4E7029967
:10F25000204626F06EFCF8E70120CDE71120CBE731
:10F26000DD5805002DE9F0410E8A043EF6B2022E6B
:10F2700004468CB0084601D0102E76D104210C3003
:10F2800024F014FE0DF1040805884788011D32465C
:10F29000404624F0D6FE002869D085B377B3BD423E
:10F2A0002DD86068012127F028FA064678BB8DF832
:10F2B000000042F6020369464046ADF8023024F0F1
:10F2C00092FE20B342F6030306A940468DF818606B
:10F2D000ADF81A3024F087FEC8B1012D03D14FF6E6
:10F2E000FF739F4213D004F1580026F0E8FA00287B
:10F2F00014BF002012200CB0BDE8F0813D46012370
:10F300002A460821204626F022FC0020F3E7182296
:10F3100000210DEB02003BF04EF909212046FFF7DA
:10F3200021FE0890F8B101210C30CDE9064824F007
:10F3300096FD0023099003700A238DF82C300D4AA6
:10F3400006AB3946284626F0ABF89DF82C302BB199
:10F350000898FCF729FB9DF82C30D1E70899204646
:10F3600026F0E7FBD1E71120C5E70420C3E70E2014
:10F37000C1E700BFE5EB02002DE9F0430F4687B07F
:10F380000446062107F10C0024F090FD0588B0F832
:10F3900002808288D7F80C90C5B10023B8F1000F25
:10F3A00013D0A84512D38DF800308DF8043001A990
:10F3B0004FF420536846ADF80220ADF8063024F033
:10F3C00012FE064660B10A2301E0454601232A46A3
:10F3D0000621204626F0BBFB002007B0BDE8F083E5
:10F3E0000146142201A83F7C3BF0E5F807212046A6
:10F3F000FFF7B8FD0290D8B10A238DF815300D4AF9
:10F40000019401AB41462846CDE903698DF814709B
:10F4100026F046F89DF815302BB10298FCF7C4FA97
:10F420009DF81530D3E70299204626F082FBD3E7FA
:10F430001120D2E7B75405007FB5CB681D885E88E0
:10F44000044685B176B1AE420DD310220021684644
:10F450003BF0B1F805212046FFF784FD019058B933
:10F46000112007E0354601232A460421204626F0D4
:10F470006EFB002004B070BD6B46094A0094314613
:10F48000284626F00DF8029B23B90198FCF78CFA68
:10F490000A23E9E70199204626F04BFBE9E700BF84
:10F4A000FD55050013B50B46002101910E4902469A
:10F4B0003BF014FC0C680D4909580D488C4208BFFC
:10F4C000002201A908BF134620F0AEFA014640B958
:10F4D000019B1C2218463BF06EF80346184602B00A
:10F4E00010BD0023FAE700BF087A002008000000E2
:10F4F0000C0B002010B50446806818B1FCF754FAD4
:10F500000023A36021460248BDE810403AF0C4BB86
:10F510000C0B00202DE9F347044678300E461746C1
:10F520001D463AF0D5FDE06D30B9204626F010FCBE
:10F53000002002B0BDE8F087124B98424FF000085F
:10F5400005D12068C4F85C8026F075FAF0E7D0F8A1
:10F550000490C0F80480E06DD0F818A0FFF7CAFF4F
:10F560002068C4F85C8026F066FAB9F1000FDFD09D
:10F570002068CDF800A000683B4632462946C847BF
:10F58000D6E700BF0C7A0020F7B550F8044C0546CA
:10F59000002C59D000F1A40104F1240026F074F9E4
:10F5A0002E1F05F15C0700220023384620F0F2FBF5
:10F5B000024678BBAB6D2BB101466FF06703304656
:10F5C000FFF7A8FF002345F8043C05F15403BFF3FF
:10F5D0005B8F53E8001F21F0010143E80012002A6D
:10F5E000F7D1BFF35B8F636A73BB04F10C06002293
:10F5F0000023304620F0CEFB78B9666886B9134800
:10F60000266021463AF048FB286803B0BDE8F04088
:10F6100001F0E6B8FCF7C8F9C5E7FCF7C5F9E6E77D
:10F62000A26833686360964208BFA36077683FB101
:10F63000B3690093002320681A466FF06701B8474A
:10F640003046FFF757FFD8E703B0F0BDB80A0020F7
:10F65000F8B51D460F461646FCF706F9044C18236C
:10F6600003FB0040C0E903760123C3800575F8BDA4
:10F67000C079002010B50449144618461022A0474E
:10F6800000EAE07010BD00BF3814002070B50D4CCA
:10F690002378834206460D4604D1611C284626F095
:10F6A0003DFC58B9237CB3420AD10749284626F0CD
:10F6B00035FC10B1012004EB001070BD0020FAE70A
:10F6C0000020FAE7407A0020517A002070B50D4CF6
:10F6D0002378834206460D4604D1611C284626F055
:10F6E0001DFC58B9237BB3420AD10749284626F0AE
:10F6F00015FC0028054808BF002070BD2046FCE727
:10F700000020FAE7E0130020ED130020EC130020A6
:10F7100070B50D4C2378834205460E4603D1601C1C
:10F7200026F0FCFB60B9237BAB420BD10748314686
:10F7300026F0F4FB18B101200C2303FB004070BD40
:10F740000020F9E70020FAE76AB3002077B3002031
:10F7500070B5204B144682689A420FD1A568C668DE
:10F7600075B922792168304626F0E0FB024628B1BF
:10F770001949013026F0A3FB15701581012070BDD9
:10F78000E0680028FBD02B888B420AD0F6D2E068D4
:10F79000A36801380433E0600038A36018BF01207B
:10F7A000EDE7256822792946304626F0BFFB024660
:10F7B00060B90949304626F0B9FB02460028E6D078
:10F7C0002946013026F07BFB23791370A3685B8800
:10F7D0001381DCE7A1FB020051FB060038B50E4B9C
:10F7E000144682689A420D4611D122792168C06878
:10F7F00026F09CFB58B1D4F8C8302F2B09D804EB65
:10F8000083020133158101895181C4F8C830012078
:10F8100038BD0020FCE700BFA1FB020070B5144D0D
:10F82000064640B115F8011C2A466C1E25F0D2FB95
:10F8300098B120460CE00F49284626F06FFB40B9EE
:10F840000C4905F1100026F069FB20B105F10F000D
:10F8500070BD681EFCE70020FAE7217C04F111026C
:10F86000304625F0B7FB0028F5D004F11000EFE793
:10F87000417A002051FB060010B54A1C0C4638B1F5
:10F88000097825F0A7FB08B1204610BD0020FCE751
:10F890000249104626F042FBF5E700BF51FB060087
:10F8A0002DE9F04106460F46904624F063FE50B322
:10F8B00039463046FFF70AFF054698B9134826F047
:10F8C00062FB0446E8B1124826F05DFB50B9114DC9
:10F8D00001240C235C43104A601C3946104426F076
:10F8E000EEFA1655012101FA08F105F1080026F09B
:10F8F0002CFBBDE8F04109484FF40042002320F002
:10F9000031BD054DE5E7BDE8F08100BFE8130020FB
:10F91000F4130020EC130020E0130020F813002063
:10F920002DE9F04180460F4616461D46FFF7F0FED2
:10F93000044648B91449FFF7EBFE0446F0B100F85D
:10F94000018B394626F0BBFA2289638992B99BB9AB
:10F9500026816581254615F8010B294624F00AFE0B
:10F9600060B12246294612F8080BBDE8F041042395
:10F97000FCF7C8B9964203D39D42EAD8BDE8F081AE
:10F980009D422681E6D9E4E751FB06002DE9FF41BF
:10F990000E4617469846044628B96FF015052846C6
:10F9A00004B0BDE8F08102A924F0F5FA054600286C
:10F9B000F3D101A9204624F082F80198D0B902A918
:10F9C0000020FFF7A5FE0446D8B9002EE7D0114964
:10F9D000FFF79EFE0446D0B1002300F8013B02A9C8
:10F9E00026F06DFA042204F108014046B84700EA07
:10F9F000E075D4E70A22294621F054FB0028DED026
:10FA0000CBE7002EEED1066046608660C7E76FF058
:10FA10000B05C4E751FB06001FB519461046074BFE
:10FA2000074ACDE9022308230093BDF818206B4450
:10FA300026F0C7FA05B05DF804FB00BF1E00900178
:10FA400006000C0008B513468168074A914209D1A7
:10FA50001A791968C06826F069FA18B100230360A2
:10FA600043600381012008BDA1FB020038B5094BAA
:10FA7000154682689A420AD1C46829680134204632
:10FA800026F04CFA18B16968204626F018FA0120D1
:10FA900038BD00BFA1FB020002484FF4A47200234E
:10FAA00020F060BCC014002008B50421084826F0EE
:10FAB0004CFA07486FF0020126F056FA044826F087
:10FAC00062FAC30701D5FFF7E7FF002008BD00BFBA
:10FAD000F0140020024608B50849013026F0EFF97D
:10FAE000002313720C32BFF35B8F52E8001F42E811
:10FAF00000300028F9D1BFF35B8F08BD51FB060031
:10FB00002DE9F041234B154682689A42074602D1FF
:10FB1000C468638933BB0120BDE8F081FEF760F95A
:10FB2000E36800216181002BF5D038469847F2E761
:10FB300005F17008287A414624F01CFD68B9164B7F
:10FB40009C4202D1284626F0D9FA1449304626F0C4
:10FB5000B6F9002323702381E2E74146304626F0C0
:10FB6000AEF9DDE72389002BDAD02646284616F8C1
:10FB7000011B324625F02EFA0028D9D120783146D3
:10FB8000FEF772FC0028CBD0437B072BC6D1FEF7D3
:10FB900027F9C0E7A1FB0200AC05002051FB0600DD
:10FBA0002DE9F0471F46BDF82030D1F80C900646ED
:10FBB0008846002B46D17B1E012B46D8012F494693
:10FBC000157818BF1588FFF757FE044678B915B9A0
:10FBD0003846BDE8F0874946FFF74EFE0446B8B305
:10FBE00006F17001013026F06AF9337A2370D9F8F2
:10FBF0001030DBB9B4F808A02581B9F80A30AB425F
:10FC000003D04946404626F0C4F9AA4505D0307ACB
:10FC1000002206F17001FFF743FE002DD8D10E49F6
:10FC2000601C26F04CF925702581D1E72A46414613
:10FC3000304698470028CCDB01380128DAD96FF02C
:10FC40000D00C6E76FF00600C3E76FF00C00C0E7D9
:10FC50006FF01000BDE700BF51FB060008B5124869
:10FC6000012126F072F910F0010F104B0AD1104A51
:10FC70009A610D4826F087F9830713D4BDE8084040
:10FC8000FFF70ABF1A8B588B012A4FF6FF7205D86F
:10FC9000904207D04FF6FF725A83EAE790421983E9
:10FCA000E7D0F7E708BD00BFF0140020A014002043
:10FCB0000100FFFF10B5104C1049204626F02EF928
:10FCC000014638B9601E26F0ABFA14F8010C214643
:10FCD00026F03AFA09490A4826F020F9014650B9B7
:10FCE000084826F09DFA084BBDE81040187C03F147
:10FCF000110126F029BA10BD417A002051FB0600FF
:10FD0000517A0020507A0020407A002010B56FF020
:10FD1000020104460E4826F027F90D4826F033F973
:10FD2000C20704D50B480022002320F01BFB20460D
:10FD300026F07DF858B12046FFF770FD38B1037A00
:10FD4000DB0704D5BDE81040012126F079BA10BDCB
:10FD5000F0140020C014002010B51C48012126F02A
:10FD6000F4F8C30731D40221184826F0EEF8084011
:10FD700007D11749174A0B88174CA2421FD300B16D
:10FD80000B80164916483AF097F94FF4A4720023F5
:10FD90001348FCF77FF8134913483AF08DF9022114
:10FDA000124826F0D2F8124912483AF085F9124862
:10FDB000FEF730FCBDE810401048FEF715BB506858
:10FDC00003449BB208320120D7E710BD607A0020BF
:10FDD00082B3002048B3060070B30600B364050088
:10FDE000481400202D030300C0140020F01400204C
:10FDF000E1670500F813002084050020600500205D
:10FE00002DE9F041034648B1008A38B91249DFF8BC
:10FE10004CE001244FF0140C714501D3BDE8F08192
:10FE2000D1E90076BB4204D30CFB0672143A93422C
:10FE30000ED93444A2B208311446EDE70CFB057824
:10FE4000434507D001356219B54292B2F6D1F2E7C7
:10FE50000025F8E71046E1E748B3060070B3060056
:10FE60002DE9F74FBDF83050009199464FF6FF73DA
:10FE7000002D08BF1D46244B1B8883420746904631
:10FE80003CD203B0BDE8F08F73682344BB4232D24A
:10FE90009CB208361D4B9E42F6D3F2E78958019377
:10FEA000404624F0A0F8019B90B101340AF1010A08
:10FEB000A4B273685345ECD9009B9C42E1D8BC4284
:10FEC0003168F2D30BFB0AF28B18B8F1000FE5D1C1
:10FED000B9F1000F0BD1013DADB218460E9A0D9B42
:10FEE00021469847002DCCD00028DED1C9E7DA683A
:10FEF0009145DAD1EFE74FF0000ADAE7044E01242A
:10FF00004FF0140BC6E700BF82B3002070B30600A9
:10FF100048B3060010B51422B6B000210DEB020064
:10FF2000CDE90011CDE902113AF045FB4FF4105331
:10FF3000ADF810301F4C8023ADF8123010224FF472
:10FF40008063CDE90634694634AB0DEB020038F02E
:10FF500039FF014660BB54220AA83AF02CFB542218
:10FF60000AA91FA83AF0FFFA349922461FA838F0D0
:10FF7000FEFFE8B9104A1FAB4FF6FF71012026F0D3
:10FF80008DFA0E490AAB10221FA839F00EF878B985
:10FF90000A4B082203F11001187811F8014D03F8FB
:10FFA000014B013A0870F7D10548082125F0CDFF33
:10FFB00036B010BD0002C0037F6105002814002088
:10FFC000F01400202DE9F0411949BDF818700446DD
:10FFD000A1F1300015461E463AF08DF8154825F07F
:10FFE000D2FF010707D4FFF795FFFFF763FE124822
:10FFF0001021FBF7B9FE2046FFF710FC68B1037A29
:020000023000CC
:10000000DA070AD500F10C04204625F0BCFFC3072F
:1000100003D40221204625F098FF102306933A4688
:1000200031462846044BBDE8F04125F0CABF00BF69
:1000300078140020F01400202814002010B51B486C
:1000400025F0A1FFC0F3C00080F0010408B9FFF75C
:1000500061FF164825F097FF0346144825F093FFEB
:10006000DA0621D5830608D5F4B1FFF723FEBDE8F3
:1000700010400F481021FBF777BE20210B4825F0D8
:1000800064FF0B49102288183AF01BFC48B9094854
:100090003AF01EF8BDE8104004486FF0010125F069
:1000A00063BFFFF7DBFDE0E710BD00BFF0140020E9
:1000B00028140020C014002008B51021034825F0A2
:1000C00044FFFFF7BBFF002008BD00BFF014002075
:1000D0002DE9F041B8B00C46164621493E986A46D3
:1000E0001F4623F0C8FC002837D0009D01A92846F0
:1000F00023F0E5FC65B1019870B90DF10808002303
:10010000284641468DF8143023F045FF054650B18E
:100110006FF0150425461AE00A22002120F0C2FFE4
:100120000028EAD0F4E7CDF81080A4B1C02208A9D5
:100130003846B047041EEDDBA40808ABCDE9063411
:10014000084A04AB4FF6FF71012026F0A7F92846B4
:1001500038B0BDE8F0812346F0E76FF01505F6E70B
:100160008FFD060051F7020007B500230193FFF74A
:1001700047FE411C89B20846034A01AB26F08EF9BE
:10018000019803B05DF804FB7F5E05002DE9F8439C
:100190001546894694226968064626F0AAF98046E3
:1001A000002842D169680222304626F0DDF9002895
:1001B0003ED04FF470200021AF8AFFF773F9023769
:1001C000044680B11C4B47611D214174C0F80C806E
:1001D000436085613A46304625F011FD074638B93F
:1001E0002046FFF787F96FF00B052846BDE8F88336
:1001F000012342464146FFF72BFAA98A07F10C007A
:10020000023123F02CFE20F8029BAA8A29693AF0D9
:10021000AAF9A7602146304625F0ECFD05460028E6
:10022000E3D02046FFF766F9DFE74FF0FF35DCE764
:100230006FF01505D9E700BF855E050030B50446AF
:100240008BB0374825F09FFE42070D4661D514B1AB
:10025000637B072B60D168680590FFF7D1FD2A68A2
:10026000ADF818003AB305A902912E490191012178
:10027000002300914FF6FF710593FFF7F1FD059BF9
:100280001BB96FF001000BB030BD6B60059B1868A7
:1002900000238DF8103004A942F60303ADF81230A4
:1002A00023F0A1FE70B90598C3689B799B0605D41D
:1002B0006FF01500E7E70028E8D1E2E726F0A7F89D
:1002C000ADF81800BDF818003CB101230146AB752C
:1002D0002A462046FFF75AFFD5E76FF07F030793C2
:1002E0000223ADF8203042F60213ADF8123005AB10
:1002F000AC7502930C4B01930123009304AA23468F
:100300004FF6FF7109958DF81040FFF7A9FD07988A
:10031000B9E76FF00A00B6E76FF07F00B3E700BF00
:10032000D4000020B35E05005D05030073B500F145
:100330003005044650F8083C0193A0F120066FF008
:100340000101284625F010FE0D4B44F81C3C0D4BD6
:1003500044F8183C01AB002044F8103C042324F876
:10036000080C24F8060C24F80C3C3146FFF766FF15
:1003700018B90221284625F0E8FD02B070BD00BF83
:10038000F8BD06000DFD02002DE9F843334B14685B
:10039000174682689A4205465DD1C668002306F179
:1003A0000109002B57D13389002B54D031784A46AC
:1003B000204624F00FFE00284DD04FF495722946B8
:1003C000204626F096F8A0B1032844D00528204600
:1003D0000CBF4FF003084FF0020824F067FE804581
:1003E00007D93A7942454FF00103DAD287F8048001
:1003F000D7E73146284625F0CCFD194B9E422AD13D
:10040000207A04F17001FFF783F9054618B30389D8
:100410000BB94389FBB12046FDF7C4FD114A2B8976
:1004200022F8203002EB8003698959800E490F4D74
:10043000182303FB001300B202EB800200EB400024
:100440005D601A610A4D9D60042201EBC0012046E7
:100450009A82FFF7F3FE0120BDE8F883A1FB0200BA
:10046000AC05002066B30020287A0020F8BD060005
:10047000E362050030B504468BB0354825F083FDB6
:1004800042070D465DD514B1637B072B5CD16868CC
:100490000590FFF7B5FC2A68ADF818003AB305A936
:1004A00002912C4901910121002300914FF6FF7127
:1004B0000593FFF7D5FC059B1BB96FF001000BB04E
:1004C00030BD6B60059B186800238DF8103004A9BF
:1004D00042F60303ADF8123023F085FD70B905989C
:1004E000C3689B79DB0605D46FF01500E7E70028A9
:1004F000E8D1E2E725F08BFFADF81800BDF8180051
:100500002CB101462A46204626F0C0F8D7E742F62D
:100510000212ADF8122005AA6FF07F0302920E4A74
:1005200007930123CDE90032ADF8203004AA234619
:100530004FF6FF7109958DF81040FFF791FC079871
:10054000BDE76FF00A00BAE76FF07F00B7E700BFC2
:10055000D4000020B35E05005D0503002DE9F843DB
:10056000414B144682689A42074603D00127384619
:10057000BDE8F883C6683D4B9E4211D03289A389FD
:100580009A4206F10101F1D13078FDF76DFF054681
:100590000028EBD0437B072B26D0FDF721FCE5E7B5
:1005A000334DDFF8D0904FF000084946284625F03B
:1005B000B5FC78B915F8010C07222946FDF76EFF46
:1005C00078B9236915F8010C1A69294653881288ED
:1005D000FFF7A6F90C35B8F1000FCFD14FF00108A5
:1005E000E3E7FDF7FDFBF5E7736923B1394698476B
:1005F00008B92846D1E739469422284625F079FFE4
:1006000007460028F5D1A389022B14D1338913F0B2
:10061000020604D12846FDF7E3FBA660A6E722699F
:10062000A1882846FFF7B2FD0646A8B92269937D46
:1006300001339375EEE7012B04D02846FDF7D0FB7C
:10064000A76093E7338913F00106E3D02269A188FC
:10065000284626F01BF806462846FDF7C1FB002E6B
:10066000A66084DB82E700BFA1FB0200AC0500208E
:100670006BB3002051FB060070B58EB000F1700521
:10068000044603900123007A8DF81030294623F0A8
:1006900071FF90B1227A1AB302AE0421304622F0E3
:1006A0005EFB00960F4A242105A82B46FBF79AFA19
:1006B00005AA0D491046FAF735FA4FF6FF710B4AB5
:1006C00003AB012025F0EAFE204624F0EFFC9DF864
:1006D0001010884202D2204624F0ABFC0EB070BD50
:1006E0000092DFE792FD0600D100030089030300BA
:1006F000F8B5084B1C6805460E4617464CB154F831
:10070000043C043C1BB13A4631462846984764688D
:10071000F4E7F8BD647A002013B50A4A0090044655
:100720004FF6FF7101206B468DF8040025F0B6FEF0
:100730000021204625F0E1FF08B9FFF78FFA02B04B
:1007400010BD00BF8903030030B5B5B0002301918F
:100750008DF8080033930A4A01AB04460D46012088
:100760004FF6FF7125F09AFE339B3BB19B0003AA25
:1007700029462046FBF7EAFA35B030BD1A46F7E7BE
:10078000DDF702002DE9F34100F17008CDE9001218
:1007900004460F46007A4146164623F0EBFE0F4A08
:1007A00005466B464FF6FF71012025F077FE1DB11F
:1007B000207A4146FFF7C8FF207A3946FEF766FFE8
:1007C00040B13146013025F07AFB1DB1207A414617
:1007D00025F0BAFC02B0BDE8F08100BF6DFA02005E
:1007E00073B5044603461A4A4FF6FF71012004F11F
:1007F000700625F053FE207A314625F0B7FF207AA7
:10080000314623F0B7FE50B1237A8DF80430114AF7
:1008100000966B464FF6FF71012025F03FFE204603
:10082000FEF7FCFF054688B1207A314623F0A2FE90
:1008300028B9284602B0BDE87040FFF74BB93146F1
:10084000681C02B0BDE8704025F039BB02B070BD35
:1008500001FB020045FA0200064BD3F8EC0028B970
:10086000054AC3F8F020EC330B6070476FF00B00C3
:10087000704700BFF8140020FCBE060008B5054B09
:100880000146184625F0D6FF043B002814BF184641
:10089000002008BDFC14002010B50C4A11680C4A59
:1008A000BFF35B8F00F5B87353E8004F944204D157
:1008B00043E8001CBCF1000FF6D1BFF35B8FBFF320
:1008C0005B8FD0F87001BFF35B8F10BD687900209B
:1008D000F814002008B5FFF7DFFF0346C8B1D0E9E0
:1008E000011221B9002A0CBF0320022010E032B10E
:1008F000C36813B9094B1B7833B9042008E00749D2
:10090000087828B1DB6833B9003A18BF01225000DB
:1009100008BD0320FCE70120FAE700BFD5C6002090
:1009200038B5051D04460821284625F0D5FF06499F
:1009300004F15700FDF702F820B12846082125F000
:10094000A3FF082038BD00BFF16D050038B5EC22CB
:100950000546002139F02FFE102105F127000CF08B
:10096000B7FC044648B90521284625F0B5FFFCF739
:10097000D5FF034B1860204638BD0824FBE700BFB5
:100980006C7A002070B50E4686B00446FFF784FFEF
:10099000F36804F137020546114603F1100053F8DD
:1009A000046B41F8046B8342F9D1237A052B40D8BC
:1009B000DFE803F0172323033F6502AB45490093AB
:1009C000096804F1270304F1570000F045FF80BBDC
:1009D0000A21201D25F080FFEB680299D4F8EC0075
:1009E000984720460D2125F077FF201D102125F086
:1009F00073FF204625F0C8FF19E094F8DC10D4F806
:100A0000D83002ADCB403349009503F001030968AB
:100A100043F0800304F1570026F0ABFB48B91022E5
:100A2000294604F1170039F04CFF20B1042006B02C
:100A300070BD0820FBE70321204625F04DFF25F07F
:100A4000A3FF0028F3D194F8DC300133DBB2142B80
:100A500084F8DC3009D10D21204625F03DFF10211E
:100A6000201D25F039FF0020E1E7102104F12700C7
:100A70000CF02EFC003818BF0120C000D7E7102171
:100A800004F127000CF024FC0028D2D105B32B6917
:100A9000F3B1114BE27A1B88ADF80830A37CD20782
:100AA00003F0010312D4002B14BF012303238DF89C
:100AB00009300023C4E93833201D0C2125F00CFF38
:100AC0002B69D4F8EC0002A99847CCE75B00EEE76D
:100AD0000220ACE76C7A002094B4060073B5047A67
:100AE000022C054623D844B190F8DC30D0F8D84029
:100AF000DC4004F0010444F080040321284625F082
:100B000024FF0646A8B110210C3023F0A8F900906C
:100B10000F482346006805F1270205F1570126F02A
:100B200028FB044650B13046FAF73EFF01E0032CA3
:100B300002D0082002B070BD0024DEE7314628460E
:100B400025F0B3FE281D214625F09EFE2046F1E744
:100B50006C7A0020F8B50446FFF79EFE251D064678
:100B60000E21284625F066FE48B94C4B2022196814
:100B700004F1570039F0A5FE08B90820F8BD0C2192
:100B8000204625F0E2FE07460028F6D040210C3032
:100B900023F065F9414B1B680246014603F1200032
:100BA00053F804CB41F804CB8342F9D1203203F14E
:100BB000200153F8040B42F8040B8B42F9D139465B
:100BC000204625F072FE237A052BD6D801A252F8D2
:100BD00023F000BFED0B0300710C0300190C0300A0
:100BE000ED0B03007B0B0300910C03000421204656
:100BF00025F072FEFFF772FF0028BFD128460721BB
:100C000025F06AFE0820FFF739FE002843D1204670
:100C1000BDE8F840FFF784BE2046D4F8EC70FFF73B
:100C20003BFE0421064604F1D8000CF051FB0028DD
:100C3000A3D1D4F8D8301A4AB3FBF2F102FB113336
:100C4000C4F8D83084F8DC0056B1736843B10B2186
:100C5000284625F041FE7368D4F8D81038469847E6
:100C60000321204625F038FE0E2125F035FEC5E78C
:100C70002046032125F030FE0E2125F02DFE2846CA
:100C80000A2125F029FEB368D4F8EC009847B5E7AF
:100C900004212046E9E7002070E700BF6C7A0020BD
:100CA00040420F0070B50E460446FFF7F5FDF368AD
:100CB00004F157052A4603F1200153F8040B42F8CA
:100CC000040B8B42F9D104F1770203F1200153F8B0
:100CD000040B42F8040B8B42F9D12846FCF78CFD3B
:100CE00028B30E21201D25F0F7FDD4F8EC50D5F8DF
:100CF0009C3033B9287A05F1700100F073FCC5F817
:100D00009C00D5F89C3043B90F4B1D68B5B9201D28
:100D1000062125F0E1FD284608E0DA8902F02402E8
:100D2000002AF1D05B7B9B07EED4032070BD2846E0
:100D3000FCF76EFD0028E7D10A20F7E72046BDE862
:100D40007040FFF707BF00BF6C7A002038B512492A
:100D50000446A0F1EC05543039F0AEF9284625F0F0
:100D600068FFBFF35B8F0D4A04F1840353E8001F53
:100D700043E800200028F9D1BFF35B8FBFF35B8FFE
:100D800088344FF0FF3354E8002F44E80031002945
:100D9000F9D1BFF35B8F38BD2F6F0500F814002029
:100DA00038B5174B1B78054623B301F00F042846CE
:100DB000FFF790FD134A03280CBF04F00B0444F026
:100DC000040405F5BA731278BFF35B8F53E8001F74
:100DD000013103D143E800200028F7D1BFF35B8F36
:100DE000BFF35B8FD5F87431BFF35B8F2BB144F049
:100DF000010038BD01F00704D9E704F0FE00F8E770
:100E0000D5C60020DA0900202DE9F3410D46D0F8BF
:100E1000EC700446FFF740FDED68EB78102B03D033
:100E2000062002B0BDE8F081D7F89C305BB1261DEA
:100E30000F21304625F0FEFC80B92046FFF786FDE5
:100E400060B1C0B2EDE7387A07F1700100F0CAFB7B
:100E5000C7F89C000028EAD10820E2E7012363726A
:100E60002B68C4F80A30AB88E38102232374A97885
:100E70002046FFF795FFE0742046FFF72BFD102377
:100E8000607423752B7903F0030363756B7903F0AA
:100E90000103A375E37C1A070CD5AB781B0709D5B2
:100EA0000521304625F018FD637D03F002036375CC
:100EB0000023A3750521304625F0BCFC002845D051
:100EC0005B4B1B78A374E37C980606D5AB78990638
:100ED00003D51421304625F0FFFCE37CDA0737D533
:100EE000AB78DB0734D50D21304625F0F5FCA37D2A
:100EF00084F8E830637D84F8E9300321304625F03A
:100F0000EBFC237BE17C95F8008003EA01021007EB
:100F100004D5E27AA07C0243D2071DD4B8F1040FB5
:100F20001CD80B4313F0040307D02046FFF7D2FC74
:100F3000404B08EB880843441B5C2372D7F89C1095
:100F4000204625F080FC58B903206AE73A4BB8E701
:100F500000236375A375CAE70523EEE70023ECE7DA
:100F6000D4F8EC309B7A032B5DD04BD8013B012B9E
:100F70003FF672AF0521304625F05CFC0028E3D037
:100F80002046FFF789FC0346D4F8EC00FBB11A6851
:100F9000EAB12A788DF800206A788DF80120AA78C5
:100FA0008DF80220EA788DF803202A798DF8042044
:100FB0006A798DF805201B68694698470138C0B2E8
:100FC000082804D81D4B185C00287FF42AAF0C2198
:100FD000204625F081FC022125F0B7FC05460028BB
:100FE0003FF43AAF06210C3022F039FFD4F811302B
:100FF0000360B4F8153083802946204625F055FC5F
:1010000000200EE7042B7FF427AF237D627B934201
:1010100028BF1346102B7FF403AF0521304625F07F
:1010200009FC002890D0237A002BA3D18CE700BFC5
:10103000D7C60020CAFD0600D6C60020B2FD0600B5
:101040002DE9F041C678012E044604D06FF0150456
:101050002046BDE8F08125F0E6FB0546002800F0BB
:10106000AB80071D0421384625F0E4FB002840F042
:10107000A6800321384625F0DDFB10B16FF00F0488
:10108000E6E73146384625F0D5FB0028F6D128465C
:10109000FFF702FCD5F8EC309B7A032B064642D0D2
:1010A00032D8013B012B48D90F21201D25F0C2FB6E
:1010B0000028CBD1D4F89C3083B904F17006217A92
:1010C0003246202000F0F0FAC4F89C0030B9217AB2
:1010D0003246042000F0E8FAC4F89C00D4F89C30B2
:1010E000002BB3D0DA8912F0240FAFD0A17A0229F5
:1010F00023D9587BC007A9D503291ED09206A5D5B0
:101100001B7B102BA2D118E0042BCDD12846FFF772
:10111000E1FB032804D1002EC6D03369002BC3D0D5
:10112000284B1B7807E02846FFF7D4FB032804D19F
:10113000002EB9D03369002BB6D0D4F89C303BB127
:101140002846FFF703FC044670B16FF068047FE7A0
:10115000207A04F1700100F045FAC4F89C000028E0
:10116000EED16FF00B0473E70B21284625F0EDFB61
:1011700006460028E9D001210C3022F070FE09213A
:1011800080462846FFF70CFE234688F800002246DA
:10119000314605F1EC0024F098F8044618B13046C9
:1011A000FAF702FC54E738460F2125F095FB0121A0
:1011B000284625F091FB4BE76FF07F0448E76FF07E
:1011C000040445E7D5C60020F8B5D0F8EC40D4F8C3
:1011D0009C300646051D43B90221284625F02AFB0E
:1011E0000927002851D11F214BE081BB0D21284642
:1011F00025F020FB074620B1D4F89C0008B125F06B
:1012000098FF364B1B689BB11D6805B10C3D53F828
:101210000C3C13B13946204698474DB12B46ED683A
:101220001B681DB10C3D002BF4D1F7E7002BF1D169
:10123000304625F0FEFC637B072B4DD1627AA37A02
:101240009A4249D02046BDE8F840FFF7F9BE01397F
:10125000C9B20E2998BF224A1B7B94BF575C09274D
:1012600023BBD4F89C0025F006FF0023C4F89C3073
:101270000221284625F0DEFA38B9072FB3D8194BDA
:10128000D95D3A462046FDF787F80321284625F028
:10129000D1FA0028CCD0114B1B68002BC8D01D6898
:1012A00005B10C3D53F8083C4BB90BE00221284630
:1012B00025F0C0FA0028D4D1DAE70C3D23B1394635
:1012C00020469847002DB3D02B46ED685B68002D73
:1012D000F3D1002BF3D1ABE7F8BD00BF607900205C
:1012E000BBFD0600AAFD0600124B10B504461860AF
:1012F0004FF0FF324FF0FF330F481EF083FC0F48D2
:101300001FF036F80C481EF0F5FC04B910BD0C4C6B
:10131000BFF35B8F54F80439BFF35B8F5B06F5D5E1
:101320002046FFF717FC01460028EFD0204625F0A5
:1013300018FDEBE76C7A0020DC050020F0050020AA
:10134000FC1400202DE9F0410B8A04460E46B3B38D
:10135000012106F10C0022F0A9FDA4F1EC05E83C06
:1013600007460421204625F065FA40BB39780E294E
:1013700025D8DFF8508058F8313023B907212846A6
:1013800025F0EFFC1BE0284625F028FC30B90321AE
:10139000204625F04FFA90B10821F0E73B78318ADA
:1013A00008EBC3021279914201D00A21E7E73146E6
:1013B00058F833302846984701460028DFD10020EE
:1013C000BDE8F08124BF06002DE9F34190F8E93033
:1013D000CF68D0F8EC6023F0020380F8E9303B7866
:1013E000044623B1BB7903F0C003C02B70D106F1D2
:1013F000700807223946404639F063FA88B1307ADE
:10140000394600F0AFF9054658B10146204625F0AF
:101410001AFA18B9082002B0BDE8F081284625F074
:101420002AFE0D21201D25F005FA00283CD0317A36
:101430004246022025F00BFE05460028EAD0F3784C
:10144000002B3ED106F17E031878012825D19A7928
:1014500002F0C002402A20D1D3F80120C5F83A207A
:10146000B3F80530EB8796F87030B3B196F8763064
:1014700003F0C003C02B10D017496A46CDE900879E
:10148000FCF770FD3B68C5F80130BB88A5F8053056
:10149000BB79EB713046FCF74FFF2846FBF7ACFBFE
:1014A000C0B92846FBF7B8FB94F8E9305B0703D5D1
:1014B0000A21204625F010FAB4F8E81021B10020E6
:1014C000A9E706F17703BFE72046FFF77DFEF6E7C1
:1014D0000A20A0E703209EE7096C05002DE9F041F2
:1014E0000546A0F1E80604460F463046012155F8AE
:1014F000EC8925F073FB002859D0CFB10321304689
:1015000025F098F9002852D03846FAF7F7FE01384E
:10151000C0B208289ABF2B4B1C5C00240221304625
:1015200025F0DAF921462846BDE8F041FFF74CBE28
:1015300098F80B30002B3AD00321304625F07AF989
:1015400020B92846BDE8F04125F073BB052130469F
:1015500025F070F9B8B114F8043C1F0707D514F84A
:10156000033C180703D51121304625F0B5F914F8CE
:10157000043C23F0080304F8043C14F8033C23F073
:10158000080304F8033C14F8033CD90711D50621DD
:10159000284625F0A1F90221304625F09DF923685F
:1015A000D3F89C301BB134F8041C0029BBD0BDE833
:1015B000F0819A0701D50821EAE75B07EBD50A21FC
:1015C000E6E700BFB2FD060008B5044B044801225F
:1015D0001A70FCF757F9002008BD00BFD5C60020DF
:1015E000F805002070B50F4C14F8013B8342064605
:1015F0000D4604D10722204639F063F968B10A4943
:101600000A48072239F05DF948B904F8016C2B68E3
:101610002360AB88A380AB79A371024870BD002022
:10162000FCE700BF707A002051FB0600717A0020B1
:10163000F7B50E4F04460D4616460023F9893A7851
:101640000BB103B0F0BD0029FBD0A242F9D1084B89
:1016500018689A8800909B798DF806303146684664
:10166000ADF80420A8470123E8E700BF707A002006
:10167000717A002010B40B461146054AD489044201
:1016800003D05DF8044B104618475DF8044B7047D3
:10169000707A002008B5034900220220FFF7EAFF14
:1016A000002008BD4B700500F8B50C4CE3890746D7
:1016B00020463B400D464FF00006114610F8012B26
:1016C00007D0954203D1072239F0FBF818B1304614
:1016D00000E01846F8BD2046FCE700BF707A002005
:1016E000F8B50B78012B06460C4601D00020F8BD5A
:1016F0008B7903F0C003402BF8D1174DEF892946B1
:10170000BF0711F83A2B4FF0000304F1010006D592
:10171000B24204D1062239F0D4F8D0B10023EA89CC
:10172000297802F00202002BE0D1002ADED0B1427B
:10173000DCD1671C0948394622F003FC012300284C
:10174000EDD0D4F80130C5F83A30054BB4F8052097
:101750009A800148CBE700BF707A00209A7A002077
:10176000AA7A002010B5074C2378834208D10722BB
:10177000601C39F0A6F800280CBF2046002010BDE0
:101780000020FCE7707A00202DE9F0479AB01D4652
:10179000DDE923972E4B16460CAA84468A4603F1B0
:1017A000300E904618685968144603C408337345D0
:1017B0002246F7D118681B792060237161462022E8
:1017C00004A825F0BEFC23486B46202204A900F0A3
:1017D00071F80446C0BB102251460DF1350025F0CA
:1017E000B0FC102231460DF1450025F0AAFC294637
:1017F000062211F8013B8DF855300DF1560025F009
:10180000A0FC2299062211F8013B8DF85C300DF105
:101810005D0025F096FC4B4635224146684600F0B7
:1018200049F8044680B9484625F095FC01238DF817
:10183000303035223B464146684600F03BF80446CE
:1018400010B9384625F087FC20461AB0BDE8F0876D
:1018500096B40600EBFD060070B598B00E4614462F
:101860000146202204A81D4625F06BFC20223146AB
:101870000CA825F066FC1022294614A825F061FC6E
:1018800010222146684625F05CFC6B46502204A9D4
:10189000184600F00FF840B9039B054A1BBAB3FB8A
:1018A000F2F102FB11331C9A136018B070BD00BF37
:1018B00040420F002DE9F0418CB007460C4615461A
:1018C0000021142207A81E4638F075FE4FF410536D
:1018D000DFF85080ADF818308023ADF81A304FF49F
:1018E0004063CDE90838102204AB394606A837F02A
:1018F00069FA20B16FF004000CB0BDE8F08105ABCF
:10190000029310232246CDE9006341462B460498FA
:1019100037F08AFB0446049837F083F92043EBD074
:10192000E8E700BF0002C00300F1070C2CF0030C35
:1019300010B4541E1860A4B2ACF80020023A93B25E
:1019400001FB04F24FF0000C40F802C074B103FB3D
:10195000011403FB01F22044121B4FF6FF7C013BF4
:101960009BB263458050A0EB0100F8D15DF8044BB9
:10197000704700BF0346006810B102680AB91A60D8
:10198000704700F1070C2CF0030CD11DBCF800C00F
:1019900021F003010CF1FF3CA1F800C0EFE700BF0C
:1019A0000B687BB1073323F003031A88013292B22C
:1019B0000346D1F800C043F807CB23F003031A8095
:1019C000086070470122F3E702FB0100704700BF87
:1019D000401A90FBF2F080B2704700BF531E1144D2
:1019E0009BB242B1DB430138CA1811F8013D00F83F
:1019F000013F9142F9D17047014402E010F8013BE8
:101A00001BB98842FAD1002070470120704700BFFF
:101A100010600860704700BF0A6803460068904283
:101A200005BF00220A6000201A60704710B41468D5
:101A30002060146861605DF8044B1060704700BF5F
:101A4000884203D01AB14368136070470020704782
:101A50000B68834209D02AB1586810601A680A607E
:101A600018467047002BF9D1FAE70023F8E700BFCA
:101A70002DE9F041DFF834800B4E0C2706F13004DD
:101A80004546221D214628460C3CFFF7C1FFA642D1
:101A9000A5F10805F5D1043F3B1DA8F12008A6F1EA
:101AA0003006EBD1BDE8F081B87B00202C7B002014
:101AB00010B403468C46A2B101EB4101154803EB7B
:101AC0004304090101EB84010144487A0C7AA042E5
:101AD00004BF013008725DF8044B614618460EF0F1
:101AE0005FBA01EB41020B4C120100EB400302EB29
:101AF000830323449C7ADA7AA24202D05DF8044B35
:101B0000704701329A72044B01225A545DF8044B1B
:101B10000EF09EBA347B0020B07A0020F8B506465D
:101B20001C460D4602B322786378D21A12F00302E3
:101B30003AD1274F71004FEA450C3144AC4489003B
:101B400001EB0C1101330431DBB27A1860682370A9
:101B50002146FFF76BFF1F4B0122294630465A559D
:101B60000EF076FA0020F8BD0EF05CFA0028DAD00C
:101B7000294630460EF034FA0028D4D005EB450251
:101B800006EB4601124F6378120102EB81023A44E0
:101B90007100907AD27A90424FEA450C0CD02078AE
:101BA000C01A10F00302C8D0012A03D00133DBB2FF
:101BB0002370D0E71046F8BD2278D21A920702D0DF
:101BC0000233DBB22370D4E902039847CAE700BFAF
:101BD000347B0020B07A00202DE9F04FDFF86491CB
:101BE00019F8003089B0002B5AD0DFF85CA13C22F4
:101BF00004234FF0000B00EB400712FB00330324DB
:101C0000CDE904BB09F800B00AEB0717039302946F
:101C10008346B8460023B96A58F8240F079307AAE9
:101C2000FFF70EFF044607AAB4B1079D2E78697826
:101C3000761A06F00306012E35D02B78591A01F0DA
:101C400003010129DBB23DD1D7E90901FFF7F8FE15
:101C5000044607AA002CE8D197F82E3097F82F20D9
:101C60009A4203D087F82F300123049397F82C3041
:101C700097F82D209A4203D087F82D300123059341
:101C8000029B5D1EEBB2FF2B0293A7F10C07C0D1A4
:101C9000049AD846DDF814B012B1BBF1000F45D05C
:101CA00009B0BDE8F08F01396970079BD3E90203E1
:101CB0009847079D2A786978D3B2521A02F0030236
:101CC000012A21D0B86A019300224146FFF7C0FEE5
:101CD0006C60019B6A786B702B789B1A03F003038E
:101CE000012B08D0D7E9090107AAFFF7A9FE012EA9
:101CF000044698D10EE0039B6A70294620460AEB01
:101D00000302FFF793FEEDE7D7E9090107AAFFF702
:101D100097FE0446029B8BB101235946584609F8A9
:101D20000B300EF095F909B0BDE8F08F5A464146E8
:101D3000404609B0BDE8F04F0EF032B9002C8BD010
:101D4000EAE700BFB07A0020347B00204B1EDBB2F4
:101D500071B1411E00EB030C002011F8013F23B1CB
:101D60005A1E01301340C0B2FAD16145F5D1704717
:101D70000846704730B5037E0568FF2B14D003EB8F
:101D800043028B4205EB021227D04FF0000C01E01A
:101D900099420BD09E4613789468FF2B03EB4302C5
:101DA000A44405EB0212F3D1002030BD714517D0D9
:101DB0000FFA8EFE137890680EEB4E0E4FEA0E1E51
:101DC000FF2B05F80E3006D003EB430305EB03139E
:101DD0009A6802449A60604430BD9E464FF0000C01
:101DE00013780376E4E700BFA2EB010C1CF4000FAC
:101DF00010B4836844690BD12CF07F4C6344A34238
:101E00000ED8E41A0023446183605DF8044B7047E8
:101E1000891A21F07F418B4209D95B1AA342F0D97C
:101E20001B1B0024446183605DF8044B70470C4425
:101E3000E41AE7E72DE9F843284DBDF82C70044675
:101E40004FF02C0E0EFB045E084604EB840104EBFD
:101E50004104DEF8041001EBC00605EB8405F478BC
:101E600011F83080717804F1010C5FFA8CFCE045C8
:101E700098BF4FF0000C61452DD0716804EB44040D
:101E80004FEA041901EB04144FF0040801F809802B
:101E90006360089BA360099BE3600A9B23610C9B22
:101EA000A361119B63620D9BE3610E9B23620F9BF9
:101EB000A362109BE36202236270A782A37086F87C
:101EC00003C0DEE9083698472B4641460022B0475A
:101ED000A078BDE8F8830120BDE8F883F47B0020FA
:101EE0002DE9F04F0346407AD3E9004587B000283A
:101EF00000F0FE80421ED2B205EBC2029A468B462B
:101F0000039205952346039A516856780491BBF1D4
:101F1000FF0F66D00BEB4B044FEA0418CDF804B06A
:101F200013F808B003EB041400254FF0FF0C84F8FD
:101F300000C0DAF800709AF8182007EB080962452B
:101F4000D9F8081018BF02960ED1CBE0091A06D1B5
:101F5000B9F81E80BEF81EE0F04500F2B780B85D0B
:101F6000FF2894466DD0024602EB420607EB061EA0
:101F70003601DEF808008842E8D9029EC9F8081048
:101F8000BCF1FF0F89F8002064D00FFA8CFC0CEB39
:101F90004C0C4FEA0C1C019807F80C00FF2A06D0E5
:101FA00002EB420207EB0217BA68521ABA60A27833
:101FB00001326270002DAAD0AA6A4FF00001297088
:101FC000A97022B1E96A019300209047019B6268E1
:101FD000002A9CD1AA6A2262EA6A6262BBF1FF0F00
:101FE00098D1039A049F9278994606EB4601701C9B
:101FF000B2424FEA011CC6B207EB011569D0039B40
:1020000017F80C101878B04208BF00260429ECD14C
:102010006A7802EB420809EB0814012094F801E009
:10202000A1788E454FEA081818D04FF0000307F842
:102030000C30AA6AA8700AB1E96A9047039B9A78A3
:10204000D3E70246BCF1FF0F029EC9F8081089F8D9
:1020500000209AD101988AF818009FE70192AA8A75
:10206000DAF814104FF6FE7082424B4607D04FF656
:10207000FF70121AB2FA82F2520984F82C206A6AAE
:10208000A262EA6862602A690293002363622262A4
:10209000AA8A4FF6FD739A4288BF0022A283AA69DA
:1020A000A261EA69E2602A6A2261AA68A26000234A
:1020B00063616A682046FFF797FEE2784FF00003FD
:1020C00042F00102E383E270029B2EE7029E01468A
:1020D00054E70399059881424B46A1F1080207D0C5
:1020E000039210E707F80820019A8AF818205EE7A3
:1020F00007B0BDE8F08F00BF2DE9F04F447E01230B
:102100008FB08376002C40F0B480037EFF2B814695
:1021100000F0AE800DF084FAD9F81420D9F81C3004
:1021200099F81880D9F800A0801A20F07F45AB42BA
:1021300094BF00230123B8F1FF0F0493A34676D088
:10214000059408EB48080AEB08144FEA0818A3683E
:10215000AB426BD8A0781AF80880ED1A9B446378DC
:102160001B1ADBB2012B5ED1A26AA3690393002A7A
:1021700000F0F0801668002E7ED0002B40F08F809B
:10218000049B002B00F00B8104230393137A59075F
:1021900000F0FA80137A6FF302031372E78B94F85E
:1021A0002C207B1C9BB2E383002A74D0A28B9A4222
:1021B00071D2A26A002A00F04B81137A03F0070360
:1021C000012B68D00126002351685360A36A1A7A54
:1021D000002060F302021A72A078E7680138A0704C
:1021E0000FB36369D9F8142094F803C0ABEB030371
:1021F000134423F07F40626A23690CF0010C002E27
:1022000040F0B980B4F81EE0CDE900C37346B8478A
:10221000039BE683002B049B18BF01230493E37800
:1022200066F30003E370B8F1FF0F8AD1059C99F8BB
:102230000B3099F80A209A4208D10132D2B2022A10
:102240001ABF14462346002389F80B4009EB830389
:102250000022C3F80CB0D9F8244089F81A204B4664
:10226000012204210320A4460FB0BDE8F04F6047CF
:1022700084760FB0BDE8F08F039B002B68D0049BE1
:10228000002B87D1D9F81C305B4583D8B8F1FF0FFC
:1022900011D1049E97E7A378013BA370C3E7049B89
:1022A000002B7FF473AFD9F81C309B45FFF46EAF61
:1022B000B8F1FF0F49D0039BE78B07939C46A38B94
:1022C0006668BB429CBFFB1A99B208EB480388BF03
:1022D00039460AEB0313089301FB06630693089B38
:1022E0009968079B8B422ED3CDE90C70089BCDF8E3
:1022F00020C0DDF81CC0CDF81C90DDF80C90CDF8A6
:102300002C80CDE9095B8E46A346B0461446986AF8
:102310009A6910B1006800284FD1002A4DD11B786E
:10232000FF2B07D003EB43030AEB031399688E449A
:10233000E645ECD92246DDE9079C5C46DDE9095B10
:102340000D98DDF82C80CDF80CC0002A00F09780A5
:10235000002638E7039BA3B1049B002B7FF41EAF3C
:10236000D9F81C309B45FFF419AFB8F1FF0FA2D18B
:1023700004990E4631E7CDE900C34FF6FF73B84725
:1023800051E7039E002128E7A08BE18B88423FF6AE
:1023900001AF012161F302031372E78BFFE6D9F865
:1023A0001C305B453FF6F0AEB8F1FF0F53D04FF055
:1023B000040CE78BCDF81CC081E7DD8B9F8B5E683A
:1023C000BD422AD2002E41D1002CA8D0304626682A
:1023D0002EB1B9F1000F02D1724496423FD2BD42F4
:1023E0009DD3DA789BF8031002F0010601F0010595
:1023F000AE4204D84A40D50791D400288FD0224657
:10240000DDE9079C5C460C9FDDF82C80DDE9095B6B
:10241000002A32D1CDF80CC0C1E69EB1E81B80B2D3
:10242000B8F1000F0AD000FB0660401A06998142FD
:102430002CBF00200120002CC9D1D0E74046002C41
:10244000C5D1CCE7002CC1D12046CAE72846E7E732
:10245000A078012696E70423049E0393B3E6224660
:10246000DDE9079C5C46DDE9095BDDF82C80CDF8F1
:102470000CC0002E3FF48EAE88E61668F7E71646CD
:102480001146AAE62DE9F04F8FB0837E0090002B15
:1024900040F0A982437E0C93002B7AD10098837A76
:1024A000C27A012141769A424169079100F00E8477
:1024B0000133DBB2022B00990ABF0C9A1A4613466D
:1024C00001EB82028B72D368079A0593D31823F02D
:1024D0007F434B6101230B93009C267E0DF0A0F8F7
:1024E000677A236801937B1E65680490DBB2002F36
:1024F00000F0FB8405EBC30A0027FF2303930D962E
:102500000897DAF804B04FF000092F469AF8030054
:102510009AF802800FFA88F404EB440408F10103EE
:1025200040454FEA0416DBB20BEB041400F01081B7
:102530009AF800209A4208BF00238AF802301BF85C
:1025400006206178042A3AD9019801EB410300EB97
:102550000315082A4FEA03130293A8786B7822D850
:102560001B1A13F0FF032CD1062A1CD1009BDB7E23
:102570008B4251D00BF80690A36A84F80290002B8E
:10258000C4D00020E16A98479AF803009AF80280C4
:10259000C0E7446A0421034601220420A4460FB088
:1025A000BDE8F04F60470BF806904FF00103A370B1
:1025B000A36A002BAAD0E16A01209847A6E79846B3
:1025C000A8E7052A1FD162684AB9A2683AB9E26849
:1025D0002AB922691AB9626932F07F42E3D0012B2D
:1025E0001CD0009B04215C6A3D4601220846A0479E
:1025F0000123AA4508938AF80280AAF1080300F093
:10260000AD809A467DE7012B00F0A381062AE8D130
:10261000009BDB7E8B42ADD16168BCE1DDF80080C0
:102620004046FFF7A7FBA860D8F81410049B059A52
:102630005B1A23F07F431344984240F2C481C01ACE
:102640006B68002B52D0A38A002B4FD0013B9AB26B
:10265000A282D5F804C0EB8B604523D90CF10108A8
:10266000069709911AE06A6ADFF814E283499644F2
:102670008E4584BF02F1E87202F5D4324746296ADA
:1026800094BF674602F5A572013BC01B521A9BB26C
:1026900060456A62EB8340F21D82A28A9342E2D8CF
:1026A000069F0999934220D2CDE909710CF10102EC
:1026B000D5F820E006926A6ADFF8C4816F49724457
:1026C00090448845674606D8A2F1E872A2F5D43254
:1026D000069FA2F5A57201339BB26A62EB83A28AC0
:1026E0009A423844E7D8DDE90971AA836368034454
:1026F000AB60A2686B69A86A13446B6128B1036878
:102700001BB1D4E901329B1A4360049A2846FFF7B3
:102710006BFBE268AB691344AB61226993428CBFE7
:102720009B1A0023AB61A37D1BB1EA7863F300021F
:10273000EA70E37D13B1013B85F82C30DDE901320D
:10274000039999546B786278039201336B7011E7A7
:102750003D46AA45AAF108037FF453AF0D9E089F9A
:10276000009A0B9B92F818B0BBEB060518BF012529
:10277000002B00F0B881049B0799D2F800805B1A07
:10278000BBF1FF0F23F07F495DD04FF0000A0896A0
:10279000CDF804A00695C2461646C846DDF814904A
:1027A00005970BEB4B050AEB05142D01A2684A4572
:1027B00000F27183019BA178E08B1344019363784D
:1027C0005B1AF1698A4234BF891A0021A9EB020918
:1027D000A8EB020824BF4FF0FF32F276F161A16A44
:1027E000DBB2002900F06C810A68A769002A00F0BA
:1027F0005481002F40F05481022B00F047830022C7
:10280000A2601AF8052032766168002940F00B8139
:10281000A26A2AB1127A02F00702012A00F0E680C9
:102820003BB1012B00D020B1236A13B1616A0120B2
:102830009847A378637096F818B0BBF1FF0FB0D13A
:10284000069D089E059F009C0B9B03995E4518BF43
:102850001D462046FFF744FBCDE90156D4F800B0F1
:1028600003974FF0000C009B197EFF29084600F0EB
:102870007C830D464FF0FF0905E000BF592B177F01
:102880005A2B17FF1D462BB203EB43030BEB03162A
:102890001B01B26A2AB1147A04F00704012C00F07B
:1028A00019821BF80330FF2BA946EBD1DDE9015655
:1028B000039FBCF1000F00F01C818E4200F00483E6
:1028C000002F00F045810846FF2800F05A83FF2EB4
:1028D00000F04283009B1B6800EB400003EB0013F9
:1028E000D3F808B0BBF1000F00F0EA820CF098FEBC
:1028F000DFF85482914F924EDDF800A00A2502467F
:10290000DAF814300192D11A21F07F418B4505F19C
:10291000FF3501F103015CD959452CBF5B185B44BD
:1029200023F07F494846DAF8283098470CF078FEC3
:10293000019AA9EB0203821A22F07F42033223F0AC
:102940007F439A42044646D9002D00F0E680224695
:10295000D6E7062A3FF40AAEDDF800804046FFF7CE
:1029600009FAAB78A8606B7098F81B2063789A42DC
:102970007FF400AE1BF80630062B3FF44DAE009AF4
:10298000FF23D3761BF80630062B3FF445AE082B09
:102990003FF442AE0499009B5A698B1A1D0209D478
:1029A000059A23F07F4313440099CA699A4288BF6D
:1029B000CB61DFE5059B521A22F07F4293428CBF28
:1029C0009B1A0023F0E76A6913441B1A6B6100200D
:1029D00036E601230C93009A00235376937E0C9ADB
:1029E0001A4340F095800FB0BDE8F08FA378C4F88B
:1029F00008906370079B019A71699A1822F07F42D0
:102A00002046FFF7F1F9039B0AF805306378CDF80B
:102A10000CB00133DBB2637096F818B0BBF1FF0F56
:102A20007FF4BFAE0CE7A36A23B11B7A03F0070360
:102A3000012BDBD0B4F81EC0BCF1000F4ED1B4F8AE
:102A40001CC0E646481C0290D4E908730022049496
:102A5000704604E001388E46441C724412D0DFF800
:102A6000ECE0384C3B449E44A645F3D8DDF808E042
:102A7000A3F1E8730138A3F5D433441CA3F5A5737F
:102A80007244ECD1049C94F82C006362002800F09E
:102A9000F380A260A4F81EC0ACE7002F3FF4AFAEF5
:102AA000022B7FF4ACAE00287FF4A9AE0A7A02F0C4
:102AB0000702012A3FF4A3AEF76186F81BB09EE639
:102AC000A769002F3FF49BAE022B7FF498AE00283D
:102AD000F2D094E6069F0999A28AE3E5A378637091
:102AE0004FF0000EAEE7009C03992046FFF7F8F97F
:102AF000217E8E427FF4E4AE002F00F00F82009B17
:102B0000002D40F06E825D769B7E002B3FF46BAF14
:102B1000009B01225C6A03213FE540F65B4342468D
:102B20003946304620F004F985F31188BFF36F8FE2
:102B30000323184602DF2246E2E600BF88C20600F1
:102B400004C00600592B177F9CBF06005A2B17FFA5
:102B5000009B5A7A5C68531EDBB20125002A3FF4C1
:102B6000B2AECDE9075604EBC30301930694019B73
:102B70005E78DA785B68B24218BF1D4667D036B21D
:102B800006EB4606330105EB0616EB5C012B49D03C
:102B9000022B51D1D6E901C133699CF80040D6F827
:102BA0000CE00593009BDEF80080D3F80090586994
:102BB000FF2CD6E905AB02D00B68834256D0009BB0
:102BC0004FF000081C7E0860FF2C27D0CDE902568C
:102BD000CDF810C05646F24609E0BA684244B04704
:102BE00088B919F80540BB68FF2C984438D004EB2D
:102BF000440509EB05172046B9695B462D01002EF7
:102C0000EBD10029EDD00599DDF810C0BB68DDE9F6
:102C10000256D64609B17A6A0A6098448CF8004098
:102C2000CEF80080B36A4FF00002B27013B1F16ABF
:102C300000209847019BDA7801994E780B7801368D
:102C4000F6B2B34208BF0026B2424E7097D1019A45
:102C500006998A42A2F1080300F0D180019386E729
:102C6000DDE90256DDF810C0D646D7E704EB440490
:102C7000230119F80340A7E790457FF60AAF86467F
:102C8000481C0290029C0995704605E08E467244ED
:102C90000130904580B212D9DFF8B8E2A84D3B442C
:102CA0009E44AE45F2D8A646A3F1E8737244A3F55C
:102CB000D43301309045A3F5A57380B2ECD8049CC1
:102CC000099D636260441FFA80FCE2E60C9B0B9353
:102CD000059301E4B1681C461346002940F00881C1
:102CE000D6F81880B8F1000F15D11A68002A40F004
:102CF000F880944A9449954840F6BD1320F018F89E
:102D0000002383F31188BFF36F8F0323184602DF7C
:102D1000B26A4FF00408009BDB69181D53680493E6
:102D200019461368994280F0C080A3EB010C1BF890
:102D30000430FF2B00F0B980C445C0F0B6804FF0DE
:102D4000000E0595C24677460546CDF818903AE044
:102D5000A7F10409F144E14528BFE14608EB05006D
:102D600084450DD3D1450BD3B06900283DD0107AEE
:102D700000073AD4B9EB080002D0A84280F02881BD
:102D8000886A20B1007A00F00700012827D08869FE
:102D900028B3496819B3B169BE44043000EB0E058D
:102DA00009B3107A0007ACEB080103D58D4294BF3C
:102DB000294600211BF803300027FF2B22D008EB07
:102DC0000E0AD4451ED303EB43030BEB03111B0187
:102DD00088680744042FBBD84FF00009BEE71BF8F2
:102DE00003300021E9E72946E4E7002DC8D0A9EB2C
:102DF0000809A945C4D32946DDE9055904E0DDE900
:102E000007567CE6DDE90559049B0B4453601BF82B
:102E10000400FF2818BF4FF0FF0E01D1C0E0184694
:102E200003B203EB43030BEB031C1B01DCF808703C
:102E30008F4280F0D1801BF80330FF2B8646A1EB38
:102E40000701ECD1FF28B16015D0B9F1FF0F1BF8D5
:102E500004106CD00FFA89F303EB43031B010BF84A
:102E6000031000B200EB400003011BF803100BF845
:102E700004100BF80350F38B013BF383137A022108
:102E800061F3020313724FF0010CECE400287FF4AD
:102E9000B6AC04270AE64B46D21A009BA260069DF8
:102EA000089E059F93F818B0CDE4049B53601BF86F
:102EB0000430FF2B08BF002172D00023B360DAE793
:102EC000009B83F819B023E6002F7FF403AD009B2D
:102ED0005A7A5C68531EDBB2002A3FF4FBAC6546AD
:102EE0003FE61A464FF0040815E7FF23039337E443
:102EF000144A1749154840F6B5131FF019FF00236F
:102F000083F31188BFF36F8F0323184602DFD6F8CF
:102F10001880B8F1000F0DD0B26AFCE6009B5A7A17
:102F20005C68531EDBB2002A7FF41BAEE7E5009B12
:102F3000197696E7B36A002B3FF4DBAED5E600BF07
:102F4000592B177F9CBF060024C0060004C0060052
:102F5000DCBF06005A2B17FF0CF062FB04460CF096
:102F600027FB009BC8B1187EB4E4DDE90156039F3E
:102F7000BCF1000F3FF4BDADFF2E13D0002F3FF486
:102F8000E7AD0CF025FB0446B8B1009A0023537658
:102F9000937E002B7FF4BCAD25E5187E5C6199E43F
:102FA000B16068E7002FECD1009B5A7A5C68531E31
:102FB000DBB2002AE5D06546D3E5009DE8610CF060
:102FC0002FFB6C766861AB7E002B3FF40CAD9FE568
:102FD000DDE90559014617E77F1ACCF808707046FD
:102FE00030E7187E70E400BFF8B5069E9DF81C50CF
:102FF000089CB8B9144F3A605A1E39727B727E60D1
:10300000D2B273B106EBC2025460114612F808390D
:103010008E4203EB4300A5EB030304EB0014DDB287
:10302000F2D10DB10120F8BD099B3B620A9B7B6286
:10303000FF240B9BBB623C760CF0F2FA7D81786139
:10304000FC76FD612846F8BDF47B0020044B2C2261
:1030500002FB0033187A003818BF0120704700BF08
:10306000F47B002010B40B4B2C2202FB0032546A7C
:1030700064B100EB800200EB420003EB8003A44646
:1030800001225DF8044B0321022060475DF8044BE8
:10309000704700BFF47B002010B58AB00C9C0094F0
:1030A0000D9C01940E9C0294BDF83C400394109C2E
:1030B0000494119C0594129C0694139C0794149CF0
:1030C000089400240994FEF7B5FE0AB010BD00BFB5
:1030D00010B4BDF8104004945DF8044BFEF7AABE8E
:1030E0002DE9F84F294DBDF834609DF8388004462D
:1030F00008462C2101FB045104EB840704EB470430
:1031000005EB84054C6804EBC00E14F830909EF873
:1031100003409EF8017004F1010C5FFA8CFCE1455C
:1031200098BF4FF0000C67459DF844902AD0DEF818
:10313000047004EB44044FEA041A07EB04144FF044
:10314000050B07F80AB063600A9BA3600B9BE36062
:103150000C9B23610F9BA362109BE36202236270AE
:10316000A68284F8168084F81790A3708EF803C0A6
:10317000D1E9083698472B4600220421B047A078B1
:10318000BDE8F88F0120BDE8F88F00BFF47B002078
:1031900010B588B00A9C00940B9C01940C9C02947E
:1031A000BDF8344003949DF8384004940F9C059476
:1031B000109C069400240794FFF792FF08B010BDFE
:1031C0002DE9F0411E4D064608462C2101FB065E06
:1031D00006EB860406EB4404DEF8046005EB840786
:1031E00006EBC00516F83060EC78697804F1010C44
:1031F0005FFA8CFC664598BF4FF0000C61451BD010
:10320000696804EB4404260101EB04144FF007083D
:1032100001F80680A362069BE36202236270A3703A
:1032200085F803C0DEE9083598473B4600220421B3
:10323000A847A078BDE8F0810120BDE8F08100BF7B
:10324000F47B00202DE9F0411F4D064608462C2155
:1032500001FB065E06EB860406EB4404DEF8046020
:1032600005EB840706EBC00516F83060EC7869784A
:1032700004F1010C5FFA8CFC664598BF4FF0000C1E
:1032800061451DD0696804EB4404260101EB041478
:103290004FF0080801F806806360069BA362079B55
:1032A000E36202236270A37085F803C0DEE908358B
:1032B00098473B4600220421A847A078BDE8F0814A
:1032C0000120BDE8F08100BFF47B00200CF0A8B91C
:1032D000401A20F07F40704701480021704700BF2E
:1032E0007F410100022801D00120704738B5044613
:1032F00008461D4603F0E0FC18B108232B7000209F
:1033000038BD204638BD00BF082303700B707047DE
:1033100038B5054600200C4603F098F970B93DB960
:10332000074B44B120681860A2889A80002038BDFD
:10333000044B002CF6D11C609C80F7E70C2038BDB4
:10334000287C0020207C00200128034605D8044A60
:103350000448002B08BF104670470020704700BF8C
:10336000287C0020207C002001280AD8064A074B30
:10337000002818BF1346186808609A888A80184683
:103380007047002318467047207C0020287C0020CE
:1033900010B504460AF08CFB50B90BF005F8D0B913
:1033A0000BF02EFC50BB2046BDE810401CF024BDA5
:1033B0001C4A1D491D4840F657131FF0B9FC002355
:1033C00083F31188BFF36F8F0323184602DF0AF0DF
:1033D000EBFF0028E4D0134A1349144840F65C136D
:1033E0001FF0A6FC002383F31188BFF36F8F032324
:1033F000184602DF0BF004FC0028D4D0094A0A4921
:103400000A4840F668131FF093FC002383F31188E9
:10341000BFF36F8F0323184602DF2046BDE810403C
:103420001CF0EABC7CC00600B8C0060004C0060060
:10343000086001481CF0E0BC308200201CF0DCBCBD
:103440002DE9F84F89462A4D99F8003095F840103B
:10345000072B88BF0B469A423ED05C1CE4B29246D2
:10346000082C35F833200280834608BF002405EB82
:10347000C303002601274FF012081AE0012833D0B9
:10348000C3F8048089F8004095F84030072C98BFB5
:1034900023469A4521D01AB20133DCB235F8320006
:1034A000BBF80010082C08BF0024884205EBC203BB
:1034B00013D1586860B1FF28E0D9027902F0030205
:1034C000013A012A0CD912225A6003F00DFCD9E707
:1034D00001365F60F6B2D5E700263046BDE8F88FCA
:1034E0000136F6B20122EFE70136F6B2CAE700BFB5
:1034F0005C7C00202DE9F047374F3B8898425DD92E
:1035000013F0FF0528D0DFF8DCA0DFF8D0809AF8B0
:103510001540DFF8CC909AF814300134E4B2052C51
:1035200008BF0024A342404618D0FEF723FA0646FF
:1035300048468EB1FEF71EFA002841D006609AF880
:1035400015304AF823003B888AF81540013D013BBD
:1035500015F0FF053B80DED1BDE8F0873B88002BEE
:10356000FAD0DFF884A01D4D9AF80D401C4E4FF0A4
:1035700000080134E4B2032C9AF80C3008BF002490
:10358000A3422846E8D0FEF7F5F981463046B9F166
:10359000000FE1D0FEF7EEF9C0B1C9F80480C0F821
:1035A00000909AF80D304AF823003B888AF80D40C5
:1035B000013B9BB23B80002BDBD1CDE70546A2E768
:1035C00030460649BDE8F047FEF7EAB948460349E8
:1035D000BDE8F047FEF7E4B9C47C0020C87C0020B9
:1035E0001C7D002040800020A47C00202DE9F84FA5
:1035F000414B424FDFF80891DFF8FCB004229818E5
:1036000024214FF00008A7F81480FEF78DF93C4BF9
:10361000042208219818FEF787F997F814A07C7DFA
:1036200004260134E4B2052C08BF0024A245484614
:1036300013D0FEF79FF90546584675B1FEF79AF983
:10364000002853D0C5F8048005607B7D47F823002F
:10365000013E16F0FF067C75E3D12A4B0822181DA7
:103660006421FEF761F9284B0A22181D0821FEF794
:103670005BF92548FEF77EF90446C8B1234A204687
:10368000111FFEF7C5F92048FEF774F90446F0B1A2
:103690001F4A2046111FFEF7BBF91E4B0622FF20D2
:1036A0001A80FFF727FF08F0DBFD0020BDE8F88F48
:1036B000194A1A491A4840F632131FF039FB84F3AD
:1036C0001188BFF36F8F0323184602DFD6E7124A33
:1036D0001249134840F639131FF02AFB84F311886E
:1036E000BFF36F8F0323184602DFD1E70449284652
:1036F000FEF756F9B1E700BF7C8000201081002062
:10370000588000201C7D0020C87C0020C07C002048
:10371000B87C0020C47C00207CC0060074C5060074
:1037200004C006002DE9F04FDFF89882DFF884929C
:10373000DFF888B2DFF8A4A287B0D8E9000103AAB5
:10374000FEF77EF90546002834D0039C002C71D08A
:10375000207804AA02A903F037FF0446002855D0B8
:10376000DDE90313BDF808200F78ADF80A200593B2
:1037700005AE0DF10A0503F039FF2146059ABDF8A3
:103780000A0003F079FF204603F0FAFE324629468C
:10379000384603F019FF04460028ECD1D9F80000A0
:1037A0001CF02AFBD8E9000103AAFEF749F90546F7
:1037B0000028CAD104AA02A90DF1070003F0ECFE0B
:1037C0000446002846D0049B05939DF80770BDF879
:1037D0000830ADF80A3005AE0DF10A0503F006FF1A
:1037E0002146059ABDF80A0003F046FF204603F083
:1037F000C7FE32462946384603F0E6FE0446002856
:10380000ECD16C4B18681CF0F7FA96E7039B059314
:103810001B79013B172B20D8DFE803F02F43861FCD
:103820001F1F1F1F1F1F1F1F1F1F1F1F1F1F1F1FA8
:103830001F1F7B2F604840F604235A4651461FF055
:1038400077FA84F31188BFF36F8F0323184602DFE2
:10385000039C7DE707B0BDE8F08F584A58495648A9
:1038600040F6A4331FF064FA002383F31188BFF3FA
:103870006F8F0323184602DF5FE75249D8F8040030
:103880000022FEF7E5F8504B059993F841302846A1
:103890000B704E4AFEF7CAF8464B18681CF0ACFA9B
:1038A0004BE74849D8F804000022FEF7D1F8059EFE
:1038B000B46844B1237803F0FF07002B6AD0237863
:1038C000013BDBB22370337B23B1012B52D1304655
:1038D000F3F7FEFA3E4A00273773537D117D01331B
:1038E000DBB2052B08BF3B46994234D03560517D91
:1038F00042F821605375002C3FF41FAF2378002B52
:103900007FF41BAF6369002B3FF417AFA0699847A2
:1039100013E72C49D8F804000022FEF799F805991E
:10392000284603F06DFC08E705A9284603F092FC41
:103930002449D8F804000022FEF78AF805990029E6
:103940003FF4FBAE0B792D2B3FF4F7AE1E4B284610
:1039500093F841309CE7194A1E49174840F6124334
:103960001FF0E6F987F31188BFF36F8F0323184622
:1039700002DFC0E7114A12490F4840F60B431FF01F
:10398000D7F9002383F31188BFF36F8F0323184601
:1039900002DF9FE7094A1049074840F6B4331FF099
:1039A000C7F987F31188BFF36F8F0323184602DF2F
:1039B00085E700BF2C82002004C006007CC0060002
:1039C000DCC00600BC7C00205C7C0020B87C0020B1
:1039D00010810020E0C00600C4C00600C0C0060080
:1039E00030B5314B314C186087B00BF0D3FD2378E4
:1039F000002B53D02E492F4A2F4D05954FF0050C23
:103A000081F808C02D4C04922D4A0220CDE90224F1
:103A100004230D24CDE900142A4A087408760B709B
:103A200000200621FFF7E0FA40BB012200212648D2
:103A300036F072FA09F0CEFF044610B1204607B006
:103A400030BDFFF7D3FD04460028F7D10AF094FCFF
:103A500004460028F2D102F0A5FD04460028EDD16D
:103A60000BF0C2F804460028E8D103F075FB0446C9
:103A70000028E3D10120F3F7A3FFDFE7134A14493D
:103A8000144840F276231FF053F9002383F3118882
:103A9000BFF36F8F0323184602DFC6E7FDF7E8FF89
:103AA00001232370A6E700BF2C820020D8C6002087
:103AB000B88400201501040015020400AD000400C4
:103AC00048820020D8840020308200207CC006007C
:103AD000B8C0060004C0060010B586B002F072FD42
:103AE000002835D103F03AFB002844D10024414B93
:103AF0002046A3F84040F3F763FF3F493F4A404B5D
:103B0000A1F8004194829C8101222146684636F04A
:103B100003FA3C4B224621460320C3F808D0FDF7A8
:103B2000FDFF002857D14FF0FF324FF0FF336846BA
:103B30001CF09CF902F04CFD00283CD1FFF756FD2B
:103B400048BB0021012006B0BDE81040FFF7E0BBF4
:103B50002D4A2E492E4840F22E331FF0E9F800235B
:103B600083F31188BFF36F8F0323184602DF03F03E
:103B7000F5FA0028BAD0244A2449254840F25A339D
:103B80001FF0D6F8002383F31188BFF36F8F032350
:103B9000184602DFAAE71C4A1C491D4840F2A3331D
:103BA0001FF0C6F8002383F31188BFF36F8F032340
:103BB000184602DFC5E7144A1449154840F2963307
:103BC0001FF0B6F8002383F31188BFF36F8F032330
:103BD000184602DFB2E70C4A0E490D4840F289331D
:103BE0001FF0A6F884F31188BFF36F8F03231846E4
:103BF00002DF98E75C7C00202881002040800020C4
:103C0000A47C0020400600207CC00600B8C006004E
:103C100004C00600F0C0060008B5FFF75DFFBDE870
:103C2000084009F007BF00BF2DE9F04FDFF8F4901E
:103C3000364E83B007468846A9F1400400233B6016
:103C4000D6E9000101AAFDF7FBFE054600284BD08E
:103C5000019B49461A784046FFF7F2FB03460028CD
:103C60004AD194F840208DF8012094F841200DF1BC
:103C700001010DF102009A46FFF7E2FB4AEA000259
:103C800012F0FF0A0346F0D1019B1A79012A37D1BD
:103C9000DFF894B0706852463146FDF7D9FE0BF15B
:103CA00004012846FDF77CFEBBF80030052B0AD83E
:103CB000019817490133ABF80030FDF771FE012080
:103CC000FFF718FCBAE7134A134914484FF4D763B7
:103CD0001FF02EF88AF31188BFF36F8F0323184665
:103CE00002DFBBF80030E3E70D49404691F8412080
:103CF0004031FFF7A5FB0346184603B0BDE8F08F3F
:103D00003B605346184603B0BDE8F08FB47C0020FA
:103D10001C7D00207CC00600F8C0060004C0060020
:103D20005C7C00209C7C0020C47C0020F0B56249B3
:103D300083B000234868019301AAFDF789FE044679
:103D4000002868D020465D49FDF72AFE019B1C79BA
:103D50001D2C10D8DFE804F0200F0F200F0F0F0FDD
:103D60000F0F0F0F0F0F0F0F0F0F0F0F0F0F0F3240
:103D7000202020202020524A5249534840F27353B9
:103D80001EF0D6FF002383F31188BFF36F8F032348
:103D9000184602DF03B0F0BD002CFBD1484A4B4966
:103DA000494840F26F531EF0C3FF84F31188BFF3FC
:103DB0006F8F0323184602DF03B0F0BD1A7F3C2A41
:103DC00038D05C7FC4B19B681C68606E20B1002352
:103DD0003F496366FDF7E4FD94F86A306FF3000332
:103DE00084F86A30002002F031FC10F0FF00D1D1DD
:103DF00008F0E0FE03B0F0BD314A3249324840F2EB
:103E0000F6431EF095FF84F31188BFF36F8F0323F1
:103E1000184602DFE6E72A4A2E492B4840F235438E
:103E20001EF086FF84F31188BFF36F8F03231846BB
:103E300002DF87E79E68D6E90045F5B10027776085
:103E4000AB6F6BB11E4A24491F4840F2B2431EF0CB
:103E50006FFF87F31188BFF36F8F0323184602DFCC
:103E600005F16C0105F16800FDF7D6FD064698B135
:103E70002868AE6702F00AFFAEE7114A17491248F8
:103E800040F2AF431EF054FF85F31188BFF36F8FEC
:103E90000323184602DFD1E7094A11490A4840F2D4
:103EA000B5431EF045FF86F31188BFF36F8F0323E0
:103EB000184602DFDCE700BFB47C0020C87C00208D
:103EC0007CC00600DCC0060004C0060068C1060015
:103ED0001C7D002074C5060044C1060038C10600E0
:103EE0005CC106002DE9F047046881465CB3DFF849
:103EF0006C81DFF888A1584F2646246835791D2D3E
:103F000010D8DFE805F03C0F0F3C0F0F0F0F0F0F1D
:103F10000F0F0F0F0F0F0F0F0F0F0F0F0F28583C22
:103F20003C3C3C3C40F2AC634246514638461EF0B5
:103F3000FFFE002383F31188BFF36F8F032318461E
:103F400002DF002CD8D10023C9F80030BDE8F047CB
:103F5000FF20FFF7CFBA337F3C2B66D0F3B13F4A47
:103F60003F493D4840F2D7531EF0E2FE002383F361
:103F70001188BFF36F8F0323184602DF35796DB9BF
:103F8000384940F22D63424638461EF0D1FE85F393
:103F90001188BFF36F8F0323184602DF324D2B8841
:103FA000052B31D8013331492B803046FDF7F8FC21
:103FB000002CA1D1C7E7F688002EC2D1304602F00E
:103FC00073FED0F8943005466BB1244A2849224844
:103FD00040F29B631EF0ACFE86F31188BFF36F8F37
:103FE0000323184602DF05F1880105F18400FDF77F
:103FF00013FD064608B3C5F89460284602F046FE55
:10400000002C7FF479AF9EE71A494FF4D7634246FC
:1040100038461EF08DFE002383F31188BFF36F8FA7
:104020000323184602DF2B88BCE710493046FDF712
:10403000B7FC002C7FF460AF85E7084A0E490648BC
:1040400040F29E631EF074FE86F31188BFF36F8FFB
:104050000323184602DFCEE704C006007CC006003A
:104060008CC1060098C10600C47C00201C7D002085
:10407000C0C10600F8C0060074C50600DCC006001A
:104080000148FDF777BC00BFC87C00200149FDF75F
:1040900087BC00BFC87C00200148FDF76BBC00BF97
:1040A0001C7D00200149FDF77BBC00BF1C7D00206A
:1040B000034B044A93F841300B70FDF7B7BC00BFC7
:1040C0005C7C0020B87C002008B5064B064A93F8BB
:1040D00041300B70FDF7AAFC044B1868BDE808409E
:1040E0001BF08ABE5C7C0020B87C00202C82002063
:1040F0000B490A7B4B7B9A420AD8A3EB020C5FFA6E
:104100008CFC604509D89A4207D051F822007047CC
:1041100003339B1ADBB29842F7D90020704700BFE7
:10412000A47C0020074A117B537B8B4208D04B1C98
:10413000DBB2032B08BF002352F821001373704732
:1041400000207047A47C002008B5134A92F841C0B3
:1041500092F840E00CF10103DBB2082B08BF00230A
:104160009E4508D022F83C0002EBCC0CCCF80410A1
:1041700082F8413008BD094A09490A4840F21273E1
:104180001EF0D6FD002383F31188BFF36F8F032247
:10419000104602DF1B80FFDE5C7C00207CC0060036
:1041A000C4C6060004C006000022042302700B707F
:1041B000704700BF002208B511460B4B0120FDF7E8
:1041C000ADFC00B908BD094A09490A4840F23173FB
:1041D0001EF0AEFD002383F31188BFF36F8F03231E
:1041E000184602DF08BD00BF300600207CC0060074
:1041F000D8C1060004C00600022810B50C4602D043
:104200000B68022B07D004484FF0FF324FF0FF330A
:104210001BF02CFE206810BD3082002004490A6883
:104220000AB110467047024608601046704700BF4A
:10423000587C0020044A136823B1984206BF00212D
:104240001160002318467047587C0020014B186805
:10425000704700BF587C002004490A680AB1104624
:104260007047024608601046704700BFA07C0020DF
:10427000044A136823B1984206BF0021116000234D
:1042800018467047A07C0020014B1868704700BF9B
:10429000A07C002030B505682B7887B05BB304465E
:1042A00001220021684635F037FE144BC5F818D0BE
:1042B0006B612B78FBB1124B0022114603209C60EE
:1042C000FDF72CFC38B94FF40042002368461BF080
:1042D000CDFD07B030BD0B4A0B490C4840F2E973E5
:1042E0001EF026FD002383F31188BFF36F8F032395
:1042F000184602DFE7E76FF07700EAE73D34030096
:10430000200600207CC00600D8C1060004C00600BC
:10431000F0B5254E336885B00C461746002B36D0D5
:10432000994215D10223039303AB02460093032164
:104330001E4B0020FEF744FF022805460CD0039BCD
:10434000022B09D195B133680BB19C4221D014B333
:104350006FF02D0005B0F0BD15484FF0FF324FF063
:10436000FF331BF083FD039D002DECD13846FFF792
:1043700091FF33680BB19C4211D0002CE8D100288A
:10438000E8D010F1780F08BF002005B0F0BD316013
:10439000C8E7002333606FF0770005B0F0BD3560EB
:1043A0000028D7D0EDE700BF587C0020313403004F
:1043B000308200200B490A7D4B7D9A420AD8A3EB3C
:1043C000020C5FFA8CFC604509D89A4207D051F87C
:1043D0002200704705339B1ADBB29842F7D90020C0
:1043E000704700BF40800020074A117D537D8B42FB
:1043F00008D04B1CDBB2052B08BF002352F821006C
:1044000013757047002070474080002038B50C4677
:10441000054603F0BBF8207021462846024ABDE855
:104420003840FDF703BB00BFC07C00200122024BD7
:1044300011460020FDF772BB1006002070B50C4637
:10444000054603F0A3F821462070064A2846FDF7EA
:10445000EDFA0122BDE87040034B11460020FDF744
:104460005DBB00BFC07C0020100600202DE9F0439A
:104470001A4D9DF81C8095F801C10CF1010E5FFAF0
:104480008EFEBEF1080F994695F8003108BF4FF037
:10449000000E73451DD0144605EB4C1CE36807461F
:1044A0000E4610685168926864460FC49CF81C3030
:1044B000CCF8186008F0010823F0030343EA08036E
:1044C000CCE904978CF81C3085F801E16046BDE822
:1044D000F0834FF0000C6046BDE8F0832881002097
:1044E000054890F8003190F801219A4214BF00EB82
:1044F00043100020704700BF2881002001460B4870
:104500000A7890F80131072A84BF90F800210A70D8
:10451000934208D0531CDBB2082B08BF002300EBEA
:1045200042100B7070470020704700BF28810020A8
:104530002DE9F04F444F97F8004197F8013185B0CD
:10454000A34202903FD04FF0000A07EB44140A2523
:10455000CDF80CA0D346CDF804A0267FD4F80C905B
:10456000C6F3400806F00106002D47D0013DEDB22C
:10457000B8F1000F2AD097F8013197F80041A34213
:1045800021D00134E4B2082C08BF0024A34287F8EC
:10459000004118D007EB4414E368B8F1000FDCD1F8
:1045A000002E3AD1019A002A47D0BBF1000F08BF74
:1045B000CB46227F9107D0D4D20735D4019A9A42B4
:1045C00001D09B45C9D105B0BDE8F08F1F4B0298C3
:1045D0009C6042464146FDF7A1FA0028CBD01C4A18
:1045E0001C491D4840F67E031EF0A2FB88F311888B
:1045F000BFF36F8F0323184602DFBCE7144A174945
:10460000154840F66F031EF093FB85F31188BFF346
:104610006F8F0323184602DFA8E7039A82B1BAF12D
:10462000000F08BFCA46C4E7BBF1000F95D1039A3B
:104630009A42C8D09A4590D1C5E7CDF80490B8E722
:10464000CDF80C90B5E700BF2881002000060020BF
:104650007CC00600D8C1060004C00600E0C1060008
:10466000054B1A7D597D914204D053F8220010B1B8
:104670000C307047002070471081002070B5134A3D
:10468000117D537D8B421ED04B1CDBB252F8214072
:10469000052B08BF00231375ACB102230025266843
:1046A00023712560A06002F071FF094A2070214645
:1046B0003046FDF7BBF90122064B11462846FDF7AF
:1046C0002DFA204670BD0024FBE700BF10810020BA
:1046D000C07C00201006002010B582B00024CDE977
:1046E0000044049B09F09CFB02B010BD10B50346CA
:1046F000007F1A699969012482B02040CDE9000445
:10470000586909F08DFB08B1773001D102B010BDB6
:10471000074A084908484E231EF00AFB002383F38A
:104720001188BFF36F8F0323184602DF02B010BD5C
:10473000E8C106002CC2060004C0060010B50469DA
:10474000FFF76AFA40B90C48F6F764FD0B48F6F734
:1047500061FD0020206010BD094A0A490A4840F264
:1047600079331EF0E5FA002383F31188BFF36F8FCE
:104770000323184602DFE6E73817002070160020F2
:1047800040C20600B8C0060004C006002DE9F0478C
:10479000464FD0F81080DFF81CA1DFF81C9182B0E2
:1047A00006464FF0FF324FF0FF3338461BF0F2FA67
:1047B0000028F6D043790190042B22D8002B4FD14A
:1047C0003B4840F21223524649461EF0B1FA0023FC
:1047D00083F31188BFF36F8F0322104602DF019A23
:1047E00001A81360FFF77EFB4FF0FF324FF0FF335D
:1047F00038461BF0CFFA0028D3D043790190042B20
:10480000DCD9052BDCD14FF0FF324FF0FF3308200D
:10481000F7F798FB04462146019800F05DFF019BE5
:1048200000221A6001A8FFF75DFB002CB9D02046DA
:104830001FF0D8FA2146054600201FF0F9FA2B8A0E
:104840000446294630463BB1D8F8003098471BF063
:10485000FDFF002CEBD1A4E72846F7F7A5F8F6E713
:10486000022B13D04FF0FF324FF0FF330220F7F747
:1048700069FB044601989CB1214600F069FF019B49
:1048800000221A6001A8FFF72DFBD0E700220023C9
:1048900001210020F7F766FB04460198002CEBD1BC
:1048A000046001A8FFF71EFB7BE700BFFC8500202A
:1048B00004C0060040C20600DCC00600F0B5054694
:1048C000076989B00E461F4835F0CFFA4FF0FF3226
:1048D00000211D4835F020FB1B48FFF781F80446F6
:1048E00060BB3E60F2F71CF8002600276FF009035A
:1048F000CDE90334CDE90667CDE90144134B1449F2
:1049000000954FF4E07213481BF0AAFD12491148BC
:1049100035F034FC6FF00702CDE90324CDE90667DA
:10492000CDE901440D4B0E4900954FF460720D48DE
:104930001BF096FD0C490B4835F020FC204609B0D1
:10494000F0BD00BFFC8500201486002085490300CF
:1049500050EF00203817002080C206008D4703006A
:10496000D0EB0020701600208CC206000B7E02697E
:10497000022B01D013681847CB681B78052BF9D19F
:10498000704700BF2DE9F043DFF8C4802F4F83B09C
:1049900005460DE0F7F7E6FA2246BDF80210044698
:1049A00001F0ACF921462846FFF7E0FF1BF04EFF6F
:1049B0000DF1020101A8FFF737F904464FF0FF326D
:1049C0004FF0FF3300211320002CE3D1019BB3B142
:1049D000FFF7ACF9DDF80490484601F0A7F9019E15
:1049E00089F805007379032B02D13379182B0ED087
:1049F0003146384635F077FA019B002BD8D14FF07D
:104A0000FF324FF0FF3340461BF030FAD0E74FF053
:104A1000FF3321464FF0FF320520B6F80690F7F736
:104A2000A1FA49460246044606F11C0000F02CFE9D
:104A3000484600F049FE2146284624B1FFF796FF7C
:104A40002046F6F7B1FF019ED2E700BFFC850020AB
:104A50001486002070B50B8A82B033B10B7E012B17
:104A60000C46064619D0042B04D06FF015052846D5
:104A700002B070BD01A9204600F0A8FD01990546CD
:104A800011B13046FFF772FF002DF0D12046F6F746
:104A90008BFF0025284602B070BD002301A92046E7
:104AA000019300F02BF901460028EFD03046FFF7C4
:104AB0005DFF019D002DE9D0284601F037F96871AE
:104AC0000199024835F00FFAE0E700BFFC850020AD
:104AD00010B51BF06BFE054C204635F0D2F9204690
:104AE00035F0C3F9BDE810401BF074BEFC85002012
:104AF0002DE9F0411A4C6468A40004D51646194A01
:104B00001268120701D4BDE8F08103F10C040546D8
:104B10000F46204602211FF0A2F940F63E430380D3
:104B2000012120461FF09BF90346042220461A70FB
:104B30000B211FF094F90570A0F801603DB97B6866
:104B4000BA68C0F80720C0F80330BDE8F0814FF024
:104B50000008C0F80380C0F80780BDE8F08100BFFE
:104B60009001002088010020F0B5013887B014467C
:104B700011280AD8DFE800F0233F550909670979B1
:104B800098AB090909090909090D6FF0150007B06B
:104B9000F0BDCB68DA789978188807F04DFB554B53
:104BA0000646012118881FF050FE012105460C30F1
:104BB0001FF055F906702560002007B0F0BD4D4B81
:104BC0000D2118881FF041FE0D2120600C301FF0D0
:104BD00046F94FF0021400234FF480610122037064
:104BE000C0F80140A0F80510C271037243728372CD
:104BF000C3720373E0E73F4B412118881FF025FE85
:104C0000412120600C301FF02AF9002104463E2289
:104C100000F8031B35F0CFFC40F2A733A4F80130B5
:104C2000CAE7344B092118881FF00FFE09212060C4
:104C30000C301FF014F90346002203F8012BC0F8D2
:104C400001205A60B8E7C9680020FEF761FB294BD4
:104C5000012118881FF0F9FD012105460C301FF0D5
:104C6000FEF8002303702560A6E7234E214F0FCEE8
:104C700001AD0FC5336838882B7012211FF0E5FD98
:104C8000122120600C301FF0EAF80446002301AE28
:104C900004F8013B84460FCE2D78CCF8010061600A
:104CA000A260E360257487E7124B182118881FF073
:104CB000CCFD182120600C301FF0D1F800230446F1
:104CC000012100F8023B0AF0EBFB607074E7094B2E
:104CD000212118881FF0B9FD212120600C301FF020
:104CE000BEF80146002301F8113B01300AF028FC10
:104CF00062E700BF84B30020A8C206002DE9F0419E
:104D0000038A8CB00022022B079230D9044603217B
:104D10000C301FF0CBF8228A83789A4227D3008880
:104D2000D94EC0F38523082B30801FFA80FCC0F3D6
:104D3000090509D8A3B1013B072B11D8DFE803F01F
:104D40001C10284C101010643F2B09D107AA2146D3
:104D50002846FFF709FF163040F02784B6F800C058
:104D6000012160460CB0BDE8F0411FF080BD002479
:104D700020460CB0BDE8F081062D00F0CF831D2D3C
:104D8000EED1E368188802F0BBF801463088E9E705
:104D9000632D00F0078400F2EE80032D00F0DE8327
:104DA0002D2D40F0D380E368604604211E8893F8DF
:104DB00002801FF04AFD042104460C301FF04FF81A
:104DC000B7B20546C31C424639460220FEF78AFAAE
:104DD000A5F801602870CBE7681E0828C0D801A399
:104DE00053F820F03D500300F14F0300CB4F030078
:104DF000614D0300614D0300614D0300614D0300EF
:104E0000614D0300AB4F0300681E4D28A8D801A3D5
:104E100053F820F09D5003006750030045510300F4
:104E2000614D03003B5103001F5103000551030076
:104E3000F9500300ED500300CD500300614D030015
:104E4000614D0300614D0300614D0300AD5003004F
:104E5000B3530300AB530300A35303008153030078
:104E6000614D0300595303004B53030011530300DA
:104E7000F1520300614D0300E7520300D7520300D3
:104E8000B7520300614D0300614D0300614D030003
:104E9000975203007D5203006D5203003952030004
:104EA0002D520300614D0300614D03006F54030058
:104EB0006754030061540300415403000F5403007E
:104EC000DD530300D3530300C5530300D354030041
:104ED0007D5403000D520300BB510300614D0300DC
:104EE000614D0300614D0300614D0300614D0300FE
:104EF000614D0300614D0300614D0300614D0300EE
:104F0000614D0300614D0300614D0300614D0300DD
:104F1000614D0300614D0300614D0300614D0300CD
:104F2000614D0300614D0300614D0300614D0300BD
:104F3000614D0300614D0300614D03009951030071
:104F4000614D0300614D03008F510300012D7FF47B
:104F500007AFE2684D4B11685268196060462946F8
:104F60005A601FF072FC012104460C301EF077FFDE
:104F700000230370FCE67B2D00F0D8827C2D7FF4AB
:104F8000EFAEE3681F885988B8B202F0B3F805465F
:104F9000032130881FF059FC032104460C301EF019
:104FA0005EFF0570A0F80170E2E6604607211FF081
:104FB0004CFC072104460C301EF051FF0146002036
:104FC00001F8010BFEF7D0F9D2E6092160461FF087
:104FD0003CFC092104460C301EF041FF0346002230
:104FE00003F8012B6021C0F801205A604171BFE62F
:104FF000604641211FF029FC412104460C301EF07F
:105000002EFF002105463F2200F8021B35F0D3FA9F
:1050100004231F4AEB72EB7520231E49C5F81A20A2
:10502000C0204FF490626B704FF40A73A871C5F8FA
:105030002110A5F82720A5F80F3099E60921604630
:105040001FF003FC092104460C301EF008FF4FF44A
:1050500050610023104A01800D218370C3700171DB
:10506000C0F8052084E6042160461FF0EEFB042111
:1050700004460C301EF0F3FE00231B2103220370B4
:1050800041708370C27073E684B3002090010020E9
:10509000F7C3F70E30F0F97FF105FFFFE268C64B6A
:1050A0001168526819606046012159E76046022183
:1050B0001FF0CBFB022104460C301EF0D0FE002373
:1050C0000370054607F01EFA687051E6E368187829
:1050D000F1F74EFC0546012130881FF0B6FB012197
:1050E00004460C301EF0BBFE057041E6E16811F885
:1050F000010B01F0CBFBEDE7E16811F8010B01F0CA
:1051000057FBE7E7022160461FF09FFB02210446A0
:105110000C301EF0A4FE00230370437028E6E46800
:10512000A57BA3796279217920880295657B019519
:105130000734009401F042F9CCE7E1680120FEF762
:10514000E7F8C7E7604609211FF07FFB0921044605
:105150000C301EF084FE0346002503F8015BC0F806
:1051600001505D600646FEF7B7F82B4661F3070372
:10517000C1F3072262F30F23090C61F31743090AF5
:1051800061F31F63C6F80100C6F80530F0E5E0687A
:10519000C17907F0BDFC9DE7604603211FF055FB78
:1051A000032104460C301EF05AFE0146002301F88C
:1051B000023B0130FEF7A8F8DAE5E2689178108842
:1051C000B2F80540CB0703D5D37843F00303D3707F
:1051D00013798F07D17844BF43F00303137143EA77
:1051E0000102032A00F2E7814D0700F0E1815A072E
:1051F00000F0DE8114F003021CBF04F1FF3404F060
:10520000010201F011FF01463088ABE5E3681A782E
:10521000D10744BF0721597092074CBF07219978E5
:10522000587848BF997001F0F5FE53E7E368598854
:10523000188801F0BBFE4DE7604605211FF005FB15
:10524000052104460C301EF00AFE08A905460DF1A2
:105250001A0001F09FFEBDF81A30A5F80130BDF824
:105260002020A5F8032000232B7081E5E3681F8828
:105270009A885988B8B201F063FE88E6E268178818
:1052800092780023CDE90233CDE900330221B8B290
:1052900001F078FD7BE6E16800220F884B880392DD
:1052A00008890290C888019089880091B8B20221CB
:1052B00001F068FD6BE6092160461FF0C6FA09217E
:1052C00004460C301EF0CBFD3C493D4A01600023F2
:1052D000426003724CE5E3681F8800220621B8B2E1
:1052E00006F098FF53E6E268002132F8027BF6E709
:1052F000604609211FF0A9FA092104460C301EF06E
:10530000AEFD002300F8013B082108F0A3FB2FE5C8
:10531000E068002308AA00F110010AF0DFFF3088DE
:1053200011211FF092FA112104460C301EF097FD56
:105330000646002306F8013B08AD07460FCDC7F827
:1053400001007160B260F36012E5E368188801F053
:10535000B5FD0146308805E5E368604608211E88F2
:105360001FF073FA082104460C301EF078FD054644
:10537000E91CB0B201F04AFDA5F801602870F7E41D
:10538000E16800224B88088803920C890294CC883B
:10539000019489880091114601F0F4FC014630889F
:1053A000E0E4E06807F064F994E6E06807F0D2F81A
:1053B00090E607F0A9F88DE688010020008FCC3038
:1053C000ECC00100E368188807F098FB30880121E1
:1053D000C7E5E368187807F07DFB7BE6E3681868AB
:1053E00008909A889B798DF8263060460721ADF8A1
:1053F00024201FF02AFA072104460C301EF02FFD4E
:105400000546411C08A807F031FB2870B0E4E368AA
:10541000186808909A889B798DF826306046072195
:10542000ADF824201FF011FA072104460C301EF0BD
:1054300016FD0546411C08A807F0DEFA287097E41F
:10544000604602211FF001FA022104460C301EF0D2
:1054500006FD054607F0A0F9002368702B7087E46D
:1054600007F09CF936E6E06807F0D6F932E6E06826
:1054700000F11702C11D07F067FD2BE6E3686046E7
:1054800005211E881FF0E1F9052104460C301EF0AD
:10549000E6FC05462A1DB0B2E91C01F09DFDEB7843
:1054A0002A792870002B93FAA3F3B3FA83F308BF89
:1054B0004FF0FF330133EB70002A92FAA2F3B3FAF4
:1054C00083F308BF4FF0FF330133A5F801602B7160
:1054D0004EE4604609211FF0B8F9092104460C305A
:1054E0001EF0BDFC08AB05460DF11A0206A90DF130
:1054F000160001F065FDBDF81630A5F80130BDF8C5
:105500001830A5F80330BDF81A30A5F80530BDF8FD
:105510002020A5F8072000232B7029E4E368997860
:10552000188801F095FC014630881BE4E3681F8869
:1055300008A9B8B201F0AAFD0521054630881FF080
:1055400084F9052104460C301EF089FC0570A0F892
:105550000170BDF82030A0F8033009E4174B184A59
:105560004FF0FF3041F6FF71C3E90001154B0020F9
:105570000021C2E900011F200021C3E90001FEF75C
:10558000ABFA308801211FF060F9012104460C308C
:105590001EF065FC00230C4A03701360FFF798FAB5
:1055A000FFF7E6BBE268064B7AE5079CFFF7E0BB36
:1055B0001221FFF7D6BB1121FFF7D3BB90010020CA
:1055C00000180020880100202C8600202DE9F843D7
:1055D00000230B60038A032B2ED9054688460C3026
:1055E00004211EF063FC2B8A4788B0F80090BB4270
:1055F00022D31B2F20D801F071FB4FEA1936334616
:105600000446F8B19B0817D1D6B1012E14D12379E5
:10561000677166F301032371E9683A46E01D34F0CF
:10562000A2FF2146C9F30B0001F064FB08B9BDE8F5
:10563000F883204601F058FB6FF01500BDE8F883B1
:105640000226E4E70F4B1B689B0117D54FF0FF3292
:105650004FF0FF330220F6F775FC0221C8F8000076
:105660000C301EF0FCFB4FF48D730380D8F8000063
:1056700001210C301EF0F3FB012303706FF0680072
:10568000D5E700BF90010020F8B50E4B1B68DB0684
:1056900000D4F8BD02F10C0406460D462046022156
:1056A0001EF0DDFB034640F205421A80204604212D
:1056B0001EF0D5FB00270770A0F801503278C270A9
:1056C000F8BD00BF90010020024A1368013B13603F
:1056D000704700BF2C86002070B5037FC68803F09A
:1056E0000303013B012B0FD9164A1749174842F211
:1056F000CF331DF01DFB002383F31188BFF36F8FA1
:105700000323184602DF70BD044601F10C0528464C
:1057100004211EF0A4FB237F03F00303022B0CBF24
:1057200046F4005646F480560680637F4380617FCE
:1057300028461EF094FB627F04F11F01BDE8704013
:1057400034F011BFBCC20600DCC0060004C0060075
:105750002DE9F04390F804C0C688BCF1030F85B072
:1057600004460D4600F11C070ED0ACF1170CBCF13D
:10577000060F00F2AF82DFE81CF02B0088009000DB
:105780002100C100D400F400C37F033B122B00F2C0
:105790001F81DFE813F063011D011D018A01B101C2
:1057A0001D01E3011D011D011D01E8011D01BF01D6
:1057B0001D011A001D011D012D012D01C74B5B6844
:1057C00018044FF0000400F1398105B0BDE8F08302
:1057D000F80700F1ED81277F002F00F0E081BF4B3B
:1057E0005B689900F1D5BE4B1B6840F20122134261
:1057F00003F40078E9D00C35002F40F0F481B94A69
:10580000136801331360B8F1000F00F00C8202211D
:1058100028461EF024FB41F63E73038001212846F2
:105820001EF01DFB03460A221A7028461E211EF098
:1058300016FB0770A0F80160637FC370A37F03713C
:10584000D4F81F30C0F80530B4F82330A0F8093080
:10585000D4F82B30C0F80B30B4F82F30A0F80F304C
:10586000D4F82530C0F81130B4F82930A0F815303C
:10587000638EA0F81730A38EA0F81930E38EA0F83D
:105880001B3094F8383043779FE70A463846314654
:1058900005B0BDE8F043FFF7F7BE904B5B689A0098
:1058A0004FF0000891D58E4B1B685B078DD50C35EA
:1058B000022128461EF0D3FA40F63E230380012140
:1058C00028461EF0CCFA03464FF00309284683F819
:1058D000009009211EF0C3FAFF07054600F1EC8194
:1058E000237F2B70A5F80160E38BA5F80330238C90
:1058F000A5F80530638CA5F8073066E77A4B1B687E
:1059000019027FF562AF0C35022128461EF0A7FA76
:1059100040F257230380022128461EF0A0FA068099
:1059200053E76E4B5B689A007FF54FAF6C4B1B687B
:105930001B037FF54AAF0C35022128461EF08FFA73
:1059400040F23E430380012128461EF088FA1423CA
:105950000370032128461EF082FA0680237F83709D
:1059600033E75E4B5B689F007FF52FAF5C4B1B6896
:1059700018057FF52AAF0C35022128461EF06FFA74
:1059800040F23E630380012128461EF068FA0C2392
:105990000370052128461EF062FA237F0370A0F8E9
:1059A0000160627F002A92FAA2F3B3FA83F308BF80
:1059B0004FF0FF330133C370A27F92FAA2F3002AA3
:1059C000B3FA83F308BF4FF0FF3301330371FCE6F2
:1059D000464A4749474842F2A3331DF0A9F900233C
:1059E00083F31188BFF36F8F0323184602DFECE6C1
:1059F0003A4B5B689A007FF5E8AE394B1B685B0653
:105A00007FF5E3AE0C35022128461EF028FA40F659
:105A10003E330380012128461EF021FA072303703C
:105A20000A2128461EF01BFA0680A38C4380E38CD3
:105A30008380238CC380638C0381C6E60C350221EE
:105A400028461EF00CFA4FF44C73038003212846BD
:105A50001EF005FA0470A0F80160B6E61F4B5B6803
:105A600099007FF5B2AE1E4B1B68DA067FF5ADAE2E
:105A70000C35022128461EF0F2F940F63E53038011
:105A8000012128461EF0EBF9052303700C2128465E
:105A90001EF0E5F9034623F8026B216A626AC0F83A
:105AA00002105A60238D43818FE60C4B1B681B0646
:105AB0004FF000047FF589AE0C35022128461EF018
:105AC000CEF94FF481630380042128461EF0C7F904
:105AD00001230470A0F80160C37076E690010020F5
:105AE000880100202C86002000180020BCC206007F
:105AF000DCC0060004C0060090F820300E2B7FF4B6
:105B000064AE0B46324600211A2005B0BDE8F043D2
:105B1000FEF7EEBF724B5B68980059D5714B1B685E
:105B2000990655D50C35022128461EF098F940F605
:105B30003E330380012128461EF091F906230370AD
:105B40000A2128461EF08BF90680238C4380638C43
:105B50008380A38CC380E38C038136E60B463246F8
:105B600039460020D1E75E4B90F820401B681F06A5
:105B70007FF52BAE0C35022128461EF070F94FF44C
:105B800081630380042128461EF069F9002C08BFB8
:105B90001F2400230470A0F80160C37015E6A07FE5
:105BA00004F12503FF2204F11F0106F0E3FE16E6CF
:105BB0004D4A4E494E4842F2CF031DF0B9F800233A
:105BC00083F31188BFF36F8F0323184602DF02E6C9
:105BD0000023CDE90233CDE900331A2202213046F9
:105BE00001F0D0F8F1E5B8F1000F4CD102212846C0
:105BF0001EF035F941F23E330380012128461EF0A4
:105C00002EF901230370122128461EF028F9C0F84E
:105C10000180C0F80580C0F80980C0F80D8080F8C8
:105C200011800770D1E5022128461EF018F941F2D3
:105C30003E330380012128461EF011F9034601225C
:105C40001A70284612211EF00AF90770A0F80160A8
:105C5000637FC370A37F03F001030371D4F81F3087
:105C6000C0F80530B4F82330A0F80930638EA0F8EE
:105C70000B30A38EA0F80D30E38EA0F80F3094F80F
:105C800038304374A1E5022128461EF0E8F841F6B9
:105C90003E730380012128461EF0E1F80A230370B9
:105CA0001E2128461EF0DBF804461D22002101308B
:105CB00034F081FC277088E50B4A0E490C4842F20B
:105CC00058131DF035F888F31188BFF36F8F4846DD
:105CD00002DF05E6044A0849054842F2BF237CE694
:105CE0009001002088010020BCC20600F8C2060016
:105CF00004C0060034C30600DCC0060070B500F125
:105D00000C040E462046022115461EF0A8F840F26B
:105D100013530380052120461EF0A1F801230370D0
:105D2000A0F80160A0F8035070BD00BF0379032BF9
:105D300009D0172B05D0183B052B8CBF0020032062
:105D4000704701207047037F03F00303032B14BF48
:105D500005200420704700BF30B583B01B4B079D62
:105D60001B4AEB1AA2FB032313F47F5FC3F38714D0
:105D70001BD1A21C174B0095D2B201210020FDF7C8
:105D80001FFA10F0FD0F0ED0134A1449144840F6C4
:105D9000EB131CF0CDFF002383F31188BFF36F8F4B
:105DA0000323184602DF03B030BD0B4A0D490C48EF
:105DB00040F6E6131CF0BCFF002383F31188BFF309
:105DC0006F8F0323184602DFD3E700BF64860020ED
:105DD00009CB3D8D7D5E030070C30600BCC3060089
:105DE00004C00600B0C30600F8B505682F6E06466D
:105DF000C7B16C6E00232B6644B30021172369667C
:105E000023714FF6FF73E38004F11C001E2234F06F
:105E1000D2FB3C232377A66021463846BDE8F840F4
:105E2000FEF752B9114A1249124840F633231CF0CA
:105E30007FFF87F31188BFF36F8F0323184602DFBC
:105E40006C6E2F6E00232B66002CD6D1074A0A49B0
:105E5000084840F637231CF06BFF84F31188BFF32A
:105E60006F8F0323184602DF6C6EC6E770C306000F
:105E7000D8C3060004C00600ECC3060000B170479A
:105E80000C4B10B502460446996002200121FBF735
:105E900045FE00B910BD084A0849094840F60723E5
:105EA0001CF046FF84F31188BFF36F8F032318465D
:105EB00002DF10BD7006002070C30600D8C10600C6
:105EC00004C0060038B5044610F81C3B002B2ED049
:105ED000194D6369A8607BB1184A1949194840F601
:105EE0001C231CF025FF002383F31188BFF36F8F61
:105EF0000323184602DFA86813490F4B0022C4E9A8
:105F0000051011460120FBF709FE00B938BD0B4A08
:105F10000E490C4840F623231CF00AFF002383F3AC
:105F20001188BFF36F8F0323184602DF38BDBDE829
:105F30003840FFF759BF00BF6006002070C306005D
:105F400004C4060004C00600E95D0300D8C10600D1
:105F500038B50C46124994F82930124A0978117064
:105F600004EB8303DB6A1D7800B938BDFEF76EF9D8
:105F70008442FAD015F00E0F02D1236A002BF4D020
:105F8000094A0A490A4840F6D3131CF0D1FE0023FF
:105F900083F31188BFF36F8F0323184602DF38BDE8
:105FA000DAC60020D9C6002070C3060018C4060057
:105FB00004C0060000B5154B93F829109A8C93F88D
:105FC0006AC003EB81014FF0020E22F44372C86AEB
:105FD0006EF3420C4FF4006122F00202A3F8681045
:105FE00083F86AC042F00E0206214FF0000C9A843A
:105FF00080F800C0417093F8350003EB8003042261
:106000009B6B1A7059705DF804FB00BF648600201A
:1060100070B51C4C256AAB6F73B11B4A1B491C48F9
:106020004FF426631CF084FE002383F31188BFF332
:106030006F8F0323184602DF05F16C0105F168003C
:10604000FBF7EAFC064670B12868AE6700F01EFE5A
:106050000025606E2562FEF725F8206E6566FEF766
:1060600015F8256670BD084A0A49094840F66223BA
:106070001CF05EFE86F31188BFF36F8F0323184672
:1060800002DFE1E76486002070C3060070C40600EA
:1060900004C0060074C5060030B5504C94F86A3050
:1060A000D90785B067D5236A53B193F82C2042F005
:1060B000020283F82C20236A93F82C30DA0771D47B
:1060C0004648FEF7ABF884420ED0454A454946485B
:1060D00040F62B331CF02CFE002383F31188BFF312
:1060E0006F8F0323184602DF94F82430DB0703ADDB
:1060F0000DD5022103913D4B009503210122002083
:10610000FDF75EF82946FEF777F800285BD10222FA
:10611000364B0095032100200392FDF751F82946E4
:10612000FEF76AF8054648BB3148FEF7B3F808B1F8
:10613000783039D12948FEF77DF884420ED0284ABC
:106140002849294840F64D331CF0F2FD002383F323
:106150001188BFF36F8F0323184602DF236A0BB148
:10616000FFF756FF94F86A3000206FF3000384F8BD
:106170006A3006F01FFD002005B030BD1748FEF75D
:1061800059F884420ED0164A1649174840F644334F
:106190001CF0CEFD002383F31188BFF36F8F032320
:1061A000184602DF0C20E7E70D4A12490E4840F678
:1061B0004A331CF0BDFD85F31188BFF36F8F0323B5
:1061C000184602DFB6E70548FEF734F88442E9D006
:1061D000034A0449044840F63633D9E76486002070
:1061E00070C3060084C4060004C0060031340300F6
:1061F0008086002090C40600037803F00F0302F1AC
:10620000FF3C022B1FFA8CFC25D0012B0DD0103146
:10621000C9009BB1062B11D04FF4F37313FB0CF3A1
:1062200040F25320184480B2704740F2162313FB0B
:106230000CF340F2E330184480B2704740781030DD
:10624000C00001F21B3100F5B37313FB0CF30844DB
:10625000184480B2704741780CEB8C03C3EB0310F9
:10626000400001F11003DB0000F23B1003FB0202CF
:1062700090B270472DE9F0431E468BB04FF6FF7386
:106280009E429DF84890139C17D025780135EDB2B9
:1062900080461746257075B33B493C4B0E8104F18F
:1062A0001C000022C860C1E9008781F80A9099604B
:1062B00001201146FBF732FC68B994F8240010F075
:1062C000010505D1324A334B11781B788B4221D01E
:1062D0000BB0BDE8F083304A3049314840F66C13CA
:1062E0001CF026FD002383F31188BFF36F8F032377
:1062F000184602DFE1E7284A2A49294840F64A13AE
:106300001CF016FD85F31188BFF36F8F0323184629
:1063100002DFC1E70133042109A8137007F0B6FBBF
:10632000099B214A0694A2FB0312991A02EB51021F
:10633000120A40F2471101FB12331C4A1C49A21AEF
:10634000A1FB021292091B490232CDE9045101332B
:10635000CDE90255CDE90055D2B201212846099375
:10636000FCF716FF10F0FD0FB2D00B4A12490C4893
:1063700040F2BB731CF0DCFC85F31188BFF36F8F18
:106380000323184602DFA3E73886002050060020CA
:10639000DAC60020D9C6002070C30600D8C10600A6
:1063A00004C00600A8C4060021F1D4906486002031
:1063B00009CB3D8D515F0300ACC406002DE9F04FC1
:1063C000714C1F46714B94F86A6086468C4693E880
:1063D000030083B016F001061546DDF830809DF805
:1063E00034209DF8383000908DF8041040F08A80F9
:1063F000A18C02F0070203F00303520021F4437161
:1064000042EA032221F002010A43A28494F82920DF
:1064100004EB8202BCF1010F0CF10803D2F82C90BE
:1064200008BF4FF0000E0DEB030CA4F868E099F8DC
:1064300000A01CF8083C2AF01F0113F00E0F03F017
:106440000F030CBF012200220B4362F3451389F8AE
:10645000003003F00F03012B0AF00F0A49D094F823
:106460006A3065F3420384F86A30DAB25B070CD510
:10647000134667F3C30384F86A30D8F80030C4F8D1
:106480006B30434BB8F804209A8099F8003003F041
:106490000F02012A05F0010B39D099F80120F2B161
:1064A000BAF1010F51D099F800306BF386136FF3F6
:1064B000C71389F8003094F83530E46104EB8304A5
:1064C000AD01A36B05F040055A7845F004051D7039
:1064D0000AB906225A70304603B0BDE8F08F6BF35C
:1064E000861362F3C71389F80030062389F8013058
:1064F000E1E7BAF1010FB2D099F80120CAB984F8E6
:106500004060ACE70C26304603B0BDE8F08F4A4649
:106510006BF3861367F3C71302F8083BD8F8001033
:10652000C9F80810B8F8041091800C2389F80130DC
:10653000C1E7052A16D9063AD2B209F10801154871
:1065400084F8402034F00FF889E794F8402011498E
:1065500009F1080034F007F894F84030063389F860
:106560000130A0E70C4A0D490D4840F2BD131CF064
:10657000DFFB86F31188BFF36F8F0323184602DF1A
:1065800099F80120D7E700BF6486002054B40600C4
:10659000CF860020A586002070C30600E4C4060054
:1065A00004C0060010B5064C204607F015FF04F1A4
:1065B0000C0007F011FFFFF7FDFC002010BD00BF2D
:1065C0008C86002008B5FFF767FD002008BD00BFDE
:1065D00038B5094C04F10C05204607F00DFF28469C
:1065E00007F00AFF204607F0F7FE284607F0F4FE02
:1065F000FFF7E0FC002038BD8C860020034A044BE6
:10660000801AA3FB0030C0F38F107047648600200F
:1066100009CB3D8D044A0068044B801AA3FB00306F
:10662000C0F38F10704700BF6486002009CB3D8DFA
:1066300038B9054890F86A3013F0010F08BF002000
:1066400070470020704700BF6486002028B9044BC3
:1066500093F86A0000F0010070470020704700BF07
:106660006486002050B9064B93F86A0010F00100D0
:1066700005D093F8250000F0030070470020704714
:106680006486002070B5054690F826000C4606F09A
:10669000E1FB18B3237843F04003237023780268AA
:1066A000C4F8022003F00F038288E280012B04F17A
:1066B000020601D0304670BD95F8260006F0FCFBBE
:1066C0000028F7D02278234642F0800203F8082BF6
:1066D0000268A26082889A80304670BD2078C0F33C
:1066E0008010FCF731FED9E71F2957D82DE9F0417A
:1066F00090F8293000EB830382B0DF6A3B7803F027
:106700000F03012B0E460546904649D00DF10701B7
:10671000283007F0DDFE3A78037802F00F0223F00C
:106720001F03134303703B780278C3F3401363F3F2
:10673000451202703B78D2B2C3F38013394663F33B
:106740008612027011F8023BD2B2DB0963F3C71262
:10675000044600F8022B062233F013FF324641466E
:1067600004F10800063633F0FEFE667095F86A30D4
:10677000DB0707D49DF8073085F82930002002B0E8
:10678000BDE8F08195F8353005EB830321469A6B1F
:106790002846F0F7A1FA0028ECD0F0E71220704765
:1067A00080F840100A464130414633F0DCFEE5E710
:1067B00003460A4601481946FFF796BF6486002043
:1067C0001F295FD82DE9F04190F8353000EB8303A5
:1067D00082B09E6B0F460446904600F13405002EB1
:1067E00041D028460DF1070107F072FE037823F02F
:1067F0003F03314643F00403037011F8022BDBB270
:10680000C2F3801203F03F0343EA82130370BB1DFF
:10681000437005460622023033F0B3FE3A46414645
:1068200005F1080033F09FFE94F86A30DA0707D4C8
:106830009DF8073084F83530002002B0BDE8F081C3
:1068400094F8292004EB82024123D16A0A7802F0ED
:106850000F02D340DB07EBD52A462046F0F73CFA7F
:106860000028E5D0E9E7284607F0B6FDC0B258B9E0
:1068700094F8353004EB83039E6B042333700623B6
:106880007370AEE7122070470720D6E703460A462A
:1068900001481946FFF794BF6486002010B5134BDA
:1068A0001348144C01224FF4D871FBF73DF8124BFA
:1068B0000322181D2421FBF737F8104B0722181D5F
:1068C0000821FBF731F802F02FFB0D4A0D4B0E4962
:1068D000002010601B221A800C4A03234FF4A47C72
:1068E000A4F800C00B70137010BD00BFF886002024
:1068F0000818002086B3002038870020FC8600207E
:106900001088002088B30020DCC60020DBC60020F1
:106910002DE9F0410768324982B005464FF4D8723C
:106920003846FBF755F805F16806294608F06AF97C
:10693000E86E01AA3146FBF78BF800B3294C4FF6FD
:10694000FF7894F8412094F84010531CDBB2082BD8
:1069500008BF0023994232D004EBC20124F83280F0
:10696000019A4A6012680260019A1060E86E84F829
:10697000413001AA3146FBF76BF80028E1D1D7F886
:10698000644107F5B2754CB10023C7F8643129465C
:106990002046FDF753FD02B0BDE8F081124A1349CD
:1069A000134840F2FC731CF0C3F984F31188BFF361
:1069B0006F8F0323184602DFD7F86441E4E70A4AE1
:1069C0000C490B484FF4FD631CF0B2F9002383F32C
:1069D0001188BFF36F8F0322104602DF1B80FFDE9A
:1069E00008180020A887002024C506006CC50600F2
:1069F00004C0060064C5060010B50C46C0B9144BAF
:106A00000022012102209C60FBF788F800B910BD2C
:106A1000104A1149114840F2A2731CF089F9002371
:106A200083F31188BFF36F8F0323184602DF10BD75
:106A3000084A0B49094840F29C731CF079F900237D
:106A400083F31188BFF36F8F0323184602DFD6E765
:106A5000A006002024C50600D8C1060004C0060018
:106A60007CC5060008B50C4B002298601146012039
:106A7000FBF754F800B908BD084A0949094840F233
:106A8000CE731CF055F9002383F31188BFF36F8F89
:106A90000323184602DF08BD8006002024C5060037
:106AA000D8C1060004C0060038B5044610F81C3BE7
:106AB000002B2ED0194D6369A8607BB1184A194983
:106AC000194840F2B7731CF033F9002383F311889F
:106AD000BFF36F8F0323184602DFA86813490F4BDB
:106AE0000022C4E9051011460120FBF717F800B990
:106AF00038BD0B4A0E490C4840F2BE731CF018F921
:106B0000002383F31188BFF36F8F0323184602DF3E
:106B100038BDBDE83840FFF7A5BF00BF9006002094
:106B200024C5060004C4060004C00600656A03000C
:106B3000D8C1060008B583685A6892F82730DB0987
:106B40000FD10B4A0B490C4840F213731CF0F0F8BC
:106B5000002383F31188BFF36F8F0323184602DFEE
:106B600008BD0146BDE808400831F0F7F1BC00BFA0
:106B700024C50600DCC0060004C0060000B970474A
:106B800010B50C46FDF780FB844212D0FDF75EFB8A
:106B900084420ED0074A0849084840F2D6631CF0E8
:106BA000C7F8002383F31188BFF36F8F03231846C0
:106BB00002DF10BD24C5060088C5060004C006001B
:106BC00010B50C46A0B92046FDF752FB84420ED00A
:106BD0000F4A1049104840F2EC631CF0A9F800235A
:106BE00083F31188BFF36F8F0323184602DF10BDB4
:106BF000074A0A49084840F2E9631CF099F8002363
:106C000083F31188BFF36F8F0323184602DFDAE79F
:106C100024C50600DCC5060004C006007CC50600CD
:106C200010B50C46A0B92046FDF716FB84420ED0E5
:106C30000F4A1049104840F2E2631CF079F8002333
:106C400083F31188BFF36F8F0323184602DF10BD53
:106C5000074A0A49084840F2DF631CF069F800233C
:106C600083F31188BFF36F8F0323184602DFDAE73F
:106C700024C50600DCC5060004C006007CC506006D
:106C80000148FAF777BE00BFF88600200149FAF7FD
:106C900087BE00BFF886002002494FF4D872FAF789
:106CA00097BE00BF0818002002464FF4D871014873
:106CB000FAF78ABE0818002058B908B502464FF402
:106CC000D8710548FAF780FE038E03B908BD00208D
:106CD00008BD0020704700BF081800200148FAF7DF
:106CE00049BE00BF388700200149FAF759BE00BFEE
:106CF0003887002000283CD170B502460E461E4859
:106D00004FF4D871FAF760FE028E0546E2B91B4CCB
:106D100094F821C094F820100CF10103DBB2042B8D
:106D200008BF0023994221D024F83C2004EBCC0C6E
:106D3000CCF8046084F82130037843B995F94330E6
:106D4000002B0EDB002070BD6FF0150070BD0C4BEA
:106D5000012198600320FAF7E1FE95F94330002BFA
:106D6000F0DA0021284605F01BFAEBE76FF0680027
:106D700070BD6FF01500704708180020EC870020E8
:106D8000B00600202DE9F04782B0BDF82870BDF8AC
:106D90002C80BDF83090B0B90C4615464FF4D87130
:106DA000024619481E46FAF70FFE038E824653B973
:106DB0006CB1022C03D0012002B0BDE8F087CDB940
:106DC00002F020FB12E0022002B0BDE8F0870D9B2C
:106DD0000193CDF8009043463A46314602F08AFAD4
:106DE0000028E9D19AF94330002B07DB002002B0DC
:106DF000BDE8F087294602F015FBF7E7014650464B
:106E000005F0CEF9F2E700BF08180020E0B938B568
:106E100002460C460D484FF4D871FAF7D5FD038EA3
:106E2000054643B902F0F8F938B1036823600379E5
:106E30002371002038BD022038BDD5F83E302360D4
:106E400095F842302371F4E70220704708180020BB
:106E500038B510B10224204638BD02460C4615480C
:106E60004FF4D871FAF7B0FD038E0546FBB91A2C22
:106E700004D8042C16D81224204638BD292C01D061
:106E80003B2CF8D12146284602F0ACF904460028F4
:106E9000E1D195F94330002BDDDA0146284605F0B3
:106EA0007FF9D8E7044BE340DB07EBD4E3E70C249E
:106EB000D1E700BF081800202000380438B598B981
:106EC00002464FF4D8710D48FAF77EFD038E054651
:106ED00053B9012102F034F9044618B995F9433049
:106EE000002B04DB204638BD0224204638BD014675
:106EF000284605F055F9204638BD00BF0818002087
:106F000038B590B902464FF4D8710C48FAF75CFDD9
:106F1000038E05464BB902F02BF9044618B995F9D2
:106F20004330002B04DB204638BD0224204638BD08
:106F30000146284605F034F9204638BD08180020DF
:106F4000F0B970B50D4616464FF4D8710246104898
:106F5000FAF73AFD038E044683B9D0F840319B0618
:106F60000AD53246294602F069F920B994F943302E
:106F7000002B07DB002070BD1A2070BD022070BD01
:106F8000022070470146204605F00AF9F2E700BFEB
:106F900008180020034A044B12881B8802800B80CB
:106FA000704700BF88B3002086B30020024A034B1D
:106FB000108019800020704788B3002086B300201D
:106FC0004FF0450CA0F800C04FF42670A2F800C0A6
:106FD00008801880704700BFC0B938B50D46144608
:106FE0004FF4D87102460A48FAF7EEFC0346008EC9
:106FF00050B993F88220C2F302022A7093F88330CA
:10700000C3F30203237038BD022038BD022070474D
:1070100008180020024A034B1070197000207047B6
:10702000DCC60020DBC60020F0B583B0F8B90F46FF
:1070300016464FF4D871024613481D46FAF7C4FCB1
:10704000038E04469BB9D0F84031DB0513D52B469F
:10705000012500953246394602F09CF8054618B9DC
:1070600094F94330002B0ADB284603B0F0BD02251B
:10707000284603B0F0BD1A25284603B0F0BD0146EE
:10708000204605F08DF8EFE70818002060BB10B52A
:1070900002460C4615484FF4D871FAF795FC038E5A
:1070A00003BB438EB0F89621052B0FD801339BB25A
:1070B00002FB03F30E494FF4FA7202FB03F3A1FB48
:1070C0000313C3F34F332380002010BD03FB02F2F0
:1070D000074940F2E24303FB02F2A1FB0212C2F3B2
:1070E0004F33F0E7022010BD02207047081800203F
:1070F0005917B7D158BB10B502460C4615484FF486
:10710000D871FAF761FC038EFBB9438E42F210721C
:1071100002FB04F1052B01F1FF310DD801339BB2C5
:107120004FF4FA7202FB03F31944B1FBF3F189B295
:10713000A0F89611002010BD40F2E24202FB03F3DA
:107140001944B1FBF3F189B2F2E7022010BD02202D
:10715000704700BF08180020FFF7A0BB38B5002219
:107160004FF4D8711948FAF72FFC044600F11C02BD
:1071700001460320FDF7CCF818B110F1780F054651
:107180000ED11349134A00234FF6FF702086C4F82E
:1071900094300B84A2F84030BDE83840FFF77EBB46
:1071A00040F221730C490D480D4A1BF0C1FD0D48FA
:1071B0002A4600211BF0BCFD002383F31188BFF396
:1071C0006F8F0323184602DFDBE700BF081800209B
:1071D000EC870020A887002018C6060004C006001F
:1071E00024C5060030C60600014B1878704700BF62
:1071F000DCC60020014B1878704700BFDBC60020BA
:1072000038B58B6808601D682B780C46A3B16B6994
:1072100073B10C4A0C490D484FF45E731BF088FDA6
:10722000002383F31188BFF36F8F0323184602DF17
:10723000074BC5E9053438BDBDE838400846FFF7BF
:1072400079BC00BF24C5060004C4060004C00600C3
:10725000356B03000B68DA8892BB70B50C460646A6
:107260004FF4D8711848FAF7AFFB038E05461BBBE5
:1072700002F014F92268137F03F00303032B08D1F3
:1072800001231371226831462846BDE8704002F0A0
:1072900019B953B995F890319B0703D53D2385F86B
:1072A000603122680123137170BD95F890319A07FF
:1072B000FAD53D2385F86031236801221A7170BD2B
:1072C00001221A71704700BF08180020F8B5044663
:1072D000008E1D464FF6FF7398420F4616460CD09F
:1072E0002046C4E94776A4F8245101F0BBFE94F887
:1072F000903113F0010010D1F8BD0B4A0B490C4836
:1073000040F2BE331BF014FD002383F31188BFF35A
:107310006F8F0323184602DFE2E76FF3000384F860
:1073200090316FF08B00F8BD24C5060048C60600FA
:1073300004C00600F8B51C4C1C4E94F821200746EA
:107340001AE0FAF741FB0346E0301B8E0BBB69687D
:1073500001F002FC94F8201094F821204B1C8A4282
:1073600007F1FF30DBB204D0042B08BF002384F800
:10737000203010F0FF0716D094F8203093424FF4DD
:10738000D87130460FD034F8332004EBC305002AFF
:10739000D7D069680B796FF301034FF6FF700B715B
:1073A000FCF7D2FED6E7F8BDEC87002008180020D5
:1073B0002DE9F04F414A1468A04206460B4604BF2F
:1073C00000211160008EA6F86A01182283B0012105
:1073D00086F8682186F88031304601F04DFE06F1CE
:1073E000E007304601F05CFE384601F09DFB384670
:1073F00001F0D2FB044600283BD00379DFF8D0909F
:10740000DFF8C4B0DFF8CCA003F00303032B0CBFFC
:107410000346002303604846FAF7ACFA06F18808F1
:107420000546B8B1214642462846FAF7FFFA3846E3
:1074300001F0B2FB0446E0B1037903F00303032B30
:107440000CBF0346002303604846FAF793FA05464B
:107450000028E7D11A4840F28D735A4651461BF076
:1074600067FC85F31188BFF36F8F0323184602DF93
:10747000D8E7328E134B00960332D2B2012100209E
:10748000FBF79EFE10F0FD0F0ED00F4A0F490C487F
:1074900040F253731BF04CFC002383F31188BFF3BD
:1074A0006F8F0323184602DF4FF6FF73FF203386EA
:1074B00003B0BDE8F04FFFF73DBF00BF10880020CC
:1074C00004C00600F969030024C50600E8C50600EB
:1074D000FC86002074C5060000293BD02DE9F84F3A
:1074E0004D1EDFF87890DFF878B0DFF878A0074617
:1074F000EDB200F1E00815E0237903F00303032B5C
:107500000CBF234600232360FAF734FA064690B1F5
:10751000013D07F1880221463046EDB2FAF786FABE
:10752000FF2D06D0404601F037FB04464846002CAC
:10753000E2D1BDE8F88F084840F2B5535A465146AB
:107540001BF0F6FB86F31188BFF36F8F03231846F9
:1075500002DFDDE7704700BF04C00600FC860020A4
:1075600024C5060074C5060010B504460120FFF7C7
:10757000E1FE20460121BDE81040FFF7ADBF00BF8E
:107580000149FAF70DBA00BFFC860020014B93F8C1
:1075900041007047A887002000B50A4B93F840C00F
:1075A00093F841E0F4450BD080F800E033F83C005C
:1075B000088003EBCC035B68136018685DF804FB7C
:1075C0000020FBE7A8870020074B93F840C08445C4
:1075D00008D003EBCC0033F83C300B8043681360D9
:1075E0001868704700207047A8870020094A92F861
:1075F000401092F841308B4209D04B1CDBB2082B73
:1076000008BF002352F8310082F840307047002054
:10761000704700BFA887002008B5134A92F841C000
:1076200092F840E00CF10103DBB2082B08BF002305
:107630009E4508D022F83C0002EBCC0CCCF804109C
:1076400082F8413008BD094A09490A4840F2F4531A
:107650001BF06EFB002383F31188BFF36F8F0322AF
:10766000104602DF1B80FFDEA887002024C506002D
:10767000C0C6060004C00600F8B557791446054692
:107680000E467FB3237903F00302032A0CD04FF692
:10769000FF72954204BF6FF3010323712146284610
:1076A000BDE8F840FCF750BD4FF6FF739D4228D16E
:1076B00033689C423AD0002BF0D01F4A1F49204823
:1076C00040F216631BF034FB002383F31188BFF3F1
:1076D0006F8F0323184602DF21462846BDE8F84095
:1076E000FCF732BD144A1749154840F201631BF0FC
:1076F0001FFB87F31188BFF36F8F0323184602DF48
:10770000C0E72A464FF4D8710F48FAF75DF92146D1
:1077100001F0A6FE3368A342CDD13DB90A482A46FE
:107720004FF4D871FAF750F9038E03B100202146C7
:10773000BDE8F84001F04ABC24C50600D4C60600E6
:1077400004C00600C8C606000818002090F866208D
:10775000B0F85C30C2F30212022A14BFDB089B08A7
:1077600090F87E20B0F8580014BF0A3B0B3B9BB248
:10777000D20644BF043B9BB2984228BF18467047CC
:10778000704700BF90F8903143F0020380F89031C9
:10779000704700BF90F890316FF3410380F890314B
:1077A000704700BF0278838F12B1581E80B27047B5
:1077B000C18EB0F824215818104480B2704700BF21
:1077C00010B50B68C0F83E3004463E300B790371AB
:1077D0000521FAF7BBFA94F8433060F3050384F807
:1077E000433010BDB0F87C30B3F5267F28BF4FF48E
:1077F0002673B3F5A47F4FF4267038BF4FF4A473FB
:1078000008801380704700BF00B5B0F86C20B0F856
:10781000661003468A4290F88300B3F86AC028BF16
:107820000A4600F00700B3F870101B2A38BF1B226D
:10783000042814BF4FF4A4704FF42960614528BF99
:1078400061468142B3F87AC038BF01468C45B3F82F
:10785000760044D09042A3F87A1001D0A3F87620A5
:1078600093F8DD2042F00202012083F8DD20B3F816
:1078700064C0B3F86E2093F88210B3F868E06245F4
:1078800028BF624601F007011B2A38BF1B220429CA
:10789000B3F8721014BF4FF4A47C4FF4296C7145F7
:1078A00028BF71466145B3F878E038BF61468E4520
:1078B000B3F874C017D06245A3F8781001D0A3F8CC
:1078C000742093F8DD206FF3410283F8DD2093F8F4
:1078D000DD200120024383F8DD205DF804FB9042A7
:1078E000BCD10020C3E76245E9D193F8DD1041EA3D
:1078F000510202F0010221F003010A4383F8DD2066
:107900000028E4D15DF804FBB0F86C20B0F86610F4
:1079100003468A4290F88300B3F86AC028BF0A463B
:1079200000F00700B3F870101B2A38BF1B22042890
:1079300014BF4FF4A4704FF42960614528BF61461D
:107940008142B3F87AC038BF01468C45B3F876005F
:107950000DD09042A3F87A1001D0A3F8762093F8C6
:10796000DD2042F00202012083F8DD2070479042C2
:10797000F3D10020704700BFB0F86E20B0F864105B
:1079800003468A4290F88200B3F868C028BF0A46CE
:1079900000F00700B3F872101B2A38BF1B2204281E
:1079A00014BF4FF4A4704FF42960614528BF6146AD
:1079B0008142B3F878C038BF01468C45B3F87400F3
:1079C00014D08242A3F8781001D0A3F874204FF0AD
:1079D000010C93F8DD106046C1F3400242EA0C024C
:1079E00021F003010A4383F8DD2070478242ECD185
:1079F00093F8DD10002001F0010CEDE71B2928BFF2
:107A00001B21B2F5A47F064BA0F87E1028BF4FF4CF
:107A1000A472A0F87C208366A0F86410704700BFB1
:107A200048019802F8B5002343678367A0F88030C7
:107A3000314B324A1B8812881B2B28BF1B23A0F80E
:107A40007E30A0F86430452301F00305A0F86630CD
:107A50004FF01B1305F12806C366523590F88330AA
:107A6000B2F5A47FC1F340014FEAC6064FEAC5054F
:107A700028BF4FF4A472CE40CD4003F00703B7B245
:107A8000ADB2A0F87C20042B4FF4A4720446A0F8F9
:107A90006A50A0F87070A0F87270A0F8682020D02A
:107AA000AF423B4628BF2B46934238BF1346A4F84B
:107AB0007A301B23A4F8763094F8DD3043F00203CB
:107AC00084F8DD302046FFF757FF94F8DD30AF42F1
:107AD00043F0010384F8DD3006D0012384F88030C0
:107AE000F8BD4FF42963E2E7B6F5A47FF5D1636EE4
:107AF000B3F11B1FF1D1F8BD88B3002086B300207D
:107B0000F8B506460F46154601F040F90446002830
:107B10003CD02A1F201D092A06D8DFE802F01F22C8
:107B2000250505050528052B234A2449244840F24C
:107B3000DF231BF0FDF8002383F31188BFF36F8F61
:107B40000323184602DFE3797B732146304601F0B8
:107B500033F9304604F028F82046F8BD02F0BAFEAA
:107B6000F1E702F0CFFEEEE702F0D6FEEBE702F01F
:107B7000DDFEE8E796F8303197F84E101BB1D6F8E5
:107B800040315B0711D402F0DBFEDCE70A4A0D4905
:107B90000B484FF431731BF0CBF884F31188BFF31B
:107BA0006F8F0323184602DFB3E70A4697F84D109C
:107BB00002F0D2FEC7E700BFE0C60600DCC0060048
:107BC00004C00600C4C60600F8B505460C4601F020
:107BD000D5F828B9204601F013F90323A372F8BDA4
:107BE000042221462846FFF78BFF8368C268C4F849
:107BF0004720C4F843300369C5F8B830A6690023AC
:107C0000A361A6B10323377933712B8EF38006F17C
:107C10001C01204602F046FE2D2F02D00423A37241
:107C2000F8BD30683146FCF74FFA0423F7E7074AFE
:107C30000749084840F2F6231BF07AF886F31188CA
:107C4000BFF36F8F0323184602DFDBE7E0C60600B1
:107C500024C7060004C0060070B504460D4601F0B6
:107C60008DF810B90623AB7270BD04F19B06334644
:107C7000002205F13B0105F12B0008F02FFBD4F8A1
:107C8000A310C4F8C410D4F8B410D4F8A720C4F8D2
:107C9000D510D4F8B810D4F89F30C4F8C820C4F870
:107CA000D91094F8B32094F8D410C4F8C03000234D
:107CB000D4F89B0084F8AB3063F30001C4E933339C
:107CC00084F8AC3084F8AD3084F8AE3084F8AF304E
:107CD00084F8B03084F8B13084F8B23042F0010357
:107CE000C4F8BC0084F8D41084F8B33005222946C7
:107CF0002046FFF705FF4FF4C1636B8194F89A307B
:107D000043F0080384F89A3070BD00BFF0B50C460C
:107D1000897A83B0064615460D2900F22C81DFE8EA
:107D200001F05E6669959907070C1736393E4F5288
:107D3000002D00F0A18003B0F0BD002DFBD1214645
:107D400001F01CF8002840F0C7800723A372F2E777
:107D5000022DF0D1A5690023A361002D00F0EE8073
:107D600003272F71338EEB80237A052B00F0E180FF
:107D7000062B40F0CF801A232B712146304600F0AD
:107D8000FDFF002840F08D800923A372D3E7002D6A
:107D9000D1D1F2E7002DCED10B23A372CBE7072D73
:107DA000C9D1012101F00CF83046FFF7EBFC214668
:107DB000304600F0E3FF002864D10C23A372BAE739
:107DC000002DB8D1F3E7082DB5D140F2023363811D
:107DD00090F89A306FF3041380F89A30ABE7002DD7
:107DE000A9D1237A062BD7D00223A372A3E7002DB3
:107DF000FAD0A0E7012D9ED12946019300F0E0FFC3
:107E00003046FFF7BFFC304602F066FA019B5A6825
:107E10009968C4F82510C4F821201A7B84F8292019
:107E20005A7B84F82A20D3F80E20D3F81210C4F815
:107E30003F10C4F83B20D3F81630C6F8B4302146C2
:107E4000304603B0BDE8F040FFF7BEBE002D7FF422
:107E500072AFF4E7032D0CD0042D7FF46CAF062134
:107E600040F20362072384F82010A4F84D20A37287
:107E700061E70523A3725EE7214603B0BDE8F04049
:107E8000FFF7EABE0B2221463046FFF739FE40F6E7
:107E90000D33638196F89A306FF3C30386F89A30F6
:107EA00049E7062221463046FFF72AFE304604F015
:107EB00049F80023A3720121304600F095FF3046B7
:107EC000FFF768FC304602F00BFA96F89A3043F060
:107ED000100386F89A302EE70D2221463046FFF730
:107EE0000FFE304604F02EF894F82030062B34D0E4
:107EF000242B3FF420AF284A2849294840F2773301
:107F00001AF016FF85F31188BFF36F8F032318460D
:107F100002DF10E7204A2149214840F21E331AF0BF
:107F200007FF002383F31188BFF36F8F384602DF0A
:107F300023E705F11C0002F0EFFC1EE7164A194981
:107F4000174840F20F331AF0F3FE85F31188BFF3A0
:107F50006F8F0323184602DF02E70121A17230462A
:107F600000F042FF3046FFF715FC304603B0BDE895
:107F7000F04002F0B5B9084A0849094840F2D34335
:107F80001AF0D6FE002383F31188BFF36F8F03230B
:107F9000184602DFCFE600BFE0C60600DCC00600E0
:107FA00004C0060024C7060092F81FC0ACF1030C01
:107FB00002F11C03BCF1080F06D8DFE80CF0120533
:107FC000050F0505050C09003D2380F86031704759
:107FD0000822FFF79BBE0722FFF798BE0222FFF799
:107FE00095BE0122FFF792BE00230322FFF78EBE4B
:107FF00000230422FFF78ABE887AA0F10400B0FAB9
:1080000080F04009704700BF13460022FFF77EBE94
:1080100070B591F82C3091F82D20042B0C4603D824
:10802000032B01D0042A0DD91343112113F00703A8
:1080300084F828104FF001050CD184F82830012570
:10804000284670BD032A0DD0134313F007034FF0E9
:108050000005F2D0668DFFF7A5FB801B0304EFD46B
:108060002823EAE7112381F828300125F2E700BF31
:10807000F0B50E4683B00DF1060201A9B0F87850B4
:10808000B0F87A700446FFF7ADFB96F82D20002A71
:108090005CD196F82C30FBB9B4F87830AB420ED3F3
:1080A000BDF806209A420AD3B4F87A30BB4206D310
:1080B000BDF804209A4202D3002003B0F0BD94F82A
:1080C000DD30A4F8785043F001030120A4F87A7061
:1080D00084F8DD3003B0F0BD94F9430000281DDBC7
:1080E00094F8821094F8745001F003032B440D337C
:1080F000DB00C1F34001CB409BB2BDF80650B3F5A5
:10810000A47F38BF4FF4A4739D4228BF1D4632B3ED
:10811000002803DA96F82C30002BBDD094F8832089
:1081200094F87610BDF8047002F003030B440D338D
:10813000DB00C2F34002D3409BB2B3F5A47F38BF4B
:108140004FF4A4739F4228BF1F46A5E794F943004C
:108150000028C5DB96F82C30002BDFD0C0E796F85E
:108160002C30002B98D0002896DAD7E770B58D69AF
:1081700000230C4606468B61002D35D094F8213043
:10818000DB071ED52B792D2B1ED11D232B71338E92
:10819000EB8094F828302B7796F88330C3F30203F2
:1081A000AB7796F88230C3F302036B7728682946D1
:1081B000FBF78AFF94F821306FF3000384F8213035
:1081C00070BD01232B71F1E70F4A1049104840F2AE
:1081D000B9131AF0ADFD002383F31188BFF36F8F3D
:1081E0000323184602DFD0E7074A0A4908484FF43C
:1081F000DB731AF09DFD85F31188BFF36F8F0323A6
:10820000184602DFBAE700BF28C706006CC70600A1
:1082100004C0060024C7060070B591F821304D6AED
:108220009B070C4603D4CDB101232B710AE006460F
:10823000ADB103232B71338EEB8005F11C01304669
:1082400002F0DAFC28682946FBF73EFF94F821305B
:1082500000226FF3410384F82130626270BD074A47
:108260000749084840F2DF131AF062FD85F31188D0
:10827000BFF36F8F0323184602DFDAE728C7060033
:1082800024C7060004C00600F8B5CE690C460546B2
:108290004EB300F087FD10B90723A372F8BD00F0BC
:1082A00089FD06466062002834D0637BE66966611A
:1082B0000027172BE76125D01E4A1F491F4840F2AF
:1082C000C9331AF035FD87F31188BFF36F8F03238D
:1082D000184602DF2846314600F06EFD2846BDE80C
:1082E000F84003F061BC134A154914484FF4697310
:1082F0001AF01EFD86F31188BFF36F8F0323184613
:1083000002DFC6E7311D284602F060FB41F6030399
:108310006381DFE7074A0B49084840F2AE331AF0A1
:1083200007FD86F31188BFF36F8F0323184602DF22
:10833000BBE700BF28C70600DCC0060004C006007B
:1083400094C70600A8C70600F8B5CE690C460546D6
:10835000002E5AD0637B162B2ED195F94330002B7B
:108360002ADBE66966610023E36194F8203095F822
:10837000A421C3F3C20363F3C50285F8A42194F8D2
:10838000202095F8A43162F3020385F8A43194F813
:10839000203095F88220C3F3801363F3C302311DAC
:1083A00085F88220204602F0EDFA0221284600F0EE
:1083B00007FD0223A3721FE000F0F4FC10B90723AD
:1083C000A372F8BD00F0F6FC0646606260B3637B02
:1083D000E66966610027162BE761C6D01A4A1B4979
:1083E0001B484FF4D2731AF0A3FC87F31188BFF334
:1083F0006F8F0323184602DF2846314600F0DCFC6D
:108400002846BDE8F84001F06FBF0F4A11491048F7
:108410004FF4BF731AF08CFC86F31188BFF36F8F93
:108420000323184602DF95E7074A0B49084840F244
:1084300089131AF07DFC86F31188BFF36F8F032335
:10844000184602DFC3E700BF28C70600DCC00600ED
:1084500004C0060094C70600A8C7060038B5054644
:108460000C4601F031FF10B10123A37238BD28463C
:1084700003F088FB0028F7D12146284600F07EFC57
:108480000028F1D0284603F07BFB0728ECD02846D3
:10849000012103F06FFB28460D2103F06FFB16232B
:1084A00021466373284600F071FCE06121462846AE
:1084B000BDE83840FFF748BF38B505460C4603F025
:1084C0006BFB10B10223A37238BD2146284600F091
:1084D00055FC0028F6D0284603F052FB0728F1D0BF
:1084E00028460D2103F04AFB1723214663732846D3
:1084F00000F04CFCE06121462846BDE83840FFF71B
:10850000C3BE00BFF0B591F80AC083B00C46074661
:1085100015461E46BCF1090F0BD8DFE80CF0050527
:108520001B0A0A0A31747BAF002A00F0BA8003B03C
:10853000F0BDA94AA949AA4840F265331AF0F8FBF0
:10854000002383F31188BFF36F8F0323184602DFE4
:1085500003B0F0BD032AEAD190F84330DB0940F0C4
:10856000D3809D4A9D499E4840F28A231AF0E0FB41
:10857000002383F31188BFF36F8F284602DFD6E70D
:10858000052A00F0B480062A00F09080022ACED19D
:1085900090F94330002B0EDB8F4A9249904840F20D
:1085A000CB231AF0C5FB002383F31188BFF36F8F31
:1085B0000323184602DF0221384603F0DBFA314676
:1085C000204602F019FA21463846FFF721FD0546FC
:1085D000204600F015FC002D40F0B08094F82D30BE
:1085E0002BB197F8822063F3061287F88220384671
:1085F00001F084FE0823A3720221384603B0BDE8CF
:10860000F04000F0F1BB002A91D103B0BDE8F0408A
:10861000FFF79ABE002A8AD14D8DFFF7C3F8401BA1
:10862000030484D497F9435097F8820097F8833075
:1086300094F82C2094F82D10002D00F0070C03F076
:108640000706C0F297800021384603F093FA94F8A9
:108650002030002284F82820DB0994F8212063F3DD
:10866000000284F8212097F88230C3F3020262F3FB
:108670000613092287F88230A27258E7042A7FF491
:1086800056AFFFF773FD21463846FFF7C5FD384664
:1086900001F0F8FE0021384603F070FA0023A372BF
:1086A00045E703B0BDE8F040FFF7D8BE002103F076
:1086B00061FAD7F840311A2223F48073C7F84031A9
:1086C00084F82820204600F09BFB94F8213043F0EA
:1086D000010384F8213097F88230C3F3020262F379
:1086E0000613092287F882300221A27285E73146FB
:1086F000204602F03FF994F84E3084F828300021EB
:10870000384603F037FADDE7374B90F8822093E8DC
:10871000030094F82030134302AD03F0070305E98A
:10872000030008336B44022113F8083C63F306127C
:1087300041F6060387F8822063815EE70021384610
:1087400003F018FA94F828300BB187F8603194F8E8
:10875000203094F82120DB0963F3000284F8212003
:1087600097F88230C3F3020262F3061387F882306F
:10877000092340E711F003011FD061F3020012F05A
:10878000030287F8820023D062F302038C4587F846
:1087900083301AD021463846FFF76AFC94F821301E
:1087A00060F3410384F821300021384603F0E2F9F8
:1087B000002384F8283001234FE712F003023FF42E
:1087C00042AF62F3020387F883309642E2D13AE780
:1087D0008C45DFD137E700BF28C70600DCC00600A4
:1087E00004C00600C4C706005CB40600F0B50C4621
:1087F000897A83B00646154609290BD8DFE801F0CF
:108800001B2059620A0A95ADB605042D00F0E080E0
:1088100003B0F0BD8E4A8F498F4840F20A531AF0D8
:1088200087FA002383F31188BFF36F8F0323184661
:1088300002DF03B0F0BD002DEAD10123A372E7E708
:108840001946204602F0B4F894F8202096F8A43196
:10885000C2F3C200C3F3C2010140C3F30203C2F377
:108860000200034043EAC10322F03F02134384F8AD
:10887000203096F94330002B0BDB94F8203013F0B6
:10888000380F40F0A18094F8203023F03F0384F8A3
:1088900020300221304600F093FA012DB8D196F82D
:1088A0004330DB0907D16A4A6A496B4840F23443D6
:1088B000B5E7002DACD12146304603B0BDE8F0400D
:1088C000FFF7FABD022DA3D190F94330002B0EDB48
:1088D0005F4A6249604840F254431AF029FA002383
:1088E00083F31188BFF36F8F0323184602DF5C4BBD
:1088F00096F8822093E8030094F82030134302ADE9
:1089000003F0070305E9030008336B44022113F861
:10891000083C304663F30612062386F88220A372D1
:1089200003B0BDE8F04000F05FBA032D7FF470AFF4
:108930001946204602F060F821463046FFF768FBF2
:108940000546204600F05CFA002D52D094F82830FD
:10895000282B2ED186F860312BE0002D7FF458AF04
:10896000214603B0BDE8F040FFF78EBC002D7FF438
:108970004FAF678DFEF716FFC01B03043FF548AFEE
:1089800084F8285096F9435096F8820096F8833080
:1089900094F82C2094F82D10002D00F0070C03F013
:1089A00007072CDB002294F8213062F3000384F8DF
:1089B000213096F88230C3F3020262F306130922D3
:1089C00086F88230A27223E75A077FF462AF5AE733
:1089D0002146FFF7CBFB21463046FFF71DFC304612
:1089E00003F0B0FA0021304603F0C8F80023A37268
:1089F0000EE7304603F0DEF80823A37208E711F013
:108A0000030118D061F3020012F0030286F882001D
:108A10001BD062F302038C4586F8833012D02146C6
:108A20003046FFF725FB94F8213060F34103012223
:108A300084F82130B7E712F00302B3D062F30203E7
:108A400086F883309742EAD1ACE78C45E7D1A9E7B5
:108A500028C70600DCC0060004C00600C4C7060024
:108A60005CB4060092F81FC0BCF1110F02F11C03A8
:108A70000FD0BCF1180F12D0BCF1070F0CD010B5FD
:108A800024230C4680F8603101F0FCFC0023A37223
:108A900010BD0522FFF736BD0622FFF733BD0222C7
:108AA000FFF730BD13460022FFF72CBD134603220B
:108AB000FFF728BD00230422FFF724BD10B592F86C
:108AC0001FE0BEF1160F02F11C030BD0BEF1180F10
:108AD0000DD024230C4680F8603103F033FA0023D4
:108AE000A37210BDBDE810400122FFF77FBEBDE8B4
:108AF00010400322FFF77ABE13460022FFF776BE2E
:108B000013460222FFF772BE00230422FFF76EBE57
:108B10000023037043608360C3600361704700BF3C
:108B2000037801330370704703785BB9C3687BB186
:108B300002691AB1816861B10B6082600023C36071
:108B400003617047013BDBB20370002BEED070472E
:108B500070474360F1E700BF03783BB100230C305E
:108B60000B60436843B119604160704700230430D3
:108B70000B604368002BF6D101604160704700BF75
:108B800000230B60836813B11960816070474160F6
:108B900081607047406870470346406828B1996813
:108BA00002685A60884208BF9A6070474078A0F116
:108BB0000C00B0FA80F04009704700BF4078A0F187
:108BC0000800B0FA80F04009704700BF4078A0F17B
:108BD0000200B0FA80F04009704700BF4078A0F171
:108BE0001700B0FA80F04009704700BF4078A0F14C
:108BF0000100B0FA80F04009704700BF4078A0F152
:108C00000900B0FA80F04009704700BF4078A0F139
:108C10000600B0FA80F04009704700BF4078A0F12C
:108C20001800B0FA80F04009704700BF4078A0F10A
:108C30000300B0FA80F04009704700BF4078A0F10F
:108C40000500B0FA80F04009704700BFF8B506464D
:108C500008460D46F8F78EFE044680B100274560B1
:108C60000672476187612C223946203031F0A3FC1F
:108C70004FF47F43FF2262726381A381A773204672
:108C8000F8BD00BF4078A0F10200B0FA80F04009C2
:108C9000704700BF4078A0F10200B0FA80F04009B0
:108CA000704700BF4078A0F10100B0FA80F04009A1
:108CB000704700BF4078A0F10200B0FA80F0400990
:108CC000704700BF4078A0F11800B0FA80F040096A
:108CD000704700BF4078A0F10100B0FA80F0400971
:108CE000704700BF4078A0F10100B0FA80F0400961
:108CF000704700BF4078A0F10900B0FA80F0400949
:108D0000704700BF4078A0F10900B0FA80F0400938
:108D1000704700BF4078A0F10300B0FA80F040092E
:108D2000704700BF4078A0F10300B0FA80F040091E
:108D3000704700BF38B5456804462DB12946204626
:108D4000BDE83840F8F72CBE094A0A490A487023A2
:108D500019F0EEFF85F31188BFF36F8F03231846D8
:108D600002DF656820462946BDE83840F8F718BE9E
:108D7000DCC706001CC8060004C00600024B1868C9
:108D8000003818BF01207047D006002010B50448F5
:108D9000F8F7F0FD04460430FEF7F2FC204610BD63
:108DA000D006002008B50120FBF7A2F9003818BF53
:108DB000012008BDFBF7B6B9E030FFF7E1BE00BF08
:108DC00038B590F8563105460C461BB11C4385F862
:108DD000564138BDE030FFF7A3FE95F856311C43ED
:108DE00085F8564138BD00BF90F8563123EA01019D
:108DF00080F8561101B17047E030FFF795BE00BF13
:108E000038B58569044645B12B792D2B04D02D2327
:108E10002B71A36922691A6038BD084A08490948BC
:108E20004FF4967319F084FF85F31188BFF36F8FA9
:108E30000323184602DFA569E6E700BFDCC706008A
:108E400028C8060004C0060038B5856904465DB12F
:108E50002B792D2B00D038BD01232B71A169BDE8E2
:108E600038400868FBF730B9074A084908484FF40A
:108E70009D7319F05DFF85F31188BFF36F8F032396
:108E8000184602DFA569E3E7DCC7060028C806002C
:108E900004C006008B6913B11A792D2A0BD00B7A06
:108EA000072B15D0CB692BB1D0F85C211A60CB69A8
:108EB000C0F85C3170471B68D0F858215A608B6944
:108EC00001221A718B69C0F858310B7A072BE9D14E
:108ED0004B6A002BE6D01B68D0F858215A604B6AC9
:108EE00001221A714B6AC0F85831DBE7F8B50D4F13
:108EF00005463846F8F73EFD044680B10026476037
:108F00000572466186612C223146203031F053FBD8
:108F10004FF47F43FF2262726381A381A6732046D0
:108F2000F8BD00BFC006002010B50A4B06225868E5
:108F30005021F8F7F9FC084B012258685021F8F746
:108F4000F3FC064BBDE81040586804222C21F8F7CA
:108F5000EBBC00BFC8060020C0060020D0060020E1
:108F600038B50446002501F04DFA2046C4E93E55C7
:108F700084F8045102F0DAFFC4F82851C4E94255DC
:108F800084F81651A4F81451A4F81851C4F82B51C0
:108F9000A4F84851C4F83051C4F83451C4F83851D9
:108FA000C4F83C51C4F84051C4F84451FAF794F95C
:108FB00094F89A3084F85651C4E95001C4E95655E2
:108FC00023F0180384F89A30A58738BD0846014974
:108FD000F8F7E6BCD006002038B5B0F802510346D9
:108FE000144625B1A9420ED26D1AA0F80251B3F869
:108FF000122122B191420DD2521AA3F8122100235C
:109000001846237038BD01F0BDF8054658B12B7ADB
:109010000A2B03D022236FF07300F2E795F820307B
:109020006FF07300EDE7074A0749084840F2022352
:1090300019F07EFE85F31188BFF36F8F0323184666
:1090400002DFE4E7DCC706003CC8060004C00600F7
:10905000034B0B44B3FBF1F3A0F81831704700BF8A
:10906000FF59620210B5044602F068FF2046BDE8D1
:10907000104001F0CFB900BF10B5044611B101296D
:1090800007D010BD02F062FF2046BDE8104001F09D
:1090900023BA02F05FFF2046BDE8104001F040BA5D
:1090A00070B5D0F85841064634B12068214644686E
:1090B000FAF7FEFF002CF8D1D6F85C410023C6F881
:1090C00058313CB1054D204624682946F8F768FC24
:1090D000002CF8D10023C6F85C3170BDD00600200A
:1090E00090F94330002B14DA70B504460E46032085
:1090F00009491546FFF7AAFD014640B180F82060F6
:1091000080F82150204601F009F8002070BD0C20A5
:1091100070BD0C20704700BFC806002010B507497D
:1091200004460120FFF792FD28B10146204600F0D9
:10913000F5FF002010BD0C2010BD00BFC8060020A8
:1091400038B504460D4602200849FFF77FFD58B1A7
:1091500090F8203065F30003014680F82030204667
:1091600000F0DCFF002038BD0C2038BDC806002010
:1091700010B5074904460420FFF768FD28B10146F1
:10918000204600F0CBFF002010BD0C2010BD00BF1A
:10919000C80600202DE9F041054688460720104901
:1091A0009DF8186017461C46FFF750FDA8B1E30074
:1091B00008F0070803F03803BF0143EA080307F08B
:1091C00040073B4343EAC613014680F82030284657
:1091D00000F0A4FF0020BDE8F0810C20BDE8F08184
:1091E000C806002038B504460D4601F0F1F92046C6
:1091F00002F00CFF07490A20FFF728FD38B10146AD
:1092000080F82050204600F089FF002038BD0C2057
:1092100038BD00BFC806002008B590F94330002BC8
:1092200008DB00F0AFFF20B1037A0B2B0CBF22301C
:10923000002008BD02F0ACFCF5E700BFF8B5D0F89F
:1092400040319B0601D40020F8BD04460D460C2099
:1092500008491646FFF7FAFC074648B1294620465A
:109260003246FEF7CBFB3946204600F057FFEAE7CF
:109270000C20F8BDC806002070B506460D4602F069
:1092800087FC20B1037A053B012B044601D90C2051
:1092900070BD01463046FEF7AFFE0028F7D02968C2
:1092A0006A68AB68ED68C4F837503046C4F82B10D4
:1092B000C4F82F20C4F833302146FEF795FE002075
:1092C00070BD00BF38B5054602F062FC20B1037ADC
:1092D000053B012B044601D90C2038BD0146284628
:1092E000FEF78AFE0028F7D028462146FEF780FECA
:1092F000002038BD2DE9F0470546D0F84001BDF803
:109300002090099E9A4683078846174632D495F9DD
:109310004330002B50DB30490820FFF797FC044610
:10932000002C56D0237A082B2AD0092B34D1A4F84C
:1093300026802785A4F82AA0A4F82C90002E3ED0E1
:109340003388238773886387B388A387F388E38789
:109350003389A4F840307389A4F8423095F943303A
:10936000002B12DA2846FDF797FC0146284602F04A
:1093700017FF0AE018490920FFF768FC0446CFE709
:109380002785A4F82AA0A4F82C902846214600F0AE
:10939000C5FE0020BDE8F087104A1149114840F28F
:1093A000054319F0C5FC002383F31188BFF36F8FC9
:1093B0000323184602DFE8E71A20BDE8F0870A4ACF
:1093C0004FF0FF33C4E90E23A4F840304FF6FF738B
:1093D000C2E70C20DEE700BFC8060020DCC706009D
:1093E000DCC0060004C006000000FFFF08B502F064
:1093F000CFFB28B1007AA0F10C00B0FA80F0400950
:1094000008BD00BF10B5044602F0C2FB10B1037ADC
:10941000092B00D010BD01462046BDE8104002F0E7
:10942000D9B900BF38B504460D4602F0B1FB10B102
:10943000037A092B00D038BD80F820500146204621
:10944000BDE8384002F0CAB908B502F0A1FB28B166
:10945000007AA0F10900B0FA80F0400908BD00BF11
:1094600038B505460C4600F08DFE10B14369A342A5
:109470000ED0284602F08CFB10B14369A34200D005
:1094800038BD224601462846BDE8384002F024BDDA
:1094900001462246284600F07FFFEAE710B5044661
:1094A00000F070FE18B10146204600F099FF2046FA
:1094B00002F06EFB014620B12046BDE8104002F0EC
:1094C00023BD10BD2DE9F041537F144605460E46DD
:1094D000002B3FD0D37F1E2B29D9284600F052FE07
:1094E0000746284602F054FB0146002F5ED0FA7A68
:1094F000E37F002848D09342C07A51D03A7B002ABB
:109500005DD098424ED00A7B002A4BD1072B6DD0FC
:10951000112B04D14A7B94F820309A4242D0234642
:10952000324639462846BDE8F04100F0EBBE444AD9
:1095300052F8232022B104F11C00904760B1E37F70
:10954000022BCAD10123224631462846BDE8F0410C
:1095500002F004BDFF23D377284600F013FE28B1A4
:10956000E27FC37A9A420DD0037B5BB9284602F0B2
:109570000FFB002850D0E27FC37A9A4202D0037BCF
:10958000002BE0D0BDE8F0819342C8D03A7B002A9E
:10959000C5D1072B4DD0112B4BD00D2BBFD0D1E710
:1095A00098421CD11F2385F86031EBE70028C9D011
:1095B000234632462846BDE8F04102F013BC072B93
:1095C0002CD0112B18D0B3F10D0218BF01229842F4
:1095D0001FD00B7BEBB9002AA1D02423E3E70A7B41
:1095E000002ADFD1072B95D0112B98D14B7B94F813
:1095F00020209A42D6D092E77A7B94F82030D21A73
:1096000018BF0122112804D0087B10B9487B98426A
:10961000E1D1002ACCD1C5E7034694E77A7B94F8E0
:109620002030D21A18BF01220728EDD1002ABFD15D
:10963000B8E77A7B94F820309A4283D16FE700BF75
:1096400040C8060070B505460E46FFF79FFB04466E
:10965000002862D0337A013B211D0B2B07D8DFE8AD
:1096600003F022282E3506060606063B0642324A3D
:1096700032493348DD2319F05BFB002383F3118863
:10968000BFF36F8F0323184602DFE379737321461C
:109690002846FFF791FB337A0A2B2AD02846BDE8EB
:1096A000704000F021BE084600F0B0FF1323F372B3
:1096B000EBE7284600F0DEFF0923F372E5E73046CA
:1096C00001F096F8FF237461F372DEE7084601F0BB
:1096D000B1F80C23F372D8E7304601F09BF8FF2372
:1096E0007461F372D1E7284601F056FA1523F3723C
:1096F000CBE76B8EB5F89C1140F2E24202FB03F31C
:1097000042F2107202FB013101392846B1FBF3F13C
:10971000BDE8704089B200F0EDBD074A094908482C
:10972000A22319F005FB84F31188BFF36F8F032385
:10973000184602DF8EE700BFBCC80600DCC006008A
:1097400004C00600C4C606002DE9F04107460C46D9
:10975000164602F021FA28B10323A37200252846F9
:10976000BDE8F08121463846FFF708FB0546002892
:10977000F2D021463846FFF709FB804680B3237AB2
:10978000013B08F104010B2B07D8DFE803F0384652
:10979000064C060606060606063E264A26492748C1
:1097A00040F25E4319F0C4FA002383F31188BFF33B
:1097B0006F8F0323184602DF98F807306373414622
:1097C0003846FFF7F9FA384602F0EEF90423A3729F
:1097D000002EC4D0384602F0B5FB0023A372BEE7CA
:1097E000144A174915484FF4836319F0A1FA88F316
:1097F0001188BFF36F8F0323184602DFBFE70846C7
:1098000000F00EFFFF23E372D6E7384601F0DCF9E3
:10981000FF23C4F81480E372CEE7384600F04EFF11
:10982000FF23E372C8E7084601F004F8FF23E37260
:10983000C2E700BFBCC80600DCC0060004C00600CA
:10984000C4C6060038B50B7A013B0C4605460B2B07
:109850000CD8DFE803F006060B290B0B0B0B0B1BD8
:109860000B24BDE838400122FFF76EBF174A1849A4
:10987000184840F20E5319F05BFA002383F3118865
:10988000BFF36F8F0323184602DF38BD02F05AFB87
:1098900094F820300022A27285F8603138BDBDE80E
:1098A00038400022FFF750BF90F8283143B9012219
:1098B000FFF74AFF0028E8D0012385F8283138BD9A
:1098C00002F040FB0023A37238BD00BFBCC80600F5
:1098D000DCC0060004C006002DE9F0410C46897A80
:1098E00006461546042900F2F380DFE801F007235D
:1098F0000C1B0300012D4DD0BDE8F081002DFBD1E4
:109900000123A372F8E7002DF6D1237A0A2B74D134
:10991000304602F017FB94F820300022A27286F83D
:109920006031E9E7002DE7D121463046BDE8F0413E
:10993000FFF788BF022DDFD1DA786272023A122A6D
:109940006AD801A151F822F0619A0300199A030024
:10995000199A0300199A0300199A0300199A03002F
:10996000599A0300199A0300199A0300199A0300DF
:10997000739A0300199A0300199A0300199A0300B5
:10998000199A0300199A030029990300199A0300F0
:10999000399A0300237A0C2BAED1FDF7EDFF94F832
:1099A0002030042140EA03073046FFF71DFAA5697D
:1099B0000023FFB2A361002D7BD02B792D2B0ED07D
:1099C0004B4A4C494C4840F2814319F0B1F900230D
:1099D00083F31188BFF36F8F0323184602DF002F34
:1099E0004BD101232B7128682946FAF76DFB3046CD
:1099F00002F0A8FA0023A3727EE73D4A3F493E48A1
:109A000040F2245319F094F985F31188BFF36F8F56
:109A10000323184602DF7BE7354A3949364840F2CE
:109A20000D4319F085F9002383F31188BFF36F8F7D
:109A30000323184602DF77E7194601F0F5F8042101
:109A40003046FFF7BDF93046FDF75EFF84F8200091
:109A50002046FFF7D5F967E7194600F06FFE63E788
:109A60001946204600F0E2FE08213046FFF7A8F92B
:109A70005AE7194600F006FF56E703272F71338E89
:109A8000EB80237A0C2B05F11C080DD0184A1D49D8
:109A9000194840F28A4319F04BF9002383F31188E7
:109AA000BFF36F8F384602DF4146304601F0A4F81D
:109AB00099E70F4A1449104840F27E4319F038F9EB
:109AC00085F31188BFF36F8F0323184602DF74E715
:109AD000074A0B49084840F28A5319F029F9002334
:109AE00083F31188BFF36F8F0323184602DF03E768
:109AF000BCC806006CC7060004C0060004C9060006
:109B0000DCC0060020C9060024C706002DE9F0418C
:109B1000D1F8188000260C4605468E61B8F1000F7A
:109B200049D00126032788F804702B8EA8F8063048
:109B3000237A042B08F11C0129D00C2B23D0022BF3
:109B400017D0284A284940F2AB13284819F0F0F8FA
:109B5000002383F31188BFF36F8F384602DF0EB105
:109B6000BDE8F081D8F800004146BDE8F041FAF7C1
:109B7000ABBA637A072B1AD0092B10D0194A1A49AD
:109B80004FF48173E1E7284601F036F8E7E7637A9E
:109B90000C2B08D0134A144940F20F13D5E728467E
:109BA00000F0AEFDDBE7284600F056FED7E7204682
:109BB00000F052FDD3E7FFF7FDF880460028B1D151
:109BC000084A0B4909484FF4C67319F0B1F888F3F5
:109BD0001188BFF36F8F0323184602DF88F80480D3
:109BE000FFDE00BFBCC80600DCC0060004C00600E3
:109BF00024C7060038B50B7A013B0C4605460B2BF3
:109C000015D8DFE803F006240E321414141414419E
:109C100014494B7A072B04D0132B02D0242385F848
:109C20006031284600F02EFC0023A37238BD324A72
:109C3000324933484FF4137319F07AF8002383F351
:109C40001188BFF36F8F0323184602DF38BD4B7AAC
:109C5000072B01D0092BE1D194F82030DB07E0D5A8
:109C600021462846FFF752FFDBE74B7A0C2BD5D174
:109C70008B6993B321462846FFF748FF284600F03A
:109C800001FC0023A37238BD00F0FCFB0022162368
:109C9000A27285F8603138BD4B7A152B16D0072B90
:109CA000BCD1D0F8403123F02003C0F8403100F09F
:109CB000E9FB0023A3722846FFF798FB0028B5D1E3
:109CC00028460421BDE83840FFF78EB8FDF79CFD1B
:109CD00068B9284600F0D6FBEBE7FFF763F80028E9
:109CE000C8D1284600F000FB0423A37238BD2146EA
:109CF0002846FFF70BFFECE7BCC80600DCC00600F7
:109D000004C0060070B50E7A731E0C4605460B2B78
:109D100007D8DFE803F0161D314506060606066182
:109D2000066F534A5349544840F2CF2319F000F8C4
:109D3000002383F31188BFF36F8F0323184602DFDC
:109D400070BD00F0C1FA00287FD00123A37270BD5E
:109D500000F0BAFA0028F8D121462846FFF70EF89D
:109D60000028F2D021462846FFF76CFC6369002BDF
:109D700008BF0326A67270BD00F0A6FA0028E4D141
:109D800021462846FEF7FAFF0028DED02146284665
:109D9000FFF758FC6369002B18BF0226A67270BD3E
:109DA00090F828319BBB00F08FFA0028CDD12146D6
:109DB0002846FEF7E3FF0028C7D021462846FFF7D4
:109DC00041FC6269002A4FF001030CBF032202220A
:109DD000A27285F8283170BDFEF7D0FF0028B4D0FC
:109DE00021462846FFF72EFC1622022384F8202065
:109DF000A37270BDD0F840319B0602D5FFF7F6FA8A
:109E000068B1284600F03EFB0023A37270BD0C220F
:109E100000234A728B61BDE87040FFF7EBBE284615
:109E200000F052FA002890D121462846FEF7A6FFFE
:109E300000288AD004212846FEF7C2FF2146284682
:109E4000FFF700FC0323A37270BD21462846FEF7EE
:109E500095FF00283FF479AF21462846FFF7F2FB33
:109E60006369002B0CBF03230223A37270BD00BFE4
:109E7000BCC80600DCC0060004C0060070B50C4675
:109E8000897A06461546042900F2A380DFE801F02E
:109E900003031B280600002D5CD070BD002DFCD1F3
:109EA000237A042B00F08780524A534953484FF4D9
:109EB0005F7318F03DFF85F31188BFF36F8F0323A5
:109EC000184602DF70BD052DE7D1237A032B01D0A0
:109ED0000A2BE2D121463046BDE87040FFF78ABE2A
:109EE000012DDAD1DA786272023A172A37D801A145
:109EF00051F822F0AB9F03005F9F03005F9F0300B8
:109F00005F9F03005F9F0300A19F03005F9F03000B
:109F1000999F03005F9F03005F9F0300919F0300D1
:109F2000D59E03005F9F03005F9F03005F9F0300B8
:109F3000879F03005F9F0300D59E03005F9F030080
:109F40007F9F03005F9F03005F9F03005F9F0300ED
:109F5000D59E03002146BDE87040FFF7D3BE254AD9
:109F60002549264840F24F3318F0E2FE002383F3E0
:109F70001188BFF36F8F0323184602DFAAE7194643
:109F800000F07CFEA6E71946204600F0F3FCA1E7AE
:109F9000194600F077FC9DE7194600F0FDFB99E7B4
:109FA0001946204600F054FB94E7124A1249134820
:109FB00040F23633D8E7FEF7F5FE00283FF46DAFE8
:109FC00021463046FFF7A2FD304600F05BFAA5724D
:109FD00070BD084A0849094840F29A3318F0A8FEB3
:109FE000002383F31188BFF36F8F0323184602DF2A
:109FF00070BD00BFBCC80600DCC0060004C006007F
:10A00000131D0522FFF73ABF02F11C030122FFF7DF
:10A0100035BF00BF13460022FFF730BF02F11C031B
:10A020000222FFF759BC00BF131D0122FFF754BCE9
:10A0300013460022FFF750BC70B5044606F032F814
:10A0400068B1D4F8F85045B1D4F8FC202B68C4F8B6
:10A05000F830954208BFC4F8FC30284670BD05466C
:10A060000121032005F0BCFF2A46064601210320FA
:10A07000F7F71EFDD4F8F85045B1D4F8FC202B6852
:10A08000C4F8F830954208BFC4F8FC30002EE4D084
:10A09000012211460320F7F70BFD284670BD00BFD3
:10A0A00070B5044605F0FEFF40B1D4F8F850DDB1BC
:10A0B00000220123A4F80221AB7370BD05460121E3
:10A0C000032005F08DFF2A46064601210320F7F7FD
:10A0D000EFFCD4F8F850002EE9D0012211460320FD
:10A0E000F7F7E6FC002DE3D1094A0A490A484FF484
:10A0F000F57318F01DFE85F31188BFF36F8F0323EE
:10A10000184602DF00220123A4F80221AB7370BDC0
:10A1100048C9060090C9060004C00600F8B5054607
:10A120000C4605F0BFFF40B100232360D5F8FC309A
:10A13000F3B11C60C5F8FC40F8BD064601210320C0
:10A1400005F04EFF3246074601210320F7F7B0FC29
:10A150002660D5F8FC3083B11C60C5F8FC40002FA8
:10A16000EAD00122BDE8F84011460320F7F7A0BC71
:10A17000C5F8F840C5F8FC40F8BDC5F8F840C5F88A
:10A18000FC40ECE770B5054605F08CFF18B1D5F83A
:10A19000F840204670BD04460121032005F020FF51
:10A1A0002246064601210320F7F782FCD5F8F84045
:10A1B000002EEED0012211460320F7F779FC20464D
:10A1C00070BD00BF38B50C460546FFF7DBFF844283
:10A1D0000DD0184A18491948522318F0A9FD002338
:10A1E00083F31188BFF36F8F0323184602DFA3693F
:10A1F00013B11B792D2B07D02846FFF71DFF2046F2
:10A20000BDE83840FEF796BD0A4A0D490B48572372
:10A2100018F08EFD002383F31188BFF36F8F0323A3
:10A22000184602DF2846FFF707FF2046BDE8384002
:10A23000FEF780BD48C90600A4C9060004C0060098
:10A24000B8C9060038B50546FFF79CFF037A013B05
:10A2500004460B2B1BD8DFE803F0060606061A1A85
:10A260002A1414061A06014600222846FFF7D2FED9
:10A27000A37B03B938BD21462846BDE83840FFF727
:10A28000A1BF01460022284601F076FAF0E70B4A0A
:10A290000B490C484FF4EF7318F04AFD002383F389
:10A2A0001188BFF36F8F0323184602DFE0E70146F2
:10A2B00000222846FEF7F6FBDAE700BF48C9060091
:10A2C000DCC0060004C0060090F80401A0F1010003
:10A2D000B0FA80F040097047012380F804317047DC
:10A2E000002380F804317047B0F81831A0F802312B
:10A2F000704700BFA0F80211704700BF0023A0F80C
:10A300000231704738B50C468969054610461A4631
:10A31000F9B1217A01390B2923D8DFE801F00606CB
:10A3200006062222321D1D06220621462846FFF778
:10A330006BFEA36923B11B792D2B1CBF0023A361E6
:10A34000A37B03B938BD21462846BDE83840FFF756
:10A3500039BFA3612061DCE72146284601F0B8F946
:10A36000E7E70A4A0A490B4840F2491318F0E0FCB3
:10A37000002383F31188BFF36F8F0323184602DF96
:10A38000D7E721462846FEF76DFBD2E748C906000D
:10A39000DCC0060004C0060038B50B7A033B0C464F
:10A3A0000546092B09D8DFE803F0050808080D0861
:10A3B000080508052146FFF723FEA37B0022626102
:10A3C00043B938BD2146FEF771FBA37B00226261D1
:10A3D000002BF6D021462846BDE83840FFF7F2BEF4
:10A3E00038B50B7A072B0C46054608D0A37B03B97A
:10A3F00038BD21462846BDE83840FFF7E3BEFEF7EA
:10A4000059FBF3E70222002380F80021A0F8023173
:10A41000704700BF38B590F800310446032B1AD8B6
:10A42000DFE803F002100F10FFF7ACFE48B1057A29
:10A430002046FFF707FF0A2D14BF0123032384F8EA
:10A44000003138BDFFF79EFE0028FAD02046BDE857
:10A450003840FFF7F7BE084A084909484FF41B7314
:10A4600018F066FC002383F31188BFF36F8F03237A
:10A47000184602DF38BD00BF48C90600DCC0060030
:10A4800004C0060010B590F800310446032B0DD827
:10A49000DFE803F008020702FFF702FE002384F85A
:10A4A000003110BDBDE81040FFF7FABD074A08496A
:10A4B00008484FF41B7318F03BFC002383F311880A
:10A4C000BFF36F8F0323184602DF10BD48C9060093
:10A4D000DCC0060004C0060008B590F80031022B6D
:10A4E00013D000D808BD032BFCD00A4A0A490B48F8
:10A4F0004FF41B7318F01CFC002383F31188BFF387
:10A500006F8F0323184602DF08BD002380F8003157
:10A5100008BD00BF48C90600DCC0060004C0060034
:10A5200038B590F800310446032B3AD8DFE803F041
:10A530000926121320462946FEF7ACFC2846FEF7F2
:10A54000F9FB2046FFF778FD05460028F2D10223EB
:10A5500084F8003138BDFFF76FFD05460028F6D0BE
:10A5600029462046FEF796FC2846FEF7E3FB2046E8
:10A57000FFF762FD05460028F2D1E8E7FFF75CFD32
:10A5800005460028E3D029462046FEF783FC2846EE
:10A59000FEF7D0FB2046FFF74FFD05460028F2D11D
:10A5A000D5E7084A084909484FF41B7318F0C0FB67
:10A5B000002383F31188BFF36F8F0323184602DF54
:10A5C00038BD00BF48C90600DCC0060004C0060054
:10A5D00038B50546FFF730FD68B1044621462846E8
:10A5E000FEF758FC2046FEF7A5FB2846FFF724FDA2
:10A5F00004460028F2D10024A5F80241214628464D
:10A6000001F0B8FA85F8004138BD00BF0378012198
:10A61000122243F0030303704170C270704700BF01
:10A6200003780121132243F0030303704170C270C9
:10A63000704700BF0B784FF0020C43F00303072272
:10A640000B7081F801C0CA7090F84C300B717047E4
:10A650000B7980F84C3070470B784FF0020C43F0C8
:10A66000030307220B7081F801C0CA7090F84C30C8
:10A670000B71704710B50B780C460922082143F086
:10A680000303E1706270237090F94330002BACBF7C
:10A690000B460E23E370F8F71FFE002261F307025A
:10A6A000C1F3072C0B0C6CF30F2263F317421B0A48
:10A6B00063F31F626060A26010BD00BF38B50C4636
:10A6C0000546F8F709FE237843F0030323700923B6
:10A6D0006370E370D5F84031217263F0FF031840D6
:10A6E000020C0B0CC0F307252071C1F30721100ADF
:10A6F000A2711A0AE07165716172A372E27238BDCB
:10A700000B78092243F003030B704A70CA70D0E93A
:10A710004E23100CC2F3072C0A711A0C81F805C0E5
:10A7200088714FEA102C0B72C3F30720130A81F8CB
:10A7300007C048728A72CB72704700BF2DE9F041A2
:10A740004B68144F8E685A0F82EA137202F00102AE
:10A750001F400021931849419B18054641F100080C
:10A7600087EA0374F8F7B8FD04EA0003C5F840313E
:10A7700063F0FF0306F0EF063B4046EA0878C5E9C0
:10A780004E3608EA01010122C5F8441185F830214E
:10A79000BDE8F0812FCF87F72DE9F0414A68134FCC
:10A7A0008E68530F83EA127303F00103D91807EA86
:10A7B00002074FF000025241C918054642F1000459
:10A7C00087EA0178F8F788FD06F0EF0646EA047498
:10A7D000C5E94E7608EA00000C400123C5F84001A7
:10A7E000C5F8444185F83031BDE8F0812FCF87F7B7
:10A7F0000B784FF0030C43F0030319220B7081F820
:10A8000001C0CA7090F820300B7190F821304B7164
:10A81000704700BF0B78022243F003030B704A70AD
:10A82000CA7090F820300B71704700BF0B7980F828
:10A83000203070470378074AC0F805204FF0060C17
:10A8400043F0030340F60C51037080F801C0A0F8F8
:10A8500003107047F105FFFF0B784FF0060C43F033
:10A8600003030C220B7081F801C0CA7090F82A31E2
:10A870000B71B0F82B31A1F80530B0F82D31A1F8EB
:10A8800007307047012380F829310B7980F82A318D
:10A89000B1F80530A0F82B31B1F80730A0F82D3110
:10A8A000704700BF0B78032243F003034FF0170CEF
:10A8B0000B7081F801C0CA70D0F82130D0F8252083
:10A8C0008A604B6090F829300B7390F82A304B73F4
:10A8D000704700BF10B503780D21042243F0030335
:10A8E00041700370C270841805F0DCFB0C2120B1AC
:10A8F0002046BDE8104003F0B7B82046BDE8104040
:10A9000003F0A8B803780121052243F00303037084
:10A910004170C270704700BF03780121062243F0E6
:10A92000030303704170C270704700BF03780121B8
:10A930000B2243F0030303704170C270704700BFE5
:10A94000037801714FF0020C43F003030D220370F2
:10A9500080F801C0C27070470378017143F00303AF
:10A960004FF0030C0370112380F801C0C3704271D3
:10A97000704700BF0B7980F84D304B7980F84E302E
:10A98000704700BF0B784FF0030C43F0030316220F
:10A990000B7081F801C0CA7090F82030C3F3C20375
:10A9A0004B7190F82030C3F302030B71704700BF66
:10A9B0000A7990F8203062F3C50380F820304A7994
:10A9C00062F3020380F82030704700BF0B784FF02D
:10A9D000030C43F0030317220B7081F801C0CA7007
:10A9E00090F8A431C3F3C2034B7190F8A431C3F3C0
:10A9F00002030B71704700BFCB8843850B7980F849
:10AA00002C304B7980F82D30704700BF0B784FF019
:10AA1000180C43F003030F220B7081F801C0CA70B9
:10AA2000C38C8B80038DCB80438D0B81838D4B81B9
:10AA300090F834300B73C38EA1F80D30038FA1F85A
:10AA40000F30438FA1F81130838FA1F81330C38FDB
:10AA5000A1F81530B0F84030A1F81730B0F8423006
:10AA6000A1F81930704700BF0B784FF0180C43F075
:10AA7000030310220B7081F801C0CA70C38C8B8055
:10AA8000038DCB80438D0B81838D4B8190F83430C7
:10AA90000B73C38EA1F80D30038FA1F80F30438FD5
:10AAA000A1F81130838FA1F81330C38FA1F81530AE
:10AAB000B0F84030A1F81730B0F84230A1F81930A2
:10AAC000704700BF8B88C384CB8803850B8943857F
:10AAD0004B8983850B7B80F83430B1F80D30C38609
:10AAE000B1F80F300387B1F811304387B1F8133054
:10AAF0008387B1F81530C387B1F81730A0F840301C
:10AB0000B1F81930A0F84230704700BF0B7800222E
:10AB100043F003034FF00C0CCA700B7081F801C0B6
:10AB200090F823300B71036B094AA2FB03239B0AA5
:10AB3000A1F80530438DA1F80930038DA1F8073045
:10AB4000838DA1F80B30838CA1F80D30704700BFC6
:10AB50005917B7D10B7980F82330B1F8053040F29E
:10AB6000E24202FB03F30363B1F809304385B1F815
:10AB700007300385B1F80B308385B1F80D3083843D
:10AB8000704700BFB1F8093003844B68C0F8223029
:10AB90000B7A80F8263070470B784FF0090C43F0A1
:10ABA000030314220B7081F801C0CA70B0F866303C
:10ABB0008B80B0F864300B81B0F86A30CB80B0F88D
:10ABC00068304B81704700BF0B784FF0090C43F0A1
:10ABD000030315220B7081F801C0CA70B0F866300B
:10ABE0008B80B0F864300B81B0F86A30CB80B0F85D
:10ABF00068304B81704700BF0B784FF0090C43F071
:10AC0000030315220B7081F801C0CA70B0F87630CA
:10AC10008B80B0F874300B81B0F87A30CB80B0F80C
:10AC200078304B81704700BF8B88A3F11B02E02A6C
:10AC300022D8B1F808C0ACF11B02E02A1CD830B50C
:10AC4000CD88A5F5A47244F2481492B2A24212D85B
:10AC50004A8900218E4662F30F0EA2F5A4726CF3AE
:10AC60000F0192B2A24263F31F4165F31F4E9CBFD6
:10AC7000C166C0F870E030BD704700BF8B88A3F19B
:10AC80001B02E02A22D8B1F808C0ACF11B02E02A6E
:10AC90001CD830B5CD88A5F5A47244F2481492B200
:10ACA000A24212D84A8900218E4662F30F0EA2F505
:10ACB000A4726CF30F0192B2A24263F31F4165F3D9
:10ACC0001F4E9CBFC166C0F870E030BD704700BF2A
:10ACD00070B58C6900230D4606468B6104B31923B9
:10ACE00022792371338EE38095F82030237743B99E
:10ACF0002B8DE3836B8D2384AB8D63842D2A09D048
:10AD000070BD738EE383B38E2384B6F89C31638465
:10AD10002D2AF5D120682146BDE87040F9F7D4B955
:10AD2000074A0849084840F2071318F001F884F36D
:10AD30001188BFF36F8F0323184602DFCFE700BFF0
:10AD400010CA060024C7060004C00600F8B58C69C6
:10AD500000230D4606468B6194B1032327792371A6
:10AD6000338EE38004F11C012846FFF74FFE2D2FA0
:10AD700000D0F8BD20682146BDE8F840F9F7A4B935
:10AD8000074A084908484FF4597317F0D1FF84F374
:10AD90001188BFF36F8F0323184602DFDDE700BF82
:10ADA00010CA060024C7060004C0060030B5438E52
:10ADB0000A8D4C8D8D8D934285B002D1838EA34236
:10ADC00014D0012381F8223002950B6BCDE90024C9
:10ADD0000C7A91F82320898C0391A4F10801B1FA2F
:10ADE00081F14909ECF764FA05B030BDB0F89C3147
:10ADF0005B1B18BF0123E5E7F8B5CD6900230C46BE
:10AE000007461646CB61002D3FD0291D112E0AD8CA
:10AE1000DFE806F02E0909090909092A09090909C3
:10AE2000090909093222234A234924484FF452735D
:10AE300017F07EFF002383F31188BFF36F8F032386
:10AE4000184602DFEB79637329463846FDF7B4FFF5
:10AE5000237A092B14D0F8BD084694F8202094F8E2
:10AE60002110FFF779FDEDE72046FFF7E3FBE9E767
:10AE70002046FFF74BFEE5E72046FFF7F5FDE1E74B
:10AE80003846BDE8F84000F08FBEFDF77FFF05466D
:10AE90000028BAD1074A0A49084840F22E3317F071
:10AEA00047FF85F31188BFF36F8F0323184602DF36
:10AEB000ABE700BF10CA0600DCC0060004C00600F5
:10AEC000C4C6060038B58B690C46054673B11F4AE7
:10AED0001F49204840F2863317F02AFF002383F3EE
:10AEE0001188BFF36F8F0323184602DFFDF762FF5F
:10AEF0002D23A061037194F834200121002384F8EC
:10AF000023102363218D4AB1B1FBF2F313FB02F34B
:10AF1000E28C9BB29A429CBF23851946238F8B42B9
:10AF200004D840F2E24202FB03F323632846FCF715
:10AF300039FCAB8E06331844A084002221462846F3
:10AF4000FFF75AFF4FF60B73638138BD10CA060036
:10AF50005CCA060004C006002DE9F0413A4E336891
:10AF600004460D462BB1834203D00123AB72BDE8EA
:10AF7000F0812046FFF7A8F90028F6D1204600F01E
:10AF800001FE07460028F0D129462046FDF7F6FECF
:10AF90000028EAD02046FCF705FC01218046204627
:10AFA00000F0E8FDA5F83680D5F81C8085F83470EF
:10AFB0003460EF61B8F1000F29D008F10401284690
:10AFC000FFF724FD98F807306B7341462046FDF7E4
:10AFD000F3FE2B7A092B16D094F84330DB0902D00C
:10AFE00004236B81C3E7194A19491A4840F29B139D
:10AFF00017F09EFE002383F31188BFF36F8F0323A6
:10B00000184602DFB3E72046FFF76EF9E4E729466A
:10B010002046FDF7BBFE80460028CED10B4A0E49E4
:10B020000C4840F22F1317F083FE88F31188BFF30A
:10B030006F8F0323184602DF04212846FFF7E6FC42
:10B0400098F80730FFDE00BF1088002010CA060005
:10B05000DCC0060004C00600C4C6060038B50546BC
:10B060000C4600F099FD10B10923A37238BD2146AA
:10B070002846FDF783FE0028F6D021462846FDF736
:10B0800085FEE061FDF78EFE10B90C23A37238BD7A
:10B0900021462846BDE83840FFF714BF70B50C467E
:10B0A0000546FCF77FFBA38CC31A1B0400D570BDBB
:10B0B00021462846FFF77AFE237A092B15D094F80B
:10B0C0002260E6B92046FDF7BFFEA661284600F0E3
:10B0D00039FF237A092B05D10D4B1A68954204BF1D
:10B0E00000221A600023A37270BD284600F062FDA2
:10B0F000237A092BE3D194F82030002BDFD00023F2
:10B1000084F8203021462846FFF7E2FDDEE700BF45
:10B110001088002070B506460C4600F03DFD10B1C9
:10B120000623A37270BD054621463046FDF726FE74
:10B130000028F5D0112221463046FFF75DFE30464B
:10B1400000F000FF237A092B04D1044B1A689642C1
:10B1500008BF1D600023A37270BD00BF10880020CF
:10B1600070B5204A136806460C468BB183420FD057
:10B1700002238B7200F010FD054620B921463046AF
:10B18000FDF7FCFD08BB2046BDE87040FDF738BE6A
:10B19000218D738E16609942628DA08D06D0214656
:10B1A0003046FFF7D3FD0423A37270BDB38E9342E4
:10B1B000F5D1B6F89C318342F1D12046FDF744FE2B
:10B1C00000220523A261A37270BD4FF47263214671
:10B1D00023843046FFF79EFF2046FDF735FEA5612C
:10B1E00070BD00BF1088002070B50C46897A0646F5
:10B1F00015460C2900F2A980DFE801F00B17464E36
:10B20000586273A77A848B9F0700002D00F0AD80F1
:10B2100070BD002DFCD1237A082B00F0C980092BCA
:10B2200040F0B7800123A37270BD012DF0D1194603
:10B230002046FFF747FCE38C228DA08D618D94F8AA
:10B240003450052B17D9B2F5486F14D8934212D851
:10B25000B1F5FA7F0FD2A0F10A039BB240F6764C0B
:10B26000634508D84B1C9BB202FB03F3B3EB800F82
:10B2700001D2AA420AD240F61E73238421463046E8
:10B28000BDE87040FFF746BF012DC1D821463046CA
:10B29000BDE87040FFF764BF002DB9D1FDF782FD16
:10B2A000002840F0C7800323A37270BD032D67D030
:10B2B000042DADD10F22062384F82120A37270BD86
:10B2C000002DA5D190F94330002B5CDA94F82030A2
:10B2D00083B10F2384F821302146BDE87040FFF789
:10B2E00019BF002D94D12146BDE87040FFF712BF71
:10B2F000002D8DD1304600F04FFC00285BD0082394
:10B30000A37270BD002D83D12146BDE87040FFF7C8
:10B31000A5BE022D7FF47CAF90F84320C2F3C0118C
:10B32000D20956D184F84C1000F036FC05460028AE
:10B3300000F089800D23A37270BD002D7FF468AFEB
:10B340002146BDE87040FFF7A9BE504A5049514818
:10B3500040F2515317F0ECFC002383F31188BFF344
:10B360006F8F0323184602DF70BDFDF71BFD002819
:10B370003FF44EAF21463046BDE87040FFF7A2BD16
:10B380000523A37270BDA5612146BDE87040FFF79B
:10B3900065BE3E4A3E493F4840F2F23317F0C8FCD2
:10B3A00085F31188BFF36F8F0323184602DF70BD4A
:10B3B0000A23A37270BD21463046FDF7DFFC00284A
:10B3C0009DD0102221463046FFF716FD0A236381E7
:10B3D00070BD19462046FFF7BDFB218D628DA58DFE
:10B3E0008B1F9BB240F67A4083422AD8B2F5FA7F8F
:10B3F00027D2A5F10A039BB240F67640834220D8BB
:10B40000531C9BB201FB03F3B3EB850F19D23046FB
:10B41000A58CFCF7C7F92B1A9BB247F6FE72934234
:10B4200029D9282386F86031304600F08BFD0023AF
:10B43000A37270BD21463046FFF788FC0423A37237
:10B4400070BD1E23EEE721463046FDF797FC00282D
:10B450003FF470AF072221463046FFF7CDFC30465F
:10B4600000F070FD237A092BE1D10B4B1A6896424C
:10B47000DDD11D60DBE72046FDF7C2FC0B23A37284
:10B4800021463046BDE87040FFF708BE10CA0600EE
:10B49000DCC0060004C0060010880020F8B50C4689
:10B4A000897A06461546062908D8DFE801F0172BE9
:10B4B000070733640400002D65D0F8BD7F4A80493A
:10B4C00080484FF43E7317F033FC002383F3118858
:10B4D000BFF36F8F0323184602DFF8BD002DECD1B8
:10B4E000237A092B10D0754A754976484FF4F573C5
:10B4F00017F01EFC85F31188BFF36F8F03231846E6
:10B5000002DFF8BD002DD8D121463046BDE8F84015
:10B51000FFF722BD032D00F08D80042D00F09280F6
:10B52000022DCAD119462046FFF714FB228D608DEB
:10B53000B4F82CC0931F9BB240F67A418B4244D89A
:10B54000B0F5FA7F41D2ACF10A039BB240F67641E6
:10B550008B423AD8431C9BB202FB03F3B3EB8C0F34
:10B5600033D22946304600F005FB2046FDF748FC63
:10B570000623A372F8BD002D9FD1FEF7A5FE60B390
:10B580000523A372F8BDFCF70DF9A38CC01A0304C0
:10B5900093D42946304600F0EDFA21463046FFF7B5
:10B5A00005FC237A092B58D094F82250002D5ED147
:10B5B0002046FDF749FCA5613046FEF763FF237A7C
:10B5C000092B2CD00023A372F8BD0021304600F0D7
:10B5D000D1FA1E2386F86031EEE721463046FDF7AA
:10B5E000CDFB0028CCD02946304600F0C3FAE769ED
:10B5F000E561002F43D094F8202094F82110381DE5
:10B60000FFF7AAF9FB79637339463046FDF7D4FB9F
:10B61000237A092BD0D13046FEF766FECCE796F9A7
:10B620004330002B25DB284B1A689642CAD10022F2
:10B630001A60C7E75B7984F8203021463046FFF76F
:10B6400047FBB9E7D0F840311A2223F00203C0F8D3
:10B650004031214684F82020F0E73046FEF74EFEC8
:10B66000237A092BA0D194F82030002B9CD0002302
:10B67000E1E73046FDF7E8FE0028D4D0A2E72146F6
:10B680003046FDF783FB07460028B4D10B4A0F492B
:10B690000C4840F22F1317F04BFB85F31188BFF3D2
:10B6A0006F8F0323184602DF042094F8202094F8BB
:10B6B0002110FFF751F9EB79FFDE00BF10CA060039
:10B6C000DCC0060004C0060010880020C4C60600C6
:10B6D00010B592F81FC082B0044602F11C03BCF101
:10B6E000110F0AD8DFE80CF02C090909090909250E
:10B6F00009090909090909091E17242380F860317D
:10B700000191FEF7BFFE01990B7A092B1FD0002390
:10B710008B7202B010BD0322204602B0BDE810407B
:10B72000FFF7BCBE0122204602B0BDE81040FFF783
:10B73000B5BE0422204602B0BDE81040FFF7AEBE01
:10B740000222204602B0BDE81040FFF7A7BE94F9E0
:10B750004330002B06DB074B1A689442D7D10022F6
:10B760001A60D4E720460191FDF76EFE019900288A
:10B77000F1D0CCE71088002013460022FFF78EBEE0
:10B7800070B5D57F02F11C0335B10F2D09D1BDE88D
:10B7900070400122FFF728BDBDE870400222FFF78C
:10B7A00023BD24230E4680F86031044600F0CAFB16
:10B7B000337A092B05D1044B1A68944204BF002246
:10B7C0001A600023B37270BD108800201346002257
:10B7D000FFF70ABD00230322FFF706BD0023042262
:10B7E000FFF702BD70B5D37F012B05460C4607D08D
:10B7F000242380F8603100F0A5FB0023A37270BD04
:10B800008B7A012B12D013F0FD0FF8D0154A164990
:10B81000164840F2271317F08BFA002383F31188A0
:10B82000BFF36F8F0323184602DF70BD02F11C01C6
:10B830002046FFF7A7F92846268CFBF7B3FF361AF8
:10B84000B6B247F6FE739E4202D80223A37270BDC1
:10B85000282385F86031284600F074FB0023A3728A
:10B8600070BD00BF7CCA0600DCC0060004C0060034
:10B8700038B58B7A012B12D0022B0C4610D00BB3AB
:10B88000124A1349134840F2271317F051FA0023C4
:10B8900083F31188BFF36F8F0323184602DF38BD8F
:10B8A0000546FBF77FFF238CC01A0304F7D404F18D
:10B8B00022012846FBF784FF284600F043FB0023C3
:10B8C000A37238BD01238B7238BD00BF7CCA06004D
:10B8D000DCC0060004C0060038B5D0F808318B4241
:10B8E00004460D4623D01C4A1C491D48782317F0F6
:10B8F0001FFA002383F31188BFF36F8F03231846C9
:10B9000002DFAB6913B11B792D2B15D0D4F80831A8
:10B9100043B1D4F80C111A68C4F80821994208BF41
:10B92000C4F80C212846BDE83840FDF703BA8B69FE
:10B93000002BE8D10B46ECE7074A0A4908487D236B
:10B9400017F0F6F9002383F31188BFF36F8F0323F9
:10B95000184602DFDAE700BFC4CA0600A4C9060021
:10B9600004C00600B8C9060038B5D0F808512B7AD3
:10B97000013B04460B2B28D8DFE803F00606060639
:10B9800018181D131306220600222946FEF750FB45
:10B99000AB7B2BB129462046BDE83840FFF79CBF62
:10B9A00038BD00222946FFF711FFF1E700222946A2
:10B9B000FCF72AFBECE700222946FDF79DF8E7E7B4
:10B9C00000222946FFF754FFE2E7084A08490948E0
:10B9D0004FF4E77317F0ACF9002383F31188BFF33A
:10B9E0006F8F0323184602DFD2E700BFC4CA0600E8
:10B9F000DCC0060004C0060070B5D0F8085104464B
:10BA00001DB394F81431012B03D1022384F81031B3
:10BA100070BD29462046FDF7B1F90028F5D029462A
:10BA20002046FDF7B3F90646F0B1311D2846FEF772
:10BA300001FEF3796B7331462046FDF7BDF9012312
:10BA4000AB73002384F8103170BD0F4A0F491048C2
:10BA500040F2162317F06CF985F31188BFF36F8F4E
:10BA60000323184602DFCCE7074A0A4908484FF487
:10BA7000EF7317F05DF986F31188BFF36F8F03231F
:10BA8000184602DFD1E700BFC4CA060090C906000D
:10BA900004C00600C4C6060070B5D0F808510446BC
:10BAA000ADB394F81431012B03D1012384F8103184
:10BAB00070BD29462046FDF761F90028F5D02946DA
:10BAC0002046FDF763F9064600283CD02046FEF7E5
:10BAD00059FB2A7A037A934206F1040026D0082BF8
:10BAE00026D02A2194F830311BB1D4F840315B07BD
:10BAF00023D4FEF725FFF3796B7331462046FDF71B
:10BB00005BF90123AB73002384F8103170BD154A33
:10BB10001549164840F2062317F00AF985F31188F3
:10BB2000BFF36F8F0323184602DFBAE72321D9E75B
:10BB3000092A14BF2A212321D4E70A4694F81711B1
:10BB4000FEF70AFFD7E7074A094908484FF4EF73A1
:10BB500017F0EEF886F31188BFF36F8F03231846B2
:10BB600002DFB3E7C4CA060090C9060004C006009D
:10BB7000C4C6060080F81611704700BF704700BFAA
:10BB80000020704790F81501003818BF0120704759
:10BB9000D0F80801704700BF90F81401A0F101002F
:10BBA000B0FA80F040097047B0F81831A0F81231AF
:10BBB000704700BF0023A0F81231704738B5D0F8A5
:10BBC0000841A4B10546D5F80C212368C5F8083111
:10BBD0009442214608BFC5F80C312846FDF75AF9B2
:10BBE0002046FDF7A7F8D5F80841002CEBD138BD69
:10BBF000022938B5054612D004290C460AD001297D
:10BC000000D038BDD0F80831002BFAD0BDE838405C
:10BC1000FFF7AABEFFF7D2FF85F8104138BDD0F874
:10BC20000841002380F815313CB100230122A5F81A
:10BC30001231A27385F8103138BD074A0749084808
:10BC400040F2292317F074F884F31188BFF36F8F43
:10BC50000323184602DFE8E7C4CA060090C90600BD
:10BC600004C00600F8B590F8103104460E4615469B
:10BC7000052B00F29F80DFE803F00E1607030B038D
:10BC8000BDE8F840FFF7B4BFBDE8F840FFF7B4BE29
:10BC900003290CD0F8BD71B10429FBD1FFF78EFF49
:10BCA00084F81061F8BDBDE8F840FFF7F5BE002349
:10BCB00080F81031F8BDD0F80871002FEAD03B7A37
:10BCC00090F816C190F843E0112B11D8414A012198
:10BCD00001FA03F0024052B30A2B21D0C3B184F819
:10BCE00015612046FFF740FE032384F81031F8BDAC
:10BCF000394A3A493A486B2317F01AF8002383F37C
:10BD00001188BFF36F8F0323184602DF3B7AE3E706
:10BD1000EB7F87F84C302046BDE8F840FFF76CBE5B
:10BD20002046FFF721FE052384F81031F8BD10F4FA
:10BD3000386FDDD00A2BF3D0002BE9D0BCF1000F17
:10BD400001D10E46CBE71EF0800F12D1BCF1010FDE
:10BD500022D0BCF1020F9DD12046FEF713FA3B7AA8
:10BD6000027A9A4222D0082A1ED02A2384F860310F
:10BD7000F8BDBCF1010FECD12046FEF703FA08B183
:10BD8000FF22C272012384F815312046FFF7ECFD33
:10BD9000032384F81031F8BDEB7F84F81731204677
:10BDA000BDE8F840FFF778BE092BDED1232384F8E5
:10BDB0006031F8BD084A094909484FF4437316F049
:10BDC000B7FF002383F31188BFF36F8F0323184657
:10BDD00002DFF8BD7FF40300C4CA0600DCC0060021
:10BDE00004C0060038B50C468969054610461A4657
:10BDF000237AF1B10C2B57D8DFE803F00D070707C2
:10BE0000073C3C484242074E070021462846FEF7C1
:10BE100005F9A16921B10B792D2B1CBF0023A3616A
:10BE2000A37B2BB121462846BDE83840FFF754BD1F
:10BE300038BDA26120610C2B36D801A151F823F046
:10BE4000A5BE03000BBE03000BBE03000BBE030028
:10BE50000BBE030075BE030075BE03008DBE03005C
:10BE600081BE030081BE03000BBE030099BE030028
:10BE70000BBE030021462846FCF796F8A169C9E7E6
:10BE800021462846FFF77CFCA169C3E721462846E6
:10BE9000FCF714FEA169BDE721462846FFF7A2FC86
:10BEA000A169B7E71146B5E7084A094909484FF4BF
:10BEB000A17316F03DFF002383F31188BFF36F8F4A
:10BEC0000323184602DFA169A4E700BFC4CA060025
:10BED000DCC0060004C0060038B50B7A072B0C4600
:10BEE00005460ED00C2B01D1FEF79EF8A37B002255
:10BEF00062612BB121462846BDE83840FFF7ECBC13
:10BF000038BDFCF7FDFDF1E738B50B7A072B0C4681
:10BF1000054608D0A37B2BB121462846BDE8384012
:10BF2000FFF7DABC38BDFCF7EFFDF3E7042200238E
:10BF300080F81021A0F81231704700BF00220121C3
:10BF4000FFF790BE00220221FFF78CBE00220321E2
:10BF5000FFF788BE00220421FFF784BEF0B5044637
:10BF600083B00E4615467BB1D37F1B2B31D8DFF84B
:10BF700098C090F843100CEB4307C9097F781AB2B8
:10BF800001238B403B402BD11846FCF7AFFF0746FF
:10BF9000E8B100230360D4F80C31E3B11860C4F8B1
:10BFA0000C012A4600212046FFF75CFEBB7B1BB13B
:10BFB00039462046FFF790FCD4F8081139B12B46DA
:10BFC0003246204603B0BDE8F040FFF70BBF03B098
:10BFD000F0BD0023D8E7C4F80801C4F80C01E0E77D
:10BFE0001CF812300A2BCFD10193FFF7E7FD002296
:10BFF000A4F8122184F8152184F810212046FEF7B8
:10C00000E7FA019BC0E700BF0CCB060010B5044661
:10C01000FFF7D4FD0023A4F8123184F8153184F819
:10C02000103110BD10B50C4630B994F884316FF35F
:10C03000000384F8843110BD0A4A0B490B4840F2D2
:10C04000A22316F075FE002383F31188BFF36F8FD0
:10C050000323184602DF94F884316FF3000384F859
:10C06000843110BD44CB06008CCB060004C0060012
:10C0700000B9704708B5084A0849094840F29A23B0
:10C0800016F056FE002383F31188BFF36F8F03234E
:10C09000184602DF08BD00BF44CB06007CC5060081
:10C0A00004C00600012800D0704710B50C46F8F710
:10C0B000CDF884420ED0084A0849094840F292233C
:10C0C00016F036FE002383F31188BFF36F8F03232E
:10C0D000184602DF10BD00BF44CB0600A0CB06000F
:10C0E00004C006002DE9F843099C9DF82090054600
:10C0F000208E4FF6FF71884225D029462046904673
:10C100001F46FBF7E3F8F0B926780136F6B2267041
:10C110005EB31D491D4B0F8104F11C000022C86055
:10C12000C1E9005881F80A90996001201146F5F79D
:10C13000F5FC50B9FF20FBF7FDF82046FF21BDE8D4
:10C14000F843FBF7C9B9BDE8F883114A1149124811
:10C150004FF4137316F0ECFD002383F31188BFF343
:10C160006F8F0323184602DFE4E7094A0B490A48A8
:10C1700040F23F2316F0DCFD86F31188BFF36F8F8A
:10C180000323184602DFC4E7FC8A0020D8060020FB
:10C1900044CB0600B8C0060004C00600A8C40600D0
:10C1A000438F43B110B590F8843113F0010488B087
:10C1B00002D008B010BD7047124A43F0010380F866
:10C1C000843103310123CDE90442CDE902430690D5
:10C1D000CAB2CDE90044234603212046F6F7D8FF32
:10C1E00010F0FD0FE5D0084A0849094840F2052340
:10C1F00016F09EFD84F31188BFF36F8F032318465A
:10C2000002DFD6E725C0030044CB0600E8C50600E0
:10C2100004C0060038B50C461546FAF74DFD48B186
:10C220001CB1BDE83840FDF74DB82946BDE838409F
:10C23000FDF722B8022038BD38B50C461546FAF78E
:10C240003BFD58B190F94330002B05DA2A462146D0
:10C25000BDE83840FCF744BF0C2038BD022038BD93
:10C26000064B074A10B41F204FF0FF3425211C60F5
:10C27000187111705DF8044B704700BF0C8B0020E3
:10C28000DDC6002030B5044600789DF80C5002FB56
:10C2900001111F4A014482FB01020A44521102EBC0
:10C2A000C20002EB80028A1AD0B2C1082070595C29
:10C2B00002F0070241FA02F212F001021FD1B0FBB4
:10C2C000F5F405FB1404E4B25D1E1046043300F1DE
:10C2D000080E15F8011F5FFA8EFE024611F0010FDD
:10C2E00002F1010C4FEA510102D04CB1013CE4B221
:10C2F0005FFA8CF27245F1D110469D42E7D130BD14
:10C30000C11D891AC9B207291046F6D830BD00BF31
:10C31000A7C867DD4288008850407047F0B5344DAB
:10C32000344C48404FF0030C060A5FFA80FE0EEBD7
:10C330008E2E06EB862004EA401705EA400605EA41
:10C340004E0004EA4E1E3E4340EA0E0000EB00277A
:10C3500006EB062E06EB0E2600EB0720360CC0F38C
:10C36000074040EA062000EB00100CF1FF3C0844B7
:10C370001CF0FF0C80B2D7D141401F48A0FB014008
:10C380000C1A00EB5400400900EBC00400EB8400E1
:10C39000081AC0F3C40400F00705145D2C41E4073B
:10C3A000C0B21CD401FB03F3561EC3F3074304328F
:10C3B000604600F1080516F801CFEDB201461CF009
:10C3C000010F01F101044FEA5C0C02D043B1013BC3
:10C3D000DBB2E1B2A942F2D108469642E9D1F0BD02
:10C3E0000730401AC0B207280846F6D8F0BD00BF93
:10C3F00010210200408408004D91CFBA1A491B4811
:10C400002DE9F0410023451EA1F1020C012606E0B2
:10C410000133082B01F1060100F1280022D003EBC3
:10C42000830215F83220D407F2D59CF800409CF81E
:10C4300001E0D0F80080C2F3801206FA03F79A40B8
:10C4400001333C434EEA020287888F80082B8CF828
:10C4500000408CF8012001F1060141F8068C00F142
:10C460002800DCD1BDE8F0811A8B0020058C00206B
:10C470002048214A2DE9F047204FDFF8848000232F
:10C48000951EA0F1020C012615F83310C90706FA13
:10C4900003F926D53C7812F8011C4CB1072901EBB1
:10C4A000810405D818F834104C0701D5C90618D5F1
:10C4B00015F833109CF801E09CF80040D2F800A079
:10C4C000C1F3400199404EEA010144EA0904B2F87F
:10C4D00004E08CF800408CF80110A0F804E0C0F8EB
:10C4E00000A00133082B00F1060002F10802CBD1B5
:10C4F000BDE8F087868D0020468D0020DFC6002035
:10C50000048C00200820704738B50020FAF7AAF8FC
:10C51000C8B90E4C0E4D621E14F83030072B03EBD9
:10C52000830105D815F831306FF3451305F8313024
:10C5300012F830306FF3000302F830300130082871
:10C54000EAD1002038BD0C2038BD00BF458D002049
:10C55000048C00202DE9F04F804683B00020FAF7CC
:10C5600081F8002875D198F80030FF2B054663D07C
:10C570003D4E08F101094FF0FF0A0446B71E03F0D3
:10C58000010B06E059455AD00134082C06F1080683
:10C590000FD017F83420C2F34001D207F2D4BAF119
:10C5A000FF0F08BF5FFA84FA0134082C06F1080671
:10C5B000EFD1BAF1070F52D817F83A2063F34102CE
:10C5C00007F83A20022314FB0A34D8F801303B5113
:10C5D0003C44B9F80430A38098F800B0234C0BF029
:10C5E000010B661E04E00135082D04F1280434D047
:10C5F00005EB85034FEAC30816F83330C3F3801206
:10C60000DB07F0D55A45EED12046062249462EF0EA
:10C6100058F90028E7D116F8083043F0200306F84F
:10C620000830EDB217F83A3007EBCA0243F00103C5
:10C6300007F83A305570002003B0BDE8F08F30465F
:10C640000622494601932EF03CF9019B00289BD11C
:10C65000F1E70C2003B0BDE8F08FFF25E2E70720EB
:10C6600003B0BDE8F08F00BF468D0020058C002090
:10C670002DE9F04106460020F9F7F4FFC8BB96F813
:10C680000080B8F1FF0F04462ED01B4D0136AF1EBF
:10C6900008F0010804E00134082C05F1080525D054
:10C6A00017F83430C3F34002DB07F4D54245F2D12A
:10C6B0000622284631462EF004F90028EBD107EB7C
:10C6C000C4035B78072B08D80C4A03EB830312F8EA
:10C6D000331060F3451102F8331017F834306FF35C
:10C6E000000307F834300020BDE8F0810220BDE8E7
:10C6F000F0810C20BDE8F081468D0020048C0020E4
:10C7000007282DE9F8430446884615461BD81D4ED8
:10C7100004EB84034FEA840916F8333013F0010761
:10C7200021D0A144012216F83930C3F3801388F8D0
:10C730000030282313FB0423F218F3582B6093884E
:10C74000AB80BDE8F883104A104911484FF48C7350
:10C7500016F0EEFA002383F31188BFF36F8F0323E3
:10C76000184602DFD3E7084A0A49094840F219137C
:10C7700016F0DEFA87F31188BFF36F8F0323184694
:10C7800002DFCEE7048C0020D0CB060014CC0600DC
:10C7900004C0060020CC06000820704710B5002019
:10C7A000F9F754FF88BB1A4B1A4C197893F82820D4
:10C7B000207060F3000160F30002197083F82820F4
:10C7C00093F8501093F8782060F3000160F30002B2
:10C7D00083F8501083F8782093F8A01093F8C820BD
:10C7E00060F3000160F3000283F8A01083F8C82012
:10C7F00093F8F01093F8182160F3000160F3000241
:10C8000083F8F01083F8182110BD0C2010BD00BF74
:10C81000048C0020DEC600202DE9F04F83B0834653
:10C820000020CDF800B0F9F711FF002856D11BF811
:10C83000012BDFF83481019202F00103044608F174
:10C84000FF391E4604E00134082C08F1280841D0C5
:10C8500004EB840209EBC20519F83270FB074FEABA
:10C86000840AC7F38012EED5B242ECD140460622CC
:10C8700059462EF026F80028E5D13E467607019A63
:10C8800007462FD4354D02F00108AE1E04E00137F3
:10C89000082F05F1080512D016F83730C3F340020F
:10C8A000DB07F4D54245F2D10622284659462EF040
:10C8B00008F80028EBD106EBC706FF237370A244EB
:10C8C000002019F83A306FF3000309F83A3003B04A
:10C8D000BDE8F08F022003B0BDE8F08F0C2003B05C
:10C8E000BDE8F08FDFF884C09CF800305E1E023B8C
:10C8F000062BF6B203D895F81780B04502D18CF814
:10C900000060BFE7164A019002EB061302EB081223
:10C9100015460FCBDFF858E085E80F003D4605EBE4
:10C92000850309EBC30219F83330D80705D5590739
:10C9300003D59EF81730B34207D00135082D0EF10C
:10C94000280EECD1009B1A78D9E7009B82F817805B
:10C950001A78044B03F80850D1E700BF468D002039
:10C96000848B00207C8B0020058C0020DEC60020FC
:10C97000048C00202DE9F8431D465B7903F0C003C9
:10C98000402B01D0BDE8F8830F46F1B1DFF8648099
:10C99000002400F0010608F1FF3904E00134082CFE
:10C9A00008F12808EED004EB840319F83330D807D7
:10C9B000C3F38012F2D5B242F0D106224046394686
:10C9C0002DF07FFF0028E9D1E2B2072ADAD8084B20
:10C9D00002EB820113F83110C907D3D518202821A2
:10C9E00011FB0202286898501A44AB889380C9E76B
:10C9F000048C0020058C00202DE9F84F82461A4E49
:10CA00001AF8018B8946002408F00108771E03E01C
:10CA1000082C06F128061BD004EB8402D50017F879
:10CA20003230C3F38012DB0704F10104F0D5424534
:10CA3000EED10622514630462DF043FF83460028B2
:10CA4000E6D118357C1906212046F4F7D5FF10B938
:10CA50000220BDE8F88F7859C9F80000A388A9F82A
:10CA600004305846BDE8F88F058C00202DE9F047CA
:10CA70008246174E1AF8018B8946002408F00108F7
:10CA8000771E03E0082C06F128061DD004EB840273
:10CA900007EBC20517F83230C3F38012DB0704F14D
:10CAA0000104EFD54245EDD10622514630462DF026
:10CAB00008FF0028E6D16B6A1A68C9F800209B8835
:10CAC000A9F80430BDE8F0870220BDE8F08700BF78
:10CAD000058C002010B504460020F9F7B7FD40B9D9
:10CAE0001CB1012C01D0122010BD034B1C70002082
:10CAF00010BD0C2010BD00BFDFC60020034B4FF45B
:10CB00007A7202FB00F01860704700BF148B00209F
:10CB10002DE9F047824600208846F9F797FD90BB43
:10CB20001D4E1AF8019B044609F00109771E03E027
:10CB3000082C06F1280620D004EB8402D50017F853
:10CB40003230C3F38012DB0704F10104F0D54A450B
:10CB5000EED13046062251462DF0B3FE0028E7D133
:10CB6000B8F1000F12D0B8F1010F09D17B5D43F08D
:10CB700010037B550020BDE8F0870220BDE8F08758
:10CB80001220BDE8F0870C20BDE8F0877B5D68F3DC
:10CB900004137B55EEE700BF058C0020034A044BCD
:10CBA000002814BF10461846704700BF848D00202F
:10CBB000188B0020A8B110B50B4A12684FF400433F
:10CBC00040F2E7300021E2FB03014FF47A720023C8
:10CBD000E9F7E6FABDE8104002460B46034813F0B9
:10CBE0008DBB02482DF074BA148B0020B8190020B8
:10CBF00008B5094B00221A8030B9084B084A1B7847
:10CC0000002111801BB908BDFFF732FCF5E7BDE834
:10CC10000840FFF7F3BB00BF848D0020DFC6002073
:10CC2000188B00202DE9F04F834687B02DF0CFFB05
:10CC30004A0143011B1A42EAD06262EB01029200F0
:10CC400042EA93729B001B1841EB02094FEAC909A3
:10CC500049EA5379C3F3103343EA49434FEAD939D8
:10CC6000BBF1000F16D1644AD2E90012B2F1FF3FC6
:10CC700008BFB1F1FF3F0DD060480068591A69EB59
:10CC80000202814272F10002ACBF4FF0010A4FF084
:10CC9000000A01E04FF0010A594ECDF804B0DFF868
:10CCA00074810024F71F9B460DE0254417F83530AA
:10CCB00043F0020307F835300134082C08F1060868
:10CCC00006F1280625D004EB8403A50017F83330BD
:10CCD000DA07F1D5BAF1000F01D19807ECD42B197E
:10CCE00017F83330590750D42B1917F833301A0777
:10CCF000DBD502A9304617F037F900286CD1BDF812
:10CD00000C300298A8F80430C6F81D80C8F800005E
:10CD1000CBE75B46DDF804B0BAF1000F02D0364A2B
:10CD2000C2E90039BBF1000F08D00020F9F780FC00
:10CD3000044618B194F86A305B0702D407B0BDE826
:10CD4000F08F94F82630072BF8D8FF238DF80830A1
:10CD500094F8293004EB830302A9DE6A04F1280069
:10CD600001F0B6FB72780546023231462DF0FBFB2E
:10CD700029462046F9F786FC9DF80830FF2BDDD0C8
:10CD800084F8293007B0BDE8F08F317C1D4B0F22AD
:10CD900002EB01121A440DF117000DF1070312F80E
:10CDA000011903F8011F8342F9D106F1170102A806
:10CDB00017F0DAF8002897D0134A1449144840F2C3
:10CDC000F32315F0B5FF002383F31188BFF36F8FB2
:10CDD0000323184602DF87E70B4A0C490C4840F250
:10CDE000013315F0A5FF002383F31188BFF36F8F84
:10CDF0000323184602DF82E7E8190020148B002085
:10CE00000B8C0020848B0020D0CB0600B8C006001D
:10CE100004C006004C8B002010B50120FFF702FF74
:10CE20000A4A12684FF4004340F2E7300021E2FB67
:10CE300003014FF47A720023E9F7B2F9BDE810401C
:10CE400002460B46024813F059BA00BF148B00206B
:10CE5000B8190020072815D8F8B500EB8003124D4B
:10CE600015F833301A0704464FEA8006C3F3C000B2
:10CE700007D5C3F340079B0706D5264405EBC60339
:10CE8000586AF8BD00207047084A094909484FF41C
:10CE90004A7315F04DFF87F31188BFF36F8F03239B
:10CEA000184602DFE9E700BF048C0020D0CB060063
:10CEB00034CC060004C0060007280CD800EB800321
:10CEC000064A12F833104B0705D5282303FB00222E
:10CED00002F11E0070470020704700BF048C002044
:10CEE0002DE9F047894616460AB1FF231370154D08
:10CEF000002400F0010805F1FF3A09E01EB1337883
:10CF0000FF2B08BF37700134082C05F1280514D019
:10CF100004EB8403E7B21AF83330C3F38012DB0763
:10CF2000ECD54245EFD10622284649462DF0C9FCF2
:10CF30000028E8D13846BDE8F087FF273846BDE82D
:10CF4000F08700BF058C00202DE9F04F074685B023
:10CF500000200E469046F9F779FB002874D1BA46B6
:10CF600004461AF8010B0DF10F025146FFF7B8FF06
:10CF7000072840F2BB809DF80F90B9F1070F79D8D0
:10CF800009EB8902D2005B4DD7F801100192531CC6
:10CF900009EB890BE9502B44BAF8041099803B78CF
:10CFA00015F83B10009263F38611A9543046102106
:10CFB000F4F722FD009BE95C60F38201E9544046EE
:10CFC0001021F4F719FD009B019AE95C00F00100C3
:10CFD00060F3C30111F0040FE95405EBCB0B4FEAEA
:10CFE00089034BD1002868D118320021A9502A4466
:10CFF000414E918003EB090215F8321021F0120125
:10D0000005F8321097F80080B71E08F0010804E018
:10D010000134082C06F108061AD017F8342012F053
:10D02000010BC2F34001F3D04145F1D13046062255
:10D03000514600932DF045FC009B0028E8D107EBFA
:10D04000C40787F8019005E00C2005B0BDE8F08F1B
:10D050004FF0000B4B444FEA4B1215F8331042F0DF
:10D06000010221F021010A43002005F8332005B018
:10D07000BDE8F08F072005B0BDE8F08FDFF87CE059
:10D08000DFF87CC09EF800108BF817100CF80190A8
:10D09000DFF870B04FF0FF3C0CEB011C01318EF853
:10D0A0000010DC4406F10F01013E11F801E90CF813
:10D0B00001EFB142F9D1002896D0D61DA81903EB93
:10D0C0000901D8F800B0D8F804E0D8F808C0D8F8BA
:10D0D0000C8045F806B005EBC101C0F804E0C0F8CB
:10D0E00008C0C0F80C80002048627DE7122005B01F
:10D0F000BDE8F08F048C0020468D0020DEC60020A5
:10D100007C8B0020848B0020072807D8044B00EB81
:10D11000800013F83000C0F3C00070470020704753
:10D12000048C0020024B1B7803700248704700BF3C
:10D13000DEC60020848B002038B5234B1B78834249
:10D1400004460DD9214B1C5D072C1CD8204B04EB49
:10D15000840213F8323013F0010524D0204638BD84
:10D160001C4A1D491D4840F2873315F0E1FD00239C
:10D1700083F31188BFF36F8F0323184602DF134B2D
:10D180001C5D072CE2D9134A1549144840F2893333
:10D1900015F0CEFD002383F31188BFF36F8F0323B7
:10D1A000184602DFD2E70B4A0E490C4840F28A3398
:10D1B00015F0BEFD85F31188BFF36F8F032318466A
:10D1C00002DF204638BD00BFDEC600207C8B002079
:10D1D000048C0020D0CB0600C4CD060004C006009D
:10D1E000E4CD0600B8CD0600072825D8F8B5134FC2
:10D1F00000EB8003044617F8333013F001054FEAC3
:10D20000800605D0264417F83600C0F34010F8BD5C
:10D210000B4A0C490C4840F2953315F089FD85F313
:10D220001188BFF36F8F0323184602DF264417F8D7
:10D230003600C0F34010F8BD00207047048C002079
:10D24000D0CB060020CC060004C006001378FF2BCC
:10D2500019D12DE9F047194D0446AE46002303EBE2
:10D26000830C9E0015F83CC01CF0010003D0CCF3E9
:10D27000801CA44509D00133082B0EF1280EEED1F5
:10D280000120BDE8F0870120704701F1FF387746A3
:10D290004FF0000C17F801AF18F8019FCA450CF1C8
:10D2A000010CE8D1BCF1060FF4D11E44137015F83F
:10D2B00036305A07E5D5C3F30010E2E7048C0020AE
:10D2C000024B1878003818BF01207047DFC60020D5
:10D2D00000F0C0BB08B5002303F000F8002008BD33
:10D2E00010B584B0079BD3E900209047012812D0E5
:10D2F00004460DF10F010DF10E00F6F755FF002168
:10D30000064B00919DF80F209DF80E000121F5F7C6
:10D3100057FF034BDC6004B010BD00BF25D30300F2
:10D32000D08D002000B585B00DF10F010DF10E007C
:10D33000F6F73AFF9DF80F20064B9DF80E000021EE
:10D3400001320091D2B20221F5F73AFF05B05DF843
:10D3500004FB00BFF5D30300F0B58DB00E460546C3
:10D360000DF12F010DF12E001C461746F6F71CFF9C
:10D370009DF82FC006940CF1010C0024CDE9074460
:10D38000CDE90344CDE901449DF82E0005970096B0
:10D390002B465FFA8CF20121F5F77EFE10F0FD0FAF
:10D3A0000AD006480094064BC4609DF82F209DF8D3
:10D3B0002E000121F5F704FF0DB0F0BDD08D002047
:10D3C00025D30300019B024A3121FFF7C5BF00BFEF
:10D3D000D5D3030070B5059D0446F6F7EBFE2B464A
:10D3E0002046034ABDE870400621FFF7B5BF00BFE5
:10D3F000E1D20300014812F0FFBC00BFB88D00204D
:10D4000008B50122002102482CF086FD002008BD4D
:10D41000B88D0020024BA0F2A462C3E9002070473F
:10D42000D08D00200020F5F711BE00BF08B5F5F73C
:10D430004DFF014B986008BDD08D0020684620F05C
:10D4400007018D4601B502F0F9F8EDF76BFDBDE877
:10D4500001408546704700BF08B50A4BD3F840210C
:10D460003AB90120F4F7B8FBBDE808400220F4F710
:10D47000B3BB0020C3F84001D3F84031F5F7F2FD0B
:10D48000EFE700BF00B000400020F4F7A5BB00BFED
:10D4900070B508BB214B224C1A7821789142D3B247
:10D4A0000FD0204A2049214840F2344315F040FC77
:10D4B000002383F31188BFF36F8F0323184602DF25
:10D4C00023781B4E1B4D3278013323702B78934207
:10D4D00012D033782B7070BD124A1749134840F2AE
:10D4E0002F4315F025FC002383F31188BFF36F8FC2
:10D4F0000323184602DFCDE70A4A10490B4840F2E1
:10D500003A4315F015FC002383F31188BFF36F8FA6
:10D510000323184602DF33782B7070BDE0C600206D
:10D52000E1C60020ECCD060034CE060004C00600A3
:10D53000E5C60020E4C600207CC5060050CE0600EB
:10D5400070B51A4E1A4D33782A789A4204460BD099
:10D5500033782B70174E184D1CB933782A789A42BD
:10D5600012D033782B7070BD144A1549154840F21B
:10D570001B4315F0DDFB002383F31188BFF36F8F8E
:10D580000323184602DFE3E70C4A0F490D4840F237
:10D59000264315F0CDFB84F31188BFF36F8F03236F
:10D5A000184602DF33782B7070BD00BFE3C6002041
:10D5B000E2C60020E0C60020E1C60020ECCD060057
:10D5C00078CE060004C00600A0CE060002F044B9E2
:10D5D00038B5194C194D237829788B421AD0184B3D
:10D5E000217000220599996001201146F4F796FAFE
:10D5F00000B938BD134A1449144840F2B34315F03A
:10D6000097FB002383F31188BFF36F8F0323184622
:10D6100002DF38BD0B4A0E490C4840F2AD4315F00D
:10D6200087FB002383F31188BFF36F8F0323184612
:10D6300002DF2978D3E700BFE0C60020E1C6002062
:10D64000E8060020ECCD0600D8C1060004C00600A4
:10D65000BCCE06002DE9F04F494A4A4F12783B787C
:10D660009A428BB00C4605D1474B484A1B7812783A
:10D670009A4271D0E368D4F800801B68DFF83091DB
:10D68000DD68D3E9012191422CBFC5EB0105C5EB53
:10D69000020508EB050626F07F46D9F80010304653
:10D6A000F5F716FE10F4000002D10BB0BDE8F08FC4
:10D6B000374A384B11781A78914232D1324A33497D
:10D6C0001278097891422CD01A7801324FF0000A72
:10D6D000D2B21A705146304BCDF800A05246504697
:10D6E000F5F76EFD10F0FD0F1BD02C4A2C492D488C
:10D6F00040F29F4315F01CFB8AF31188BFF36F8F34
:10D700004FF0030B584602DF244A2549254840F2D2
:10D71000674315F00DFB8AF31188BFF36F8F5846EE
:10D7200002DFE368C9F8006006931F4B0022CDE9D1
:10D7300007321E4BCDE90222CDE90423CDE9005288
:10D740003C780134E4B24346114610463C70F5F78C
:10D75000A3FC0BB0BDE8F08FC368D0F800801A6856
:10D76000DFF84C90D568D2E9011088422CBFC5EB98
:10D770000005C5EB010508EB050626F07F46D1E75D
:10D78000E4C60020E5C60020E0C60020E1C6002077
:10D79000E2C60020E3C6002041D50300ECCD060020
:10D7A000BCC3060004C0060091D40300D1D5030019
:10D7B000E88D0020804A9368002B7ED02DE9F04F41
:10D7C000136889B082467BB14FF0FF338DF80A3081
:10D7D00003E0067F16F0030609D00DF10A00F6F704
:10D7E0008DFE05460028F4D109B0BDE8F08FC3686E
:10D7F000534576D00768B146B04602E0037F9907EB
:10D8000022D00DF10A00F6F779FE04460028F5D182
:10D81000B8F1000F08BFA84641464046FFF71AFF7F
:10D8200030F00203E0D0654A6549664840F2FA43A9
:10D8300015F07EFA84F31188BFF36F8F0323184627
:10D8400002DF09B0BDE8F08FC368B9F1000F0ED058
:10D85000534527D0D4F800B039465846F5F738FD7F
:10D8600000F4000000281CBFA0465F46C9E79A45A7
:10D870008146EFD12B7FE96843F002032B772846DE
:10D88000AB699847FF238DF80A3003E0037F13F05C
:10D89000030413D00DF10A00F6F730FE0546002808
:10D8A000F4D1A1E72B7FE96843F002032B772846E8
:10D8B000AB699847A14587D1E4E77047C3685345F2
:10D8C0000FD03E4A40493F4840F21D5315F030FA10
:10D8D00084F31188BFF36F8F0323184602DFD5F856
:10D8E0000CA0354A50465368116803AA984704466D
:10D8F000F0B110F1100F3FF477AF2F4A002093687A
:10D900001168984714F10B0F1BD08C343FF46CAFA7
:10D910002A4A2E492B4840F25A5315F009FA00239F
:10D9200083F31188BFF36F8F0323184602DF5BE791
:10D930002B7FAA69E96843F002032B7728469047BA
:10D9400052E70224FF258DF80B500DF10B00F6F77E
:10D95000D5FD98B1037F9A07F7D40EB9DB07F4D44D
:10D96000154AC36811689942EFD1037F43F002035F
:10D970000377836998478DF80B50E6E70126B44298
:10D9800001D03446DFE70C4D039B2868009400214A
:10D99000CDE9041106910790296004AAD5E9010197
:10D9A000F6F764FD044600287FF41EAF034A0849D9
:10D9B00004484FF4AB633BE7EC8D0020ECCD060050
:10D9C000BCC3060004C00600D8CE060004CF060083
:10D9D000FCCE060010B515482CF0ABF810B3144B74
:10D9E00000249C6000F03EFB00281ADB2146012049
:10D9F0002246EDF7AFFC22460B200121EDF7AAFCF1
:10DA0000224621461820EDF7A5FC0120EDF772FC17
:10DA10000B20EDF76FFC1820EDF76CFC01F03EFEDB
:10DA2000204610BD6FF0120010BD00BFB8AE06005A
:10DA3000EC8D002008B500F025FB002809DB012053
:10DA4000EDF766FC0B20EDF763FC1820EDF760FCAA
:10DA5000002008BD034603488AB2194683681B6844
:10DA6000184700BFB8AE060030B4074DAB685C681D
:10DA700034B18AB2A44601460023284630BC604730
:10DA80006FF0850030BC7047B8AE060030B4074D6B
:10DA9000AB685C6834B18AB2A446014600232846CC
:10DAA00030BC60476FF0850030BC7047B8AE0600F0
:10DAB0000020704730B5254B83B0044670B31A6818
:10DAC000824225D0FF250DF107008DF80750F6F7AB
:10DAD00015FD38B91AE0A1420AD00DF10700F6F79A
:10DAE0000DFD98B1037F9B07F7D4C168002CF2D1DC
:10DAF000037F826943F00203037790470DF107002B
:10DB00008DF80750F6F7FAFC0028EBD103B030BDD2
:10DB10009D6865B101460020A847D3E79D68002DA8
:10DB2000D0D019680029CDD00020A847CAE7084AFC
:10DB30000849094840F2BF1315F0FAF885F3118837
:10DB4000BFF36F8F0323184602DFBBE7EC8D002085
:10DB5000ECCD060010CF060004C006000020704780
:10DB600038B50446F6F7BCFC64B1054620B324681A
:10DB70000020F6F7DDFC2046F6F780FD044658B19C
:10DB8000002038BD1B4DAC682CB32C680023AB6063
:10DB90002B60002CEBD1EBE7174A184918484FF4DB
:10DBA0000C7315F0C5F884F31188BFF36F8F03234E
:10DBB000184602DF002038BD0F4A1249104840F2D3
:10DBC000F91315F0B5F885F31188BFF36F8F0323B0
:10DBD000184602DFCBE7084A0B4909484FF4FF73A8
:10DBE00015F0A6F884F31188BFF36F8F032318464E
:10DBF00002DFCAE7EC8D0020ECCD06003CCF06002A
:10DC000004C0060018CF060028CF0600D0E9013274
:10DC1000002A04DB9A4238BF1A4610467047C06893
:10DC2000984238BF1846704710B51446F5F74EFBBA
:10DC30002146F5F74DFB034610F4000004D10333F1
:10DC4000092B88BF184610BD002010BD262810B52E
:10DC500004461CD0272812D0252808D00A281ED90F
:10DC6000272821D80330400001F066FD02E00220A1
:10DC700001F062FD2046BDE8104001F063BD502078
:10DC800001F05AFD2046BDE8104001F05BBD1A20AE
:10DC900001F052FD2046BDE8104001F053BD0230B6
:10DCA000400001F049FDE5E7074A0849084840F20D
:10DCB000A22315F03DF8002383F31188BFF36F8F83
:10DCC0000323184602DFD5E7ECCD0600DCC00600D2
:10DCD00004C0060001F094BD01F09ABD08B501F042
:10DCE000BBFDBDE8084001F023BF00BF08B501F04F
:10DCF000B3FD01F01DFFBDE8084001F0C1BE00BF4B
:10DD000008B501F0A9FD01F013FF01F0F7FE02F0E4
:10DD1000FBF8BDE8084001F0B3BE00BF08B50146FE
:10DD2000184801F09BFC01F0CDFD60B101F096FFB9
:10DD300001F0ECFC00F0EAF900280EDBBDE8084039
:10DD40000020FFF70DBF01F071FD01F087FF01F02A
:10DD5000DDFC00F0DBF90028F0DA0B4A0B490C4837
:10DD600040F21E3314F0E4FF002383F31188BFF365
:10DD70006F8F0323184602DF0020BDE80840FFF73D
:10DD8000EFBE00BFCDD50300ECCD060044CF0600AA
:10DD900004C0060010B5044601F05EFD01F0C8FEA7
:10DDA00001F0ACFE02F0B0F801F06AFE2046BDE8DA
:10DDB0001040FFF7B3BF00BF08B50146144801F09B
:10DDC0004DFC01F07FFD40B100F0A0F900280ADB16
:10DDD000BDE808400020FFF7C3BE01F027FD00F0BA
:10DDE00095F90028F4DA0B4A0B490C4840F22D3320
:10DDF00014F09EFF002383F31188BFF36F8F03237A
:10DE0000184602DF0020BDE80840FFF7A9BE00BFAA
:10DE1000CDD50300ECCD060044CF060004C00600BB
:10DE20002DE9F04F89B01F46FF239DF848B08DF8CB
:10DE30001F3080468946924602E0037F9C0722D02D
:10DE40000DF11F00F6F75AFB0028F6D1684DAB68BC
:10DE50000446002B40F08180FB682B60C5E90189F6
:10DE60003846D047054603E0037F13F0030356D03E
:10DE70000DF11F00F6F742FB01460028F4D12846B9
:10DE800009B0BDE8F08F05683E689DF81F30059326
:10DE9000044629463046F5F71BFABBF1000F01D1C5
:10DEA000010254D4BC4214BF2646002602E0027F81
:10DEB000920724D00DF11F00F6F720FB0028F6D1C1
:10DEC0004B4D059B8DF81F30AB68002B46D1002EC3
:10DED00044D1002CC0D0BBF1000F66D1BC42BBD0F6
:10DEE000444A4549454840F2B23314F021FF8BF3D0
:10DEF0001188BFF36F8F0323184602DFACE7026877
:10DF00000490294610460392F5F7E2F9039A049B20
:10DF100000F4000000281CBF15461E46CAE71C4638
:10DF2000FFF798FB30F00203A9D0324A3449334856
:10DF300040F2D23314F0FCFE84F31188BFF36F8FEC
:10DF40000323184602DF284609B0BDE8F08FFF23FF
:10DF5000354605935C465E46ACE726464946CDF815
:10DF600000B053463A464046F6F780FA014638B3C9
:10DF7000BBF1000F16D1002E35D03046FFF76AFBFB
:10DF800030F002030ED01B4A1D491C4840F28D336D
:10DF900014F0CEFE002383F31188BFF36F8F0323A9
:10DFA000184602DF6FF0760569E7CDF800B05346FA
:10DFB0003A4649464046F6F759FA06460028F1D156
:10DFC0000C4A10490D4840F27B3314F0B1FE002199
:10DFD00081F31188BFF36F8F0323184602DFBBF173
:10DFE000000FC8D0DEE7002C14BF26460E46C4E75B
:10DFF000EC8D0020ECCD060058CF060004C00600D2
:10E00000BCC3060050CF060001F1100011F0F4BEB1
:10E0100070B505468AB00C460122002104A82BF0F9
:10E020007BFF0F4B01930026032369462846039686
:10E03000029314F08BFF002810DB4FF400433146AD
:10E0400040F2E730E4FB03014FF47A720023E8F773
:10E05000A7F802460B4604A811F008FF0AB070BDED
:10E0600009E0030010B5012004F006F9044900237B
:10E0700001244B608C60CB60BDE8104014F066BF9B
:10E08000FC8D002010B5012004F0F6F80449044688
:10E0900014F0D7FF2046BDE8104014F0AEBF00BF1B
:10E0A000FC8D00200C4B1A780AB10020704710B587
:10E0B0000120187004F0E0F84FF4FA710446FFF7FD
:10E0C000A7FF38B9204614F098FF02280CBF0020A3
:10E0D0006FF0040010BD00BFE6C6002008B50A4B73
:10E0E000BFF35B8F53E8002F511C43E8001000285A
:10E0F000F8D1BFF35B8F002A01DD002008BD04F0DA
:10E10000C3F8002008BD00BFF88D002008B50C4BF7
:10E110001A68002A11DDBFF35B8F53E8002F511EF0
:10E1200043E800100028F8D1BFF35B8F012A01DD1E
:10E13000002008BD04F0BEF8FAE76FF0770008BDD4
:10E14000F88D002032207047014B33F810007047E3
:10E150008CCF060010B50446FFF7D2FD01F0C4FCD9
:10E160002046BDE81040FFF7D9BD00BF30B583B0F1
:10E170000546FFF7B3FD962001F0EAFC00231846A0
:10E180001A46194601F00EFC0120F6F713F9044671
:10E19000002845D004F11C0001F026FB01F072FBC1
:10E1A000E0B92748294601F059FAFFF789F860BB22
:10E1B00001F0A8FD00210446084601F02BFB0021D8
:10E1C0000546084601F022FB2C44CB34201A01F00E
:10E1D00051FD03B0BDE8304001F086BD194A1A492F
:10E1E0001A4840F29C4314F0A3FD002383F31188E6
:10E1F000BFF36F8F0323184602DF1148294601F051
:10E200002DFAFFF75DF80028D2D00DF10700FEF7D8
:10E2100089FF002201469DF8070001F033FEC7E7A1
:10E22000084A0B4909484FF4936314F081FD84F3C5
:10E230001188BFF36F8F0323184602DFAAE700BFE0
:10E24000F9E803009CCF0600F0CF060004C00600EA
:10E25000E8CF0600814208B50ED00B7ADB0702D466
:10E260006FF08B0008BD134B1360FFF737FF0028DA
:10E270000FDB6FF00A0008BD0B7B01EB83010B691C
:10E280001B7803F00F03012B14BF6FF08B000020ED
:10E2900008BD094A09490A4840F2514314F048FDB3
:10E2A000002383F31188BFF36F8F0323184602DF27
:10E2B000DFE700BF01E703009CCF060044CF060064
:10E2C00004C0060010B50446FFF71AFD01F00CFC6F
:10E2D0002046FFF723FD0C4B0021012208469C60DD
:10E2E000F3F71CFC00B910BD084A0949094840F27F
:10E2F000B15314F01DFD002383F31188BFF36F8F1A
:10E300000323184602DF10BDF80600209CCF06004C
:10E31000D8C1060004C0060010B5E8B10C46FFF7EE
:10E32000F5FE002804DB2046BDE81040FFF718BCCE
:10E330000D4A0E490E4840F2774314F0F9FC0023D1
:10E3400083F31188BFF36F8F0323184602DF204643
:10E35000BDE81040FFF704BC064801F07FF9BDE8B6
:10E36000104001F063BA00BF9CCF060044CF060006
:10E3700004C0060055E10300084B042210B59818AC
:10E380002821F3F7D1FA064B00249C810222214672
:10E3900004482BF0C1FD204610BD00BF3C8E00207C
:10E3A0002C8E0020148E0020084B042210B59818E3
:10E3B0002821F3F7B9FA064B00249C81022221465A
:10E3C00004482BF0A9FD204610BD00BF3C8E002064
:10E3D0002C8E0020148E002010B504460548F3F75B
:10E3E000C9FA20B1034600205870636010BD6FF079
:10E3F0000B0010BD3C8E00200346002018705870A2
:10E400009860704738B52B4D2B7B6A7B9A4202D0BF
:10E4100055F8234034B92848F3F7ACFA044680B1E4
:10E42000204638BD254811F047FD2B7B6A7B9A4278
:10E43000F6D00133DBB2032B08BF00232B73204639
:10E4400038BD1E484FF42032002311F00FFD90B963
:10E450001A4811F031FD2A7B6B7B93421AD0531C72
:10E46000DBB255F82220032B08BF00232B738AB19F
:10E470001446204638BD124A124913484FF4DB7344
:10E4800014F056FC84F31188BFF36F8F03231846F2
:10E4900002DFDDE70A4A0D490B4840F2BB1314F0D6
:10E4A00047FC002383F31188BFF36F8F03231846C3
:10E4B00002DFB5E72C8E00203C8E0020148E002059
:10E4C0009CCF0600B8C0060004C0060004D00600B9
:10E4D00010B5027843789A4214D0D4B244700278CE
:10E4E000944204D05A1C4370D3B2022B0ED01A4669
:10E4F00000EB82040B70606800B110BDFFF782FF73
:10E50000606010BD0133DBB2022BF0D10022134654
:10E51000EEE700BFF8B5027843789342044625D071
:10E52000D5B2154A00EB8507507B92F80CC0431C0E
:10E53000DBB2032B08BF00239C450E46796806D04A
:10E5400042F8201053730D4811F056FC00216B1C4B
:10E55000DBB2022B0ABF00221A46134679602370F1
:10E56000012104EB820431706068F8BD1A4604EBA7
:10E5700082046068F8BD00BF2C8E0020148E00203D
:10E5800070B5057AC5F302150446002D95FAA5F07D
:10E59000B0FA80F008BF4FF0FF3082B000F1010602
:10E5A00046D0227A6B1E2B4063F3061206F124003C
:10E5B0002272FFF74BFB00230DF1070104F10C0061
:10E5C0008DF80730FFF7A6FF0546002842D0284601
:10E5D00001F010F92B7803F00F03022B1FD00DF17F
:10E5E000070104F11800FFF795FF0646002840D008
:10E5F0009DF8073063B92146254801F02FF8962091
:10E6000001F0A6FA002002B0BDE8704001F082B926
:10E61000D5F80230C6F80230EB88F380EBE71D48EE
:10E62000214601F01BF802B0BDE8704001F01ABAB3
:10E63000194A1A491A4840F2BC5314F079FB85F381
:10E640001188BFF36F8F0323184602DF257AC5F3C5
:10E650000215A6E7104A1349114840F2C55314F0B9
:10E6600067FB85F31188BFF36F8F0323184602DF22
:10E67000ADE7094A0C490A4840F2CF5314F058FB61
:10E6800086F31188BFF36F8F0323184602DFAFE7CD
:10E690006DE10300ADE603009CCF060008D0060044
:10E6A00004C0060010D0060014D0060010B50446C1
:10E6B00001F006F9FFF724FB237A03F07102012A27
:10E6C00005D1C3F3420262F306132372DBB213F0E7
:10E6D000700F05D0636853B193F82C309B0706D5B3
:10E6E00001F002FA2046BDE81040FFF717BB2046B4
:10E6F000FFF746FF01F094F8BDE8104001F0F4BACE
:10E7000070B5C36804461E68F4F7E0FD0546304660
:10E71000FFF77CFA00232D1AC4E900532381204619
:10E72000BDE87040E9F768BA10B582B00446FFF75B
:10E73000D5FC00281CDB164A164917480094002314
:10E74000F5F7CAFF08B1773001D102B010BD134A06
:10E750001349144840F2AF2314F0EAFA002383F37C
:10E760001188BFF36F8F0323184602DF02B010BD7C
:10E770000A4A0D490B484FF42B7314F0D9FA0023C1
:10E7800083F31188BFF36F8F0323184602DFD2E7AC
:10E79000F97B020019E3030055E203009CCF060059
:10E7A0002CC2060004C0060044CF06002DE9F0414B
:10E7B0000D46417A9DF818801746CA071E4609D5AE
:10E7C000B8F1000F17D02B78B7EBD31F1AD0002069
:10E7D000BDE8F0812946044611F8020B079AC0F300
:10E7E0008010FEF733FD0028EDD1637ADB07EED50C
:10E7F000B8F1000FE7D1079B1878FEF7F5FC002869
:10E80000E1D1E4E7062205F1080130462CF059F881
:10E81000B0FA80F04009BDE8F08100BF2DE9F84F63
:10E820001F460B9B9DF828909DF8305006460C46DD
:10E8300092466BB9437A03F00303012B2CD9002DC8
:10E840003AD02378BAEBD31F4AD00020BDE8F88F26
:10E8500088460D9A18F8020BC0F380104146FEF767
:10E86000F5FC0028F2D094F800B0BAEBDB1FECD135
:10E8700004F10801384606222CF023F80028E4D1E0
:10E880000D9B1B78FF2B1ED0B27AFF2A1BD0981A43
:10E89000B0FA80F04009D9E711F8020B0D9AC0F3E5
:10E8A0008010FEF7D3FC0028CBD1737A03F003036A
:10E8B000012BCAD9002DC4D10D9B1878FEF794FC0A
:10E8C0000028BED1C1E7CBF3801BCB45BDD10B984F
:10E8D000062241462BF0F5FFB0FA80F04009B5E77B
:10E8E000062204F1080138462BF0EBFFB0FA80F065
:10E8F0004009BDE8F88F00BF2DE9F0478AB0044613
:10E9000000F0D4FFC0B250B9FFF7FAF97D482146B4
:10E9100000F0A4FE0AB0BDE8F04700F087BF00F0A9
:10E92000E7FF054601F0F4F8824601F0FBF801F03C
:10E9300003FB064601F0E2FAEDB2804601F0AAF8C8
:10E94000FFF7DEF9002DE1D016F0FF067AD1FF23A4
:10E9500001208DF82730F5F72DFD0546002800F041
:10E96000A480237B95F81C8004EB830308F00F0838
:10E970001F693B4605F11C0113F8020B00F00F0C58
:10E98000BCF1010F0CBF07F108094FF00009B8F105
:10E99000030FC0F380125FFA8AFA4FEAD01759D0FA
:10E9A000B8F1050FB2D1687F2228AFD16068002886
:10E9B000ACD090F82C5015F00205A7D10DF127002E
:10E9C0000390CDE9019A00972046FFF727FF002822
:10E9D0009CD00420F5F7EEFC002897D04A48214649
:10E9E00000F03CFE00F022FF00F04CFF00284DD16B
:10E9F000626892F82C3043F0010382F82C30F5F76E
:10EA0000F3FC17224FF6FF730271C3808460054642
:10EA100001F01EF9286101F06FF900210446084653
:10EA200000F0F8FE241A6C6196B19DF827306B76E1
:10EA3000F5F7DAFC2946E8602868F5F7FFFC0AB02C
:10EA4000BDE8F0875FFA88F0FEF776FB03467FE7C4
:10EA5000FF23ECE7687F0C287FF458AFB9F1000F73
:10EA60007FF454AF0DF127000190CDF800A02046AF
:10EA7000CDE906230591FFF799FE28BB95F81C8088
:10EA8000079BDDE9051208F00F0889E71F4A2049B6
:10EA9000204840F25F6314F04BF985F31188BFF30F
:10EAA0006F8F0323184602DFA2E7184A1A49194854
:10EAB00040F2FF5314F03CF985F31188BFF36F8FD8
:10EAC0000323184602DF4CE70E48214600F0C6FD3E
:10EAD00000F0C8FF237E04EB8303D86900F08AFEB0
:10EAE00000F0D0FE0028AAD0084A094909484FF48E
:10EAF000C36314F01DF989F31188BFF36F8F40468B
:10EB000002DF9CE7ADE60300C5E203009CCF0600F0
:10EB1000F0CF060004C00600E8CF0600F8B50546B1
:10EB2000FFF7EEF8F5F79CFD044600283FD0274B91
:10EB3000274A1B781178A27926485B0001F0010171
:10EB400003F002030B4322F003021343224A01881D
:10EB50001278A18001202070A371227219B195F959
:10EB60002730002B04DB2846BDE8F840FFF7D6B875
:10EB700095F82C30C3F30213022B16D0042B0CBFD4
:10EB80004FF4BC77282701F0A3F8064601F0A6F859
:10EB9000361AE660EA6BC4E904270023EB636B6472
:10EBA0002846BDE8F840FFF7B9B81827EBE70B4A4D
:10EBB0000B490C484FF4787314F0BAF884F31188B9
:10EBC000BFF36F8F0323184602DFB0E7E8C60020CB
:10EBD000E9C600208AB30020E7C6002058D006000E
:10EBE000C0C7060004C0060008B500F08BFE02781E
:10EBF0000346012161F301021A70002008BD00BF25
:10EC000000207047704700BF30B4074A074D084CDA
:10EC10000848094900231380084A2B802370037099
:10EC20000B70137030BC70478AB300208CB3002087
:10EC3000E9C60020EAC60020E8C60020E7C600209A
:10EC400091F82C305B070AD481420AD1064B1B880D
:10EC5000002B14BF6FF08B006FF00F007047002087
:10EC600070476FF08B0070478CB3002038B50D46AD
:10EC7000002842D00446FFF749FA002851DBE26839
:10EC80002389518B938301330B4492F927105383CB
:10EC9000002913DBF5F7E4FC0446F8B1A37923F06F
:10ECA0000303002243F0020301212170A280A3711B
:10ECB00022722846BDE83840FEF752BF2089136B08
:10ECC000916B00FB03330B44516B8B4228BF0B4607
:10ECD0009363F5F7C5FC04460028DFD1184A1949AB
:10ECE000194840F2071314F023F884F31188BFF396
:10ECF0006F8F0323184602DFD0E791F92730002BEE
:10ED000007DB2946114800F0A9FCBDE8384000F0B7
:10ED10008DBD0F4B1B88002BF3D10E4B01221A70B7
:10ED2000EFE7074A0C490848EE2314F001F80023E6
:10ED300083F31188BFF36F8F0323184602DF9EE72A
:10ED400058D00600C0C7060004C006001DEB030033
:10ED50008CB30020E8C6002044CF0600F8B5064674
:10ED60000120F5F727FB044670B30021617796F880
:10ED70006750B6F85A7005F00705284600F0C8FC41
:10ED800096F87E301B0704F11C044FEA850210D56B
:10ED9000391D42F00102C9B2082000F0FBFC2246F6
:10EDA000294606F17F0000F0B3FFBDE8F84000F00F
:10EDB0001BBDF9B2082042F0010200F0EBFC204636
:10EDC000BDE8F84000F010BD074A0849084840F285
:10EDD000133313F0ADFF84F31188BFF36F8F032358
:10EDE000184602DFC1E700BF58D00600E8CF060092
:10EDF00004C0060038B50446FEF770FF2B4AA08910
:10EE000013880133138000F0A3FE94F8662094F871
:10EE10006700C2F3C00300F0070002F00702002100
:10EE200000F0C0FD2046FFF799FF00F035FD60BB04
:10EE300000F068FF258A034694F867000D3501212C
:10EE400000F007001D4400F0E5FC94F8673003F083
:10EE50000703022B054416D0042B0CBF4FF4BC73E0
:10EE6000282394F86600C0F3C00100F007001D4499
:10EE700000F0CCFC281A00F0FDFE21460C48BDE84D
:10EE8000384000F0EBBB1823EBE70A4A0A490B486D
:10EE900040F2AF2313F04CFF002383F31188BFF33C
:10EEA0006F8F0323184602DFC2E700BF8CB3002038
:10EEB000D5EF030058D00600A4D0060004C0060019
:10EEC000F8B50F4690F86610B0F8586001F00704E6
:10EED0000546C1F3C001204600F01AFC95F87E30CB
:10EEE000A200DB0642F00102F1B20DD50431C9B235
:10EEF000082000F04FFC394605F1A00000F056FF55
:10EF0000BDE8F84000F076BC082000F043FC38462D
:10EF1000BDE8F84000F06EBCF0B5054683B001AA2C
:10EF2000806E0F46E96EF2F78BFD95F87E305A073A
:10EF3000064638D448B3019C95F87D3095F87C207E
:10EF400004341C4412B9627885F87C2033B12378EC
:10EF5000012262F30103237095F87D3095F87C203F
:10EF6000D31A63702846F8F7F1FB637883422AD9F5
:10EF700060700121237803F00F03002243EA01139C
:10EF80002370A2703C6003B0F0BD43F0040385F829
:10EF90007E3000F0B7FC044623786FF3041323702F
:10EFA0003C6003B0F0BD43F0040385F87E3000F010
:10EFB000A9FC0446002EEFD0037843F01003037041
:10EFC0003C6003B0F0BD3268EB6E9A42D1D10021B3
:10EFD000D0E700BF2DE9F04182B0044600F066FCA6
:10EFE000C0B250B9FEF782FEBD48214600F036FBA4
:10EFF00002B0BDE8F04100F019BC00F079FCC5B2E8
:10F0000000F048FDFEF772FEB64A13880120034463
:10F010001380F5F7CFF90646002800F0E380002DB5
:10F020004ED1B14B1F78002F40F0AA80012201A9D8
:10F0300020461A70FFF770FF0027DDF804803D4678
:10F04000E08900F085FD94F8670000F0070000F00B
:10F0500061FCA648214600F001FB00F045FE94F853
:10F060007E2098F8003062F3C30388F8003094F8EB
:10F070007E3098F80020C3F3400363F3820288F8DF
:10F08000002041462046FFF71BFF00F005FC00284A
:10F0900040F0988000F01CFE002867D0002D6BD057
:10F0A000A08A4FF6FF73984200F0D1802946F8F706
:10F0B000B3FA002F77D102B0BDE8F041F5F7B6B949
:10F0C00094F87E30327F03F00101C2F38000884261
:10F0D00000F09A8094F9272081F0010161F3000388
:10F0E000002A84F87E3005DA94F82C3043F00803C7
:10F0F00084F82C3094F87E305D0700F1BC80D4E9B0
:10F100001A0101AAF2F79CFC0546002800F0B9801C
:10F1100094F87D20019B1344597971B194F87E30A5
:10F12000D8060AD5D4F8B0300133C4F8B030D4F8DA
:10F13000B43043F10003C4F8B43094F87C300A448E
:10F14000D2B29A42C0F0A28000F0B780684A694902
:10F15000694840F26D4313F0EBFD002383F31188FF
:10F16000BFF36F8F0323184602DF8AE000F0A4FD8F
:10F1700000F0A8FD002D93D1AFB902B0BDE8F08139
:10F18000013FFFB201A920461F70FFF7C5FE002F07
:10F190007FF452AFDDF804805148214600F05EFA5A
:10F1A00000F060FC5BE7F5F71FF903233371A38AD6
:10F1B0003068F3803146F5F729F902B0BDE8F04137
:10F1C000F5F734B94A4A4D494B4840F2E91313F078
:10F1D000AFFD002383F31188BFF36F8F032318461D
:10F1E00002DF57E7424A464943484FF4AA7313F0F7
:10F1F0009FFD86F31188BFF36F8F0323184602DF4C
:10F20000002D3FF40EAF5BE70025C2F3C002C3F34D
:10F2100040039A423DD00027334A3A4B00211170F7
:10F220002046012201A91A70FFF776FE337FDA0625
:10F230001ED4DDF8048098F80030DB063FF500AFFF
:10F2400098F80130002B7FF4FBAEA5E70027284A91
:10F250002D49294840F2092313F06AFD002383F366
:10F260001188BFF36F8F0323184602DFA08A1DE7C2
:10F27000DDF80480E4E66FF3820384F87E3000F06A
:10F2800041FB94F87E30327F0025BEE784F87D2074
:10F29000F7E70320F5F78EF80028BCD094F87E300D
:10F2A00083F0020384F87E30737F002BB3D094F890
:10F2B0007E3019072AD40127AEE70022A4F87C206B
:10F2C000E06E04F16801F2F7C3FB019B1B682B6041
:10F2D000019B1D60019D94F87E30327F95E700BF51
:10F2E0001DEB03008AB30020EAC60020F5ED030001
:10F2F00058D00600DCC0060004C00600A4D00600FA
:10F30000E8CF0600E9C60020C0D0060000F088FD66
:10F310000746002868D000F0ABFD002854D1D4F88F
:10F320008F30D4F89320134304D1337F03F00303C9
:10F33000032B32D0344B3548022221461A7000F09C
:10F340008DF900F073FA00F09DFA78B900F0C0FC76
:10F35000E0B1002D3FF411AFA08A4FF6FF73984241
:10F360003FF474AF2946F8F757F9A4E6284A29492B
:10F37000294840F2651313F0DBFC002383F3118866
:10F38000BFF36F8F0323184602DFDFE700F094FC22
:10F3900000F098FC002DDFD1EFE600F0B7FA4378DB
:10F3A000272B0146C6D80333DAB206F11C002BF036
:10F3B000DAF8D4F88F30D4F89320013BC4F88F30BA
:10F3C00042F1FF33C4F89330D4F88F300E4A013342
:10F3D000C4F88F30D4F8933004F18F0143F1000367
:10F3E0004B600123137066E7094A0C490A484FF441
:10F3F000916313F09DFC87F31188BFF36F8F032394
:10F40000184602DF87E700BFE7C600201DEB0300B8
:10F4100058D00600F0CF060004C00600B8D00600A1
:10F4200010B582B00446FEF759FE00281BDB154AD2
:10F430001549164800940023F5F74EF908B17730C6
:10F4400001D102B010BD124A12491348552313F0DE
:10F450006FFC002383F31188BFF36F8F03231846DB
:10F4600002DF02B010BD0A4A0C490B484C2313F0CE
:10F470005FFC002383F31188BFF36F8F03231846CB
:10F4800002DFD4E7717D02006DEC030041EC030064
:10F49000D8D006002CC2060004C0060044CF0600E7
:10F4A0004FF080530246D3F8A410013107D04FF03B
:10F4B0008051D1F8A00010F0010009D17047D3F8B5
:10F4C000A8304FF6FF719BB28B42F0D100207047FD
:10F4D000D1F8A4301360D1F8A8301371C3F3072317
:10F4E00063F03F035371D1F8903001331CD0D1F851
:10F4F0009430013318D0D1F89830013314D0D1F8BA
:10F500009C30013310D0D1F89030C2F80630D1F8D9
:10F510009430C2F80A30D1F89830C2F80E30D1F8E1
:10F520009C30C2F8123008E00023C2F80630C2F85E
:10F530000A30C2F80E30C2F812300120704700BF06
:10F5400000234FF08052036043608360C360D2F8B1
:10F550008030013318D0D2F88430013314D0D2F87F
:10F560008830013310D0D2F88C3001330CD0D2F86F
:10F5700080300B60D2F884304B60D2F888308B60DA
:10F58000D2F88C30CB60704700230B604B608B60EF
:10F59000CB607047054B4FF480320021C3F808154B
:10F5A000C3F84423C3F80423704700BF00B00040F1
:10F5B000054B1878421C1A7018B9044B01221A60C6
:10F5C00070470120704700BFEBC6002000B000402C
:10F5D00038B50E4D2C784CB1601EC0B2287018B9E9
:10F5E0000B4B01225A6038BD012038BD094A0A4937
:10F5F0000A48712313F09CFB84F31188BFF36F8FCB
:10F600000323184602DF2C78E6E700BFEBC6002094
:10F6100000B0004038D1060084D1060004C00600C6
:10F62000014BD3F80405704700B00040024B00F5D1
:10F63000A87043F82010704700B00040044BD3F886
:10F64000103123B1034A044B10681B6818477047F8
:10F6500000100040F8910020FC91002038B50446CD
:10F6600001200D46EBF754FE084B094A1C6009497E
:10F67000094B156010200222C1F80403C3F8802151
:10F68000BDE838400120EBF735BE00BFFC910020FB
:10F69000F89100200010004000E100E04FF08043AE
:10F6A0004FF0FF320021C3F8002EC3F8042EC3F838
:10F6B000081EC3F80C2EC3F8101EC3F8142EC3F88E
:10F6C000182EC3F81C2EC3F8202EC3F8242EC3F81E
:10F6D000282EC3F82C2EC3F8302EC3F8342E7047D2
:10F6E00010B50120EBF714FE064B074800244FF439
:10F6F00090514FF41052C0F81845C3F80018C3F8E1
:10F70000042810BD00F0014000100040704700BF09
:10F71000054B02280CBF0421032140F20122C3F84B
:10F720001015C3F85026704700100040014BC3F875
:10F730000C05704700100040014BC3F808057047E6
:10F7400000100040084B00F07F00C3F85405D3F8C8
:10F75000182522F00072C3F81825D3F8182542F0B6
:10F760000072C3F81825704700100040084A0021B5
:10F770000123C2F82C15C2F83035C378C2F82435FD
:10F780008178038843EA01431B02C2F81C357047A5
:10F7900000100040C2F38203A3F1020302F003024F
:10F7A000B3FA83F3013A5B091B06022A98BF43F4BC
:10F7B000801300F00F000A4A184340F48070C2F82A
:10F7C0001405D2F81805074B0340C2F81835D2F8D3
:10F7D0001835194341F44031C2F81815704700BF7D
:10F7E000001000400000F8FE014BC3F8040570470C
:10F7F00000100040014BC3F80405704700100040A2
:10F8000002280CBF28202920704700BF0120704724
:10F810002920704702280CBF05200A20704700BF2E
:10F82000014B01221A60704700100040084A094944
:10F8300010B401234FF410640020C2F8084553604F
:10F84000D360C1F800020B615DF8044B704700BF44
:10F8500000F0014000100040094B0022C3F80021D5
:10F86000D3F80011C3F80421D3F80411C3F80C2114
:10F87000D3F80C11C3F81021D3F81031704700BF32
:10F8800000100040034BD3F80001003818BF0120DE
:10F89000704700BF00100040034BD3F8040100384C
:10F8A00018BF0120704700BF00100040034BD3F881
:10F8B0000C01003818BF0120704700BF0010004045
:10F8C00001207047034BD3F85005B0FA80F040098F
:10F8D000704700BF00100040044B40F20312C3F811
:10F8E0003425C3F83805C3F83C15704700100040B4
:10F8F000034BD3F80004003818BF0120704700BF45
:10F900000010004000487047F89000200048704701
:10F91000F48F0020F0B41D4B1D4D1E4E1E4C1F4F8A
:10F920000322C3F800222A78C6F8687502F10C0396
:10F93000DBB2D000DB00910003F1804300F1804096
:10F9400003F5F83300F5F83001F18041C6F86C0595
:10F9500001F5104104EB82041148C3F81045C3F8C7
:10F960001405D1F840352D2B8ABFD1F8403501233D
:10F970002D3BC1F840350132064B4FF4106102F0C7
:10F980000102C3F804152A70F0BC70470010004053
:10F99000ECC6002000F00140409100400C110040F6
:10F9A000041000402DE9F041284E294C294FDFF882
:10F9B000ACE0DFF8AC800323C6F800322178CEF843
:10F9C000688501F10C03DBB2DB00CD0003F180435D
:10F9D00003F5F83305F1804507EB810705F5F835A8
:10F9E000CEF86C554FEA810CC3F8107549F63465B2
:10F9F000C3F814654AF2B813022A18BF1D460CF169
:10FA0000804C42F2B84241F28833022818BF1346B4
:10FA10000CF5104C104A2B44A2FB0323DCF84025C4
:10FA2000B2EB931F85BF9809DCF8403501231B1A00
:10FA3000CCF840350131094B4FF4106201F001015F
:10FA4000C3F804252170BDE8F08100BF001000401C
:10FA5000ECC6002040910040D34D621000F0014000
:10FA60000C1100400449054B03204FF41062C1F80B
:10FA70000002C3F8082570470010004000F0014064
:10FA8000034B0022C3F81C21D3F81C31704700BF80
:10FA900000100040034BD3F81C01003818BF0120B0
:10FAA000704700BF0010004010B44FF0000C4FEA48
:10FAB0008C0303F1804303F580531468C3F80046B8
:10FAC0000CF1010C9488C3F82046BCF1080F02F138
:10FAD0000602ECD1034B40EA0120C3F840065DF872
:10FAE000044B704700100040034AD2F8403623F020
:10FAF000FF03C2F84036704700100040034B00225D
:10FB0000C3F81421D3F81431704700BF001000402F
:10FB1000034BD3F81401003818BF0120704700BF11
:10FB200000100040014BD3F8100470470010004053
:10FB30000449054B054A4FF48020C1F84803C3F837
:10FB40000825704700B0004000F00140C001700E71
:10FB5000034B044A1B7803F5A87342F8230070474F
:10FB6000ECC6002000900040F0B4A2F574232F4DA5
:10FB7000A3F51073AB42044606D902F1E87202F510
:10FB8000D432013902F5A572294B2A482A4D2B4E51
:10FB90000127DF600027C3F80475A0FB02020427D9
:10FBA000C3F81075900C0227C3F80875244AC3F8EF
:10FBB0004005C5F848154FF48021C5F8441340218D
:10FBC000C2F84065C2F84435C2F804154CB34FF48E
:10FBD0008013C2F804351B4A012100240423D1609C
:10FBE000C2F80445C2F81035154BC2F8084511603B
:10FBF0001549C3F850150C32C3F8542502F5AF323D
:10FC0000124CC3F8584502F5FC7201F50041C3F8E7
:10FC10005C2538310832C3F86015C3F86425F0BCA0
:10FC200070474FF40013C2F80435D4E7BFBDF07F2E
:10FC30000080004083DE1B4300B0004048B100401C
:10FC400000F00140009000400C1100404091004045
:10FC5000014BD3F84805704700B000400349044AFF
:10FC600001234B600B6153601361704700800040BB
:10FC7000009000400449054BC1F844054FF08862EC
:10FC8000C3F80425704700BF0080004000F0014029
:10FC9000054B06480649074AC3F84805C3F84C1502
:10FCA000C3F80425704700BF00F001400011004078
:10FCB0004080004080000004014BD3F844057047A9
:10FCC00000800040014B1860704700BFF08F00209B
:10FCD000014B1868704700BFF08F0020014BD3F82C
:10FCE0004005704700800040024B4FF00062C3F8AF
:10FCF0000425704700F00140014BD3F848057047D8
:10FD000000800040014BD3F8480570470080004058
:10FD10001F4B30B40024C3F800450224A142C3F8AD
:10FD2000004505462DD003F580334FF00071194C86
:10FD3000C3F80415164B1849C3F80445D1F8181533
:10FD40001648174CC9B20439C3F818150021C3F876
:10FD50000855C3F80C05C3F81025C3F81445C3F8BB
:10FD60000012C3F80011D3F80021C3F80411D3F82E
:10FD70000421C3F808110122D3F808111A6030BC1D
:10FD80007047084B084C4FF00071C3F80415D1E7D9
:10FD900000F000400100000100100040F48F00203E
:10FDA000E48E002000F001400100010130B4174B47
:10FDB00000240222C3F80045C3F80025144AC3F802
:10FDC0000425144AD2F81825D2B20546043AC3F8DD
:10FDD00018251148C3F808550122C3F80C150F491E
:10FDE000C3F81005C3F81415C3F80022C3F8004186
:10FDF000D3F80011C3F80441D3F80411C3F8084143
:10FE0000D3F808111A6030BC704700BF00F0004002
:10FE10000000010100100040F48F0020E48E00205B
:10FE200038B5114C0223C4F80433D4F8043163B953
:10FE30002025EFF3118085F31288BFF36F8F13F045
:10FE40007DFFD4F80431002BF3D0074B074A022082
:10FE50004FF40041C3F80803C2F88011D3F8080139
:10FE6000B0FA80F0400938BD00F0004000E100E049
:10FE7000034BD3F80004003818BF0120704700BFBF
:10FE800000F00040F0B4194A194BD2F80455194E4D
:10FE90000024013D0327C3F80075C3F80405C3F827
:10FEA0000815C3F81055C3F81465C3F80041D3F81A
:10FEB0000011C3F80441D3F80411C3F808414021EC
:10FEC000D3F80831C2F86015D2F800320A4943F07D
:10FED0004003C2F80032C2F828414FF40003D2F8C0
:10FEE0002821C1F80435F0BC704700BF0010004065
:10FEF00000F00040E08E002000F00140014BD3F8FC
:10FF00000004704700F0004010B4084A084C09494A
:10FF10000023C2F828314FF40000D2F82821C4F899
:10FF20000035C1F808055DF8044B7047001000402B
:10FF300000F0004000F0014038B5164BD3F82831EE
:10FF40002BB3154C0123C4F80433D4F8003163B942
:10FF50002025EFF3118085F31288BFF36F8F13F024
:10FF6000EDFED4F80031002BF3D00B4B0B4A0120EF
:10FF70004FF40041C3F80803C2F88011D3F80421FC
:10FF80002AB1D3F80801B0FA80F0400938BD00204A
:10FF900038BD00BF0010004000F0004000E100E06C
:10FFA0000139012905D80B200AB1EBF7A3B9EBF70A
:10FFB000AFB908B5074A084908482D2312F0B8FE22
:10FFC000002383F31188BFF36F8F0323184602DFEA
:10FFD00008BD00BF90D10600DCC0060004C00600CA
:10FFE00029B10139012905D80B20EBF7A5B9182053
:10FFF000EBF7A2B908B5084A08490948412312F0AD
:020000024000BC
:1000000097FE002383F31188BFF36F8F03221046FE
:1000100002DF184608BD00BF90D10600DCC0060014
:1000200004C0060088420FD0012807D002280DD155
:10003000A1F10100B0FA80F040097047A1F102007F
:10004000B0FA80F0400970470120704700207047E7
:10005000012908B511D002290FD0A1B10D4A0E49CE
:100060000E487B2312F064FE002383F31188BFF354
:100070006F8F0323184602DF08BD094B4FF400625F
:10008000C3F8002108BD064B4FF08072C3F8002171
:1000900008BD00BF90D10600DCC0060004C0060009
:1000A00000E100E008B52AF063F808BD032810B5A8
:1000B000044604D8124B1C5D9CB1204610BD114A69
:1000C00011491248292312F033FE002383F31188CB
:1000D000BFF36F8F0323184602DF094B1C5D002C12
:1000E000EBD1084A0A4909482C2312F021FE84F377
:1000F0001188BFF36F8F0323184602DF204610BD1F
:1001000060D20600E0D1060030D2060004C006002E
:1001100050D20600013810B51C46042863D8DFE829
:1001200000F014221B29030004292CD0304A314945
:100130003148B82312F0FCFD002383F31188BFF38C
:100140006F8F0323184602DF10BD04292BD0284AE5
:10015000284929484C23EDE704291CD0244A254985
:1001600025487A23E6E7032925D0214A2149224858
:100170006323DFE703292ED0042924D01C4A1D491C
:100180001D48A023D6E71D4B9C60BDE8104002210E
:100190000320F1F7C3BC1A4B9C60BDE8104002215C
:1001A0000120F1F7BBBC174B9C60BDE81040022159
:1001B0000020F1F7B3BC144B01219C60BDE8104056
:1001C0000846F1F7ABBC114B02219C60BDE8104022
:1001D0000846F1F7A3BC0E4B9C60BDE8104001211E
:1001E0000220F1F79BBC024A02490348BE23A1E763
:1001F000E0D10600DCC0060004C0060008070020AD
:100200003807002058070020480700201807002062
:100210002807002001460020FFF708BA124B30B42F
:100220000121044600205960C3F80445C3F80001C9
:10023000C3F80401196005E0D3F8042132B9D3F8FA
:1002400004251AB1D3F80021002AF5D05960D3F85B
:100250000421002AE7D1D3F80455002DE3D0C3F8D8
:10026000042530BC704700BF00E0004070B5174C5B
:100270000126D4F8045566600E20EBF749F8D4F84F
:10028000040140B10021C4F80411D5E90E32304612
:10029000BDE870401847D4F8006146B1C4F80001C9
:1002A000D5E90E3205F12001BDE870401847084A33
:1002B00008490948E42312F03BFD86F31188BFF397
:1002C0006F8F0323184602DF70BD00BF00E00040BF
:1002D00064D20600DCC0060004C0060070B58CB015
:1002E0000E4615460146102268461C46F1F776FB7D
:1002F00010220DEB02003146F1F770FB6846FFF764
:100300008DFF25B1102208A92846F1F767FB2CB113
:1003100008AD0FCD20606160A260E3600CB070BDDD
:100320007FB50D4D0D4E4FF0FF324FF0FF3301A959
:1003300028460FF005FC0028F5D1094CB442F2D252
:10034000236813B1019A934203D1D4E9013101A882
:1003500098470C34F2E700BF780B00203CB406004D
:1003600030B40600054B1B7833B14FF0FF324FF02D
:10037000FF3304300FF046BC704700BF16C70020A3
:10038000034B1B7813B104300FF0B4BC704700BFAF
:1003900016C7002007B501238DF807000DF10702ED
:1003A0000021034816F082FF03B05DF804FB00BF94
:1003B00008B00600020600F07F0312D5082B05D115
:1003C000010700F00F0306D50E48704710F0780FB4
:1003D00012D100F00F034C2000EB43100A4B1844DD
:1003E0007047082B05D1020700F00F0306D5074818
:1003F000704710F0780FF6D000207047044800EBEB
:1004000043107047AC93002060920020CC940020F1
:10041000CC9300200149024829F01DBE889200209B
:10042000B81A00200146014829F05DBD980C002053
:100430000248002200230FF0ADBC00BF980C002042
:1004400013B5124800F0C4FE114B98421AD111485E
:100450000CF082FD002410480CF0C4FD0F49104838
:1004600000944FF0FF334FF480620FF0DFFE0D4930
:100470000B4829F083FE0C480C4929F0D0FD20469A
:1004800002B010BD6FF00400FAE700BF950604004B
:100490000000AD0B1BFE0600F4D2060010F5002094
:1004A000B81A00200DFE060088920020B107040053
:1004B00010B50E49BFF35B8F002351E8002F012ACE
:1004C00003D141E800300028F7D1BFF35B8F0CD196
:1004D00051F8044C1439204612F0B3FD783004D1A1
:1004E0002046BDE8104012F088BD10BD809200206B
:1004F00038B5002464F07F00C0B2FFF75BFF013421
:1005000016F08DFF082CF5D10E4D0024E0B2FFF758
:1005100051FF036903B90561013416F080FF082C0F
:1005200005F14005F2D1084816F079FF074BD3F8E2
:100530007C2212B9064AC3F87C22064816F06FFFE7
:10054000002038BDF0980020AC930020609200207D
:10055000F0940020CC94002010B5054CFFF768FF04
:1005600020B14168204629F097FBF7E710BD00BF96
:10057000F00A002007B500230E48002201A90FF061
:1005800053FA90B1FFF7E8FF0A480022002301A9BF
:100590000FF04AFA38B90198042340600374FFF75A
:1005A00041FFFFF737FF002001E00198406003B0F2
:1005B0005DF804FBF00A0020022810B511D8094BA1
:1005C0001C5CFFF7D7FF60B1002202740472FFF7D2
:1005D00029FF054B93F824301BB1BDE81040FFF70D
:1005E00019BF10BD18FE060060920020F8B587788C
:1005F00006463846FFF7DEFE3B06F578044612D580
:10060000002D43D1FFF7B6FF034600283ED001225C
:10061000A5770274032202739C60FFF703FFBDE815
:10062000F840FFF7F7BE4DB1012D2FD1FFF7A2FF24
:10063000034658B3657705740573EDE7FFF79AFF36
:1006400020B3B278124B12F0800F02F0080111D0E3
:1006500041B1D3F8A836E360012303740223037386
:100660008460DAE702F00F02142101FB0233D3F8B1
:100670000836F0E711B1D3F8A837ECE702F00F0223
:10068000142101FB0233D3F80837E4E7F8BD00BFBB
:1006900000700240F0B5064689B01422002103A87C
:1006A00029F089FF3378013B052B21D8DFE803F0DF
:1006B0007A0314146A1603238DF814300024FFF70C
:1006C00059FF0346A0B1047400F10802DDE90501F9
:1006D00082E8030018461DE00423EDE7B7783846AA
:1006E000FFF768FE837A044623B1013B022B43D90E
:1006F00009B0F0BD3B06F57813D5002DF8D1FFF712
:1007000039FF03460028F3D00122A57702740322A3
:1007100002739C60FFF786FE09B0BDE8F040FFF76A
:1007200079BE55B1012DE3D1FFF724FF0346002820
:10073000DED0657705740573EBE7FFF71BFF07460F
:100740000028D5D00123037402230373846004F1CD
:100750000C01B07816F0C4FE134AE168B2F88C328E
:100760008B4206D95B1AA2F88C3201F07FF838462A
:10077000D0E7A2F88C52FAE7304609B0BDE8F04065
:10078000FFF734BF01A801F04FF89DF80530052BA5
:1007900004D19DF8043013F0600FA9D0034B0593EA
:1007A00001248CE702248AE760920020CC93002089
:1007B0002DE9F043A64CDFF89C9285B08046FFF708
:1007C00037FE074610B905B0BDE8F08394F8253030
:1007D0003A7C3BB9002A00F0868079689D4829F070
:1007E0005BFAECE7042A42D8DFE812F07D0005004E
:1007F0000001160140013B7BBD68032B37D8DFE8C1
:1008000003F0023D5A5F6E69934B002232607260C2
:10081000D3F880143170D3F884147170D3F888142D
:10082000D3F88C0441EA00217180D3F89014D3F8F6
:10083000940441EA0021B180D3F89814D3F89C3491
:1008400041EA0323F3800823EB6030687168834B2F
:1008500003C311462B68687A984796F90030002B3D
:1008600008DBF38833B1A4F88C3200F0FFFF79681D
:100870004846B4E70023A4F88C32F8E76B7F002BDE
:10088000F5D02B7F002BF2D000266E774FF0FF3291
:1008900073482E774FF0FF3316F0D4FD6B69019348
:1008A0006B68CDE9023601A9687A00F0E7FC6C4874
:1008B00016F0CAFDDBE72B680121687A9847D6E776
:1008C000AB7A6BB9EB7F5BB965484FF0FF324FF005
:1008D000FF3316F0B7FD00F0CFFF614816F0B4FD0E
:1008E0002B680221E9E73A7A042AC0D8DFE802F04F
:1008F00059032367730000F02BFC05460028B6D18E
:1009000000F066FBBFF35B8F5649012351E8002FCF
:10091000002A03D141E800300028F7D1BFF35B8FF4
:10092000A5D141F8085C41F8105CE06963611439B5
:1009300012F00CFB9BE7002565F07F00C0B2FFF7CB
:1009400039FD037A13B1407A01F0FAF80135082D28
:10095000F2D194F854311BB194F8550101F0F0F83C
:100960000025E8B2FFF726FD037A13B1407A01F0C3
:10097000E7F80135082DF4D194F874321BB194F8DE
:10098000750201F0DDF8002000F0C6FB012384F8B9
:1009900025302368002B3FF46AAF002102209847DE
:1009A00065E7002584F8255001F030F8FFF780FD59
:1009B0002368002B3FF45BAF29460420EFE7002BB0
:1009C0003FF455AF00F0CEFB2368002B3FF44FAF50
:1009D00000210520E3E72268002A3FF448AF002BFE
:1009E0003FF445AF00210620904740E708F110058D
:1009F0004FF0FF334FF0FF32284616F023FDFFF78C
:100A000077FD284616F020FD58F8283C002B3FF4CF
:100A10002EAF00210120C2E794F874327BB101258A
:100A200084F8895284F88852FFF7A4FD38B10E4A41
:100A3000057405738260FFF7F5FCFFF7EBFC58F8CF
:100A4000283C002B3FF413AF00210A20A7E700BF8A
:100A500060920020F00A00200070024064920020A2
:100A60009892002080920020CC94002027F03DFD39
:100A700000F0CCFF00F0A2FAFFF76EFDFFF738FDA3
:100A800027F02CFD014800F0A3FBF0E695060400DA
:100A900038B5164D95F824402CBB05F1380029F0E7
:100AA00052F9204601F0E8FB22460121E8612720A7
:100AB000EAF750FC27F012FDFFF71AFD044610B9C3
:100AC000012385F824300A4B1B680BB1FFF7A2FC09
:100AD0004FF08043D3F83834DB0702D50020FFF70E
:100AE0006BFD204638BD0024FBE700BF609200206C
:100AF000980C0020074B93F824203AB193F8253046
:100B0000002B14BF00206FF0120070476FF012002E
:100B1000704700BF6092002038B5104B93F8243026
:100B20000446C3B105782846FFF744FC10B96FF0BE
:100B3000150038BD4572237983726388436020783D
:100B4000618810F0080F02D14B1E0B42EFD116F056
:100B5000C2FC0020EDE76FF01200EAE7609200208F
:100B600038B5124B93F824200546CAB193F82530C6
:100B7000B3B1FFF71FFC0446A8B1837A012B12D052
:100B800007D9023B012B07D96369A3610020E0600C
:100B900038BD00F077FEF7E7284600F019FEF3E7CE
:100BA0006FF01200F4E76FF01500F1E7609200209B
:100BB00038B50E4B93F82420054682B193F82530C2
:100BC0006BB1FFF7F7FB68B115F008040AD12846AE
:100BD00000F020FE284600F0EBFF204638BD6FF005
:100BE0001200FBE76FF01500F8E700BF60920020ED
:100BF00038B50C4B93F8242005460C4662B193F8A7
:100C000025304BB1FFF7D6FB48B144B1284600F080
:100C1000E7FD2070002038BD6FF01200FBE76FF099
:100C20001500F8E76092002070B5134E96F8243056
:100C30000446C3B1FFF7BEFB0546B8B1230705D490
:100C4000204600F0E7FD204600F0B2FF2B7A83B982
:100C500001232B7296F825300BB9002070BD204679
:100C600000F06EFFF9E76FF01200F7E76FF0150084
:100C7000F4E76FF07700F1E7609200202DE9F04390
:100C8000DFF8EC801E4698F8243085B00746894688
:100C90001546002B61D098F82530002B5DD0030657
:100CA0005ED5FFF787FB0446002859D0037A002B56
:100CB00056D04FF0FF334FF0FF3208F1380016F0F6
:100CC000C1FBA37F4BB108F1380016F0BDFB6FF0FC
:100CD0000A04204605B0BDE8F083A37AC5B13BB352
:100CE0000123A3774FF0000801A93846CDE901950B
:100CF000CDF80C8000F0C2FA1B4B984229D084F842
:100D00001E801EBB6FF00404184816F09DFBE0E740
:100D1000E27F02B1E577002BE2D100F0B9FD874216
:100D2000DED000F0A9FD114816F08EFB0024D0E7BC
:100D3000B8F80A30AB42F0D96268B5FBF2F302FBB7
:100D40001353002BE9D10123E377E6E7C6F80080CF
:100D5000D8E706B135600024D6E76FF01204B8E793
:100D60006FF01504B5E700BF0000AD0B98920020AE
:100D7000609200202DE9F0411D46204B174693F864
:100D800024200E46002A33D093F8253083B303067F
:100D900031D401B97FBBFFF70DFB044658B3037A8A
:100DA0004BB34FF0FF3316484FF0FF3216F04AFBBB
:100DB000E368BB42984628BFB84646B93FB905B17B
:100DC0002B600F4816F040FB0020BDE8F081A169C0
:100DD0004246304629F0C7FBA3694344A361E36858
:100DE000A3EB0803E360002DEBD0C5F80080E8E733
:100DF0006FF01200E9E76FF01500E6E7609200205F
:100E00009892002070B51E4D95F82420034682B3B9
:100E100095F825206AB31B062ED4FFF7CBFA0446BB
:100E200050B3037A43B34FF0FF334FF0FF3205F175
:100E3000380016F007FBE368B3B90126636926772B
:100E4000A361637F83B1FFF795FB30B905F13800EB
:100E500016F0FAFA6FF00B0070BD0674846006732A
:100E6000FFF7E0FAFFF7D6FA064816F0EDFA002091
:100E7000F2E76FF01200EFE76FF01500ECE700BF4C
:100E8000609200209892002010B5084B93F824300F
:100E90000C462BB1FFF78EFA28B10460002010BD7C
:100EA0006FF01200FBE76FF01500F8E7609200208A
:100EB000014B1860704700BF6092002008B5074BD7
:100EC00093F8243023B1FFF775FA20B1406808BDCC
:100ED0006FF01200FBE76FF01500F8E7609200205A
:100EE0004FF08053D3F83021082A06D1D3F834319B
:100EF000052B04D8034AD05C7047002070470120BE
:100F0000704700BF1CFE0600064B10F0800FA3F1D7
:100F1000D80208BF134600F00F00182202FB003071
:100F2000704700BF089C0020EFF31180202383F35B
:100F30001288BFF36F8F0A4BD3F8001C032261B9EC
:100F400049F27531C3F8001CC3F8142DC3F8001C16
:100F500080F31188BFF36F8F7047C3F8142DF7E744
:100F600000E00640EFF31180202383F31288BFF3E3
:100F70006F8F0A4BD3F8001C61B949F27532C3F880
:100F8000002CC3F8141DC3F8002C80F31188BFF3A4
:100F90006F8F70470022C3F8142DF6E700E006407B
:100FA0004FF08053D3F83031082B02BF024B0022A0
:100FB000C3F81C2C704700BF00700240024A002397
:100FC0001360024A13707047E89C0020F1C60020AD
:100FD00008B54A4B4FF40062C3F80024FFF780FFC6
:100FE00008B1FFF7A1FF4FF08053D3F83031082B41
:100FF00018D1EFF31180202383F31288BFF36F8F92
:101000003F4BD3F8001CC02200296ED149F2753144
:10101000C3F8001CC3F8142CC3F8001C80F311881B
:10102000BFF36F8F354B0122C3F80025D3F800249E
:101030001205FBD54FF40062C3F800244FF0805333
:10104000D3F83031082B17D1EFF31180202383F32D
:101050001288BFF36F8F2A4BD3F8001C002947D1A9
:1010600049F27532C3F8002CC3F8141CC3F8002CE5
:1010700080F31188BFF36F8FFFF732FF30B1FFF7B6
:1010800071FFFFF72DFF08B1FFF74EFF4FF08053C0
:10109000D3F83031082B194B0AD140F2E372C3F870
:1010A00000284022C3F80428BFF36F8FBFF34F8F8F
:1010B0008022C3F81C250122C3F83025114B40F2D1
:1010C000FF121A60104B00211960104B1970FFF7C6
:1010D00067FF0F4B19700F4B02221A70FFF700FFCA
:1010E00050B1BDE80840FFF73DBFC3F8142C95E7A9
:1010F0000022C3F8142CBBE708BD00BF00700240FB
:1011000000E00640E49C0020E09C0020EDC60020AA
:10111000EFC60020F1C60020094B002210B51A705E
:10112000084A094B094C002808BF1346C4F800338D
:101130002720EAF7DFF80123C4F8043510BD00BF0B
:10114000F0C60020FDFFDF01FDFFFF01007002403F
:10115000034B1878012894BF00200120704700BF7E
:10116000F1C6002010B54FF0FF324FF0FF331548A5
:101170000EF07CFEEFF31181202383F31288BFF37E
:101180006F8F114B1B7803F0FF0483B10F4BD3F823
:10119000002412F400720AD10120C3F82C05D3F800
:1011A0002C05D3F80004800502D5C3F82C250024B3
:1011B00081F31188BFF36F8F02480EF01DFE2046A9
:1011C00010BD00BF380C0020F0C6002000700240A7
:1011D000F8B51C4B1C7894BB1B4A106001221A7096
:1011E00040F2FF17264664F07F0514F0080FEDB2B9
:1011F00014BF39464021284616F06DF92846FFF7FE
:1012000083FE0134092C867506730661EBD1002438
:1012100040F2FF17254614F0080FE6B214BF394616
:101220004021304616F057F93046FFF76DFE013485
:10123000092C857505730561EDD10448F8BD044896
:10124000FCE700BFF1C60020E89C00200000AD0BC9
:101250000500AD0B084B10F0800F00F00F0114BF1C
:10126000D3F81025D3F8142501238B40134214BF63
:1012700001200020704700BF007002402DE9F843B4
:101280000246EFF31187202383F31288BFF36F8F99
:10129000030703D1184B1B78834229D1174B184EF3
:1012A0001C683568104616F00EF9E443A4B24FF0FE
:1012B00001092C4309FA00F814EA08041AD110466F
:1012C000FFF722FE80F80C90034607C91C6183E8F3
:1012D00007009C750B4B0C4845EA080580223560D9
:1012E000C3F8042187F31188BFF36F8FBDE8F8833B
:1012F0000648F7E70648F5E7EFC60020E49C002023
:10130000E09C002000E100E00000AD0B0A00AD0B06
:101310000B00AD0B10F0080F074B06D0D3F8C0043C
:1013200010F4803F18BF0020704700F00F0000F558
:10133000947053F820007047007002402DE9F74F79
:10134000AB4BAC4ED3F85421DAB10022C3F8542190
:10135000D3F80413890214D58DF80420D3F820257E
:10136000ADF80620D3F8C034002B336814BF4FF01B
:1013700001224FF48072134333609F4B01A81B6816
:1013800098479B4BD3F8604134B10022C3F86021E9
:10139000D3F86C44C3F86C44D3F828214AB1002236
:1013A000C3F82821954B187816F08DF80123834057
:1013B0001C43DFF86482924F98F8005098F900902F
:1013C00015F0080143D1B9F1000F05F00F032EDA33
:1013D0008C4A52F8230020B342F8231014225343BE
:1013E00003F1804303F51C33D3F80836864A11789D
:1013F00003F001034B401370FFF7D2FD83480EF05A
:10140000FBFC2846FFF780FD837D032B37D1284660
:1014100016F059F8012303FA00F03B6823EA0003B1
:101420003B60DFF8D4A101254FF006095DE0784A62
:1014300052F823000028F4D042F82310142253431A
:1014400003F1804303F51C33D3F80837CEE7B9F135
:10145000000F674B09DBD3F85021002AE1D00022AE
:10146000C3F85021D3F8A837C0E7D3F82C21002ABD
:10147000D7D00022C3F82C21D3F8A836B6E7037BD7
:10148000DBB9284616F01FF8012303FA00F03B6889
:10149000B9F1000F23EA00033B6001DA882DC0D1C7
:1014A00006238DF8043000238DF80730524B8DF859
:1014B00006501B6801A89847B3E7002DB1D14C4BEB
:1014C0000122DA64ADE794FAA4F03268B0FA80F051
:1014D00005FA00F31A430F28326024EA03043A683D
:1014E00040F39C80134200F0A980002CEBD1404BCC
:1014F000D3F800215AB1C3F80041464B1C703F4B52
:101500001C70012301933C4B01A81B689847384B82
:10151000D3F85821002A2ED00022C3F85821D3F83E
:101520000044C3F80044E30508D53A4B01221A7081
:1015300002230193304B01A81B689847A50508D5E5
:10154000344B00221A70032301932B4B01A81B6814
:10155000984760050FD52F4B1A7862B100221A7098
:10156000234B0122C3F808259A6504230193224BDB
:1015700001A81B6898471E4BD3F85C3103B3234B7B
:101580009B681BB998F80030590619D0184B0022F7
:10159000C3F85C21D3F88034184A23F07F0313701A
:1015A0003B6823F001133B60336823F4803343F03E
:1015B00001033360052301930F4B01A81B68984773
:1015C0003A6833681A4200F0EB801048002200238A
:1015D0000EF04CFC002840F0E380054BD3F82C358E
:1015E000002B7BD0094803B0BDE8F04F0EF004BCDF
:1015F00000700240E49C0020E89C0020EFC6002020
:10160000E09C002008710240EDC60020380C00204C
:1016100030710240F0C60020EEC6002013407FF477
:1016200064AF60F07F018DF804908DF806108DF89E
:101630000730DAF8003001A8984756E7A0F110010A
:101640008DF804908DF806108DF80750F1E749F0F9
:1016500080052846FFF758FC4368B0F814A00168DD
:101660009A4528BF9A4601F06043B3F1005F0446F3
:1016700004D05448524628F076FF524922686368E5
:1016800052442260A268A3EB0A03D20768B26360E7
:1016900053D5BAF1000F52D1002323734FE0114606
:1016A0004FF0000A604545D1003B18BF0123002AD6
:1016B00042D0504540D9012303FA09F32BEA030332
:1016C0003B6006238DF804303F4B8DF80650022214
:1016D0001B68A2758DF8072001A89847D7F800B0BD
:1016E00033681BEA03093FF47DAF19F0012314BFEF
:1016F00093FAA3F999FAA9F9B9FA89F9B9F10F0F8F
:10170000A5D9A9F11005EDB22846FFF7FDFB044667
:101710002846FFF7FFFD6368B4F814C022689842BA
:10172000BDD81B1A00EB020E11466360C4F800E03E
:101730008246B7E70023BAE768B2002BACD04FF07F
:101740008053D3F83031082B02BF204B8222C3F8DC
:101750001C2C336888F80050012202FA09F923EAA8
:1017600009033360236915F0080F53442361174BB5
:1017700019D1002805F00F054FF0140000FB0530CB
:10178000A9BF0A3503EB8503C0F80017C0F804A70A
:10179000AFBF43F82520C0F80016C0F804A65A6071
:1017A00003B0BDE8F08F0028B5BFC3F8A016C3F89A
:1017B000A017C3F8A4A6C3F8A4A7B4BF5A629A643A
:1017C000EEE700BFF09A0020E89C00200070024085
:1017D000024B40F48070C3F8180570470070024057
:1017E000030713D400F00F0310F0800F084A0BBF5B
:1017F00003F5887303F5847302EB830252F8230028
:1018000008BF5068003818BF01207047002070479B
:1018100000700240034BC3F80C0540F48070C3F81D
:101820000C057047007002400023036043600E4BBC
:10183000D3F880240270D3F884244270D3F888242B
:10184000D3F88C1442EA01224280D3F89024D3F8D2
:10185000941442EA01228280D3F89824D3F89C346D
:1018600042EA0323C380704700700240014B01220B
:10187000DA64704700700240014B01221A6570471C
:1018800000700240014B01225A657047007002400F
:10189000014B1878704700BFEFC6002010B5024614
:1018A000EFF31184202383F31288BFF36F8F15F0B9
:1018B0000AFE0B49012303FA00F00B6823EA000338
:1018C0000B6012F0080101BF02F00F02054B02F598
:1018D000947243F8221084F31188BFF36F8F10BD08
:1018E000E49C002000700240F7B50146EFF311853B
:1018F000202383F31288BFF36F8FFFF705FB0646A3
:10190000084615F0E0FD012211F0800F02FA00F206
:101910002D4818D1036832EA03040AD00846FFF7BD
:10192000BDFF0323B37585F31188BFF36F8F03B039
:10193000F0BD2649347323EA020303600B6823EAEF
:1019400002030B60EDE70B0715D48029204B2FD045
:1019500001F00F0404F2DA346400C3F80048D3F84D
:101960000448D3F80478E4B244F002043C43C3F8DA
:101970000448D3F80438154F04683B6864EA030C44
:101980001CEA020FCFD013433B60002333730323C1
:10199000B3758DF807300F4B8DF8061024EA02045A
:1019A000062204601B688DF8042001A89847BAE756
:1019B00040F2B474C3F80048D3F80448D3F804786C
:1019C000E4B244F00404D1E7E09C0020E49C002051
:1019D00000700240E89C002038B50446094D4FF0E5
:1019E000FF324FF0FF3328460EF040FA2046FFF753
:1019F0007BFF28460EF000FA034B8022C3F8042137
:101A000038BD00BF380C002000E100E0F8B54FF011
:101A1000FF324FF0FF332B480EF028FA2A4B80227A
:101A2000C3F884212720E9F787FC98B1274E284B7B
:101A300034681B68240C24041C43012764BB254D17
:101A400040F2FF1333602720C5F80445E9F760FC36
:101A5000C5F80043204A13788BB11E4B0021C3F810
:101A600008110121C3F80026C3F804165960D3F801
:101A700008110029FBD00021C3F808111170154B83
:101A80000022C3F80025FFF78BFA0E480EF0B4F9D8
:101A9000124B01221A70F8BD94FAA4F5B5FA85F537
:101AA0000F2D2846C6BFA5F11000C0B240F080003F
:101AB000030701D4FFF718FF07FA05F524EA050428
:101AC000BCE700BF380C002000E100E0E49C0020EF
:101AD000E09C002000700240EDC60020F1C600200E
:101AE00010B504464FF0FF324FF0FF3311480EF0AF
:101AF000BDF92046FFF7F8FE04F00F0201239340E2
:101B00000D4A14F0800F14BFD2F81015D2F8141536
:101B10006FEA030315BF0B400B40C2F81035C2F843
:101B2000143504480EF068F9044B8022C3F80421F0
:101B300010BD00BF380C00200070024000E100E042
:101B400070B50446FFF786FB68B904F00F02012563
:101B500014F0800F144B05FA02F205D0D3F81015DB
:101B60000A43C3F8102570BDD3F814150A43C3F80F
:101B70001425631E062BF6D8EFF31186202383F37A
:101B80001288BFF36F8F2046FFF788FE204615F0BE
:101B90009AFC064A1368854023EA0503136086F31E
:101BA0001188BFF36F8FDEE700700240E09C0020D9
:101BB000030610B5044605D4FFF712FE10B1204607
:101BC000FFF76CFE014BC3F8184510BD00700240D2
:101BD00014280ED8084A12F8103053B102EB400214
:101BE000527832B108684343002093FBF2F30B6054
:101BF00070476FF01500704722FE060021B10129E1
:101C000002D06FF085007047024B0020C3F800152A
:101C1000704700BF00700040054B0122C3F800254B
:101C200090F8861009B1DA6070471A605A60704700
:101C3000007000402DE9F0410D7905F01F03072BDE
:101C40001DD80C780C2C1AD8DFE804F00808081905
:101C500007191C19191E2019220003244A78032A87
:101C600018D0042A0BD100204A8844F20A06B24256
:101C700064D843F6FE76B2420ED8002A6CD06FF0DC
:101C8000150057E00424E9E70524E7E70624E5E723
:101C90000724E3E70120E7E7A2F57F523F3A0B2A4A
:101CA000EDD801A656F822F0611D04007F1C040047
:101CB0007F1C04007F1C0400D91C04007F1C04004E
:101CC000391D04007F1C04007F1C04007F1C0400DD
:101CD0007F1C0400591D04000022224F8E7997F8C2
:101CE000A8C04FF00108000308FA03FE40EA0420F0
:101CF00015F020055FFA8EFE40EA02404FEA03121B
:101D000014BF2CEA0E0C4CEA0E0C02F1804287F84C
:101D1000A8C002F5E04218BF45461F44497987F83C
:101D2000A01040EA0550C2F818050020C2F81005BE
:101D3000C2F81465BDE8F0810122CEE744F2140632
:101D4000B2420BD044F22806B24209D044F20F0648
:101D5000B24294D10322C0E70222BEE70422BCE7CC
:101D60000522BAE798010020F7B50D464FF0FF3382
:101D70005B484FF0FF320EF079F86E68731EFE2B51
:101D800044D800235748584F1A4626FA03F111F059
:101D9000010126D017F803C0BCF1000F36D000EBCC
:101DA000031E6C7CDEF81815003C18BF012421F0DE
:101DB000807141EA0461CEF8181503F1510109015F
:101DC000013240F801C0D2B20133082BDDD12B7CA7
:101DD000083B062B1AD8DFE803F011192519211941
:101DE000230000EB031CDCF8184524F08074CCF8C9
:101DF000184503F1510424010151E5E70023394955
:101E0000012AC1F8F0356B7C0ED97BB16FF0150457
:101E100033480DF0F1FF204603B0F0BD0223EEE79A
:101E20000323ECE70123EAE7082BEFD8C1F8F435E8
:101E30002968530011B1898901FB0333E96899428C
:101E40004AD3284BA968C3F82C162F46C3F830266E
:101E50000FCF264C04F174060FC63B683360002692
:101E600026672B6827469BB30FCB04F1880585E8CE
:101E70000F006567A4F8986050B3BFF35B8F57E815
:101E8000003F47E80062002AF9D1BFF35B8F184991
:101E9000D4F88850174A4FF400400F463146E5FB0E
:101EA000007100233846E4F77BF90022CDE90001F8
:101EB000002304F108000FF06DF80F484FF0FF32D7
:101EC0004FF0FF330DF0D2FF00B12067246F9FE782
:101ED0000648FFF7A1FEF0E76FF00B0498E700BF9C
:101EE000D801002000700040380200209801002036
:101EF0003F420F0040420F00F001002038B5114B67
:101F00000025C3F80451D3F80421C3F81051D3F8C5
:101F100010211222C3F8042304460720E9F7EAF946
:101F20002A4601210720E9F715FA0748836C13B9FF
:101F300040300DF061FF20460449BDE8384011F003
:101F4000F9BC00BF0070004098010020FD1B040098
:101F5000F8B53C4BD3F80421002A66D00021C3F821
:101F60000411D3F80421384C01229A60C3F80015FB
:101F7000A66F94F8A8703742254606D1636FC3B99F
:101F80003248BDE8F8400DF037BFD3F82C16F6B252
:101F900013461E4208D01F4205D0B1F90020002A86
:101FA000BCBF00220A8002315B009BB29F42F0D28C
:101FB000E4E7D4F88C30B4F898202BB12449984742
:101FC000012814D0022828D0B4F89830B4F894200E
:101FD0009A4222D90133A4F898301A4BD3F82C2610
:101FE000D3F8341689B202EB4102C3F82C26D4F898
:101FF000883023B9BDE8F8401348FFF70DBEBFF3A2
:102000005B8F55E8003F5A1E45E800210029F8D1B2
:10201000BFF35B8F012BEDDCF8BDD4F88830002BCB
:10202000AED00C4828F01AFAAAE7D3F8101100290C
:10203000F2D0C3F81021D3F8102101229A601A605F
:102040005A60E9E70070004098010020F00100208C
:102050000C020020A0010020084B70B5C31A0D46E9
:1020600007499B10044659430648402215F070FA70
:102070002B4601462046BDE870401847009D0020D1
:10208000B76DDBB670AE060073B50C4C0C4A40233E
:10209000041B00930D460B460A49A41061430646F3
:1020A000094815F081FA011E05DA30462B4602B0C8
:1020B000BDE87040184702B070BD00BF009D002011
:1020C00013760500B76DDBB670AE060010B5EFF302
:1020D0001184202383F31288BFF36F8F074A13689C
:1020E00023F00201DB07116002D4012026F046F93B
:1020F00084F31188BFF36F8F10BD00BF509D002087
:10210000002270B5012104461046E9F723F90F4873
:102110000AF048FA0E4B984215D10AF053FA266994
:102120000C49304610F0FFFE00280BDB012535641A
:102130002469084904F11C0010F0F5FE002801DBB9
:10214000E564002070BD6FF00400FBE75D22040031
:102150000000AD0BF8D206007FB500220123CDE9C7
:10216000022304ABCDE90433094ACDF800D06B4615
:10217000CDF804D015F046FA002805DB4FF4804274
:10218000002368460DF072FE07B05DF804FB00BF47
:102190003376050030B4104B0C2202FB00330146AD
:1021A0000020D3E90E529863EFF31180202484F3CA
:1021B0001288BFF36F8F1C6C04F0C00444F002045B
:1021C0001C6480F31188BFF36F8F1DB12B46034849
:1021D00030BC184730BC7047009D002070AE060030
:1021E00010B4EFF31182202383F31288BFF36F8FB3
:1021F0001848016841F002040460C80708D482F35B
:102200001188BFF36F8F01205DF8044B0AF0F2B91B
:102210004FF08041D1F80C04D1F80C14C907EED569
:10222000EFF3118083F31288BFF36F8F0A490B6CB1
:1022300003F0C00343F002030B6480F31188BFF383
:102240006F8F82F31188BFF36F8F00205DF8044B0E
:10225000FFF7A0BF509D0020009D002010B1012875
:1022600004D07047034B1B6C5B0701D1FFF792BF93
:10227000704700BF009D0020024AC3B21C2003FB30
:1022800000207047009D0020094BBFF35B8F53E88F
:10229000002F42F0010143E800100028F7D1BFF3FE
:1022A0005B8F930702D401200AF0A4B9704700BFE6
:1022B000509D002010B5EFF31184202383F3128882
:1022C000BFF36F8F074A136823F001019B0711606A
:1022D00002D4012026F052F884F31188BFF36F8FE7
:1022E00010BD00BF509D00202DE9F0413849BFF3DB
:1022F0005B8F0746012251E8003F41E8002000289B
:10230000F9D1BFF35B8F33B9324933484B60CB60AF
:102310008A6010F01BFE7B1E012B2BD8012F07D1EA
:102320004FF08043D3F81C3403F00303012B21D07A
:1023300027F01EFF0546F8B9284B1B78E3B14FF094
:1023400080430222C3F808230646DFF894804FF04A
:102350008044D4F81824D4F81834D20315D503F0E7
:102360000303012B01D0012F0FD155B386F3118840
:10237000BFF36F8FBDE8F081EFF31186202383F365
:102380001288BFF36F8F0125DFE7ADB1304611F042
:10239000D5FCD4F81835002BDBD1D4F80421002A61
:1023A000D7D0C4F80431D4F804310123C4F8183567
:1023B000C8F88031A360CCE70021212027F08EFFF0
:1023C000E7E74FF080430222C3F80423D2E700BFBF
:1023D000FC9C0020EC9C00201C9D002016C70020C7
:1023E00000E100E00023054AA1F80D30CB73022381
:1023F000C1E9002310228A600B737047A0004400DB
:1024000073B5456806690446286827F092FB20B931
:102410006FF01204204602B070BDE868E0B90023F6
:10242000337013480DF0E8FC04236568ADF8043000
:102430000F4840F6CD4200230DF018FD88B16FF033
:102440000F040021042027F049FF09480DF0D4FCB7
:10245000284615F00DF9DDE727F06BFB0028DED1EB
:10246000D6E76068022201A915F0EFF80446E8E714
:10247000500C00202DE9F0478AB00646129F002F2D
:1024800068D09888A02865D11889A0285FD1B3F8B2
:10249000069002EB0903442B5CDC00295AD11B2374
:1024A00001248DF807300DF10603CDE9043414231F
:1024B00007930DF10703CDE90834013204AB95B25F
:1024C00002930323D6F804808DF804408DF806505B
:1024D00006910393214840F6CD4200230DF0C6FC3F
:1024E00090BB2246706801A915F0AFF84D44044630
:1024F00008F104099DF806309D4213DC7068012242
:1025000001A915F0A2F804430021042027F0E6FEFB
:1025100012480DF071FC404615F0AAF820460AB0AA
:10252000BDE8F0870697D8F80000836802AAD3F8C0
:1025300000A049460023D0479DF8063001330443EC
:1025400014378DF80630D5E76FF00F04DCE76FF035
:102550008504E3E76FF01504E0E700BF500C0020AE
:10256000EFF31182202383F31288BFF36F8F0A4B9E
:10257000D3F8001161B10021D3F80805C3F80011A8
:10258000D3F80031C0B282F31188BFF36F8F704768
:102590006FF00A00F7E700BF00D00040F0B5034637
:1025A00010469C7893F803C0EFF31182202585F341
:1025B0001288BFF36F8F1F7893F801E0E41B04EAE1
:1025C0000C04A04288BFA0B23E180CEA06063D46A5
:1025D0001E7082F31188BFF36F8F0A188A4216D1DA
:1025E00077450CD1EFF31182202181F31288BFF3DC
:1025F0006F8F1978597082F31188BFF36F8F1B7931
:10260000241AA34222BF064B01221A60F0BD5E19B4
:102610000135767901F8016B05EA0C05DEE700BFAC
:1026200000D00040DB432DE9F04713F001050E46D2
:10263000144604D02248FFF7B1FFBDE8F0879AB3F3
:10264000EFF31188202383F31288BFF36F8F0D20DF
:10265000E8F772FE07460D20E8F75AFE88F3118866
:10266000BFF36F8FDFF85CA0DFF85C80CAF8005121
:10267000DAF800314FF400590123CAF8003025463A
:10268000C8F88091DAF8003183B1FFF769FF031EC3
:10269000C8F88091F6DB013DADB27355002DF1D144
:1026A00017B10D20E8F726FE2046C6E7EFF31180AC
:1026B000202383F31288BFF36F8F11F03FFBE1E714
:1026C000849D002000D0004000E100E02DE9F041B1
:1026D000124F0D46144607F1450814B92046BDE8CF
:1026E000F0814FF0FF334FF0FF3238460DF0BEFB64
:1026F000224629464046FFF751FF064638460DF070
:102700007BFB3EB94FF0FF324FF0FF3304480DF032
:10271000ADFBE6E7A41BA4B23544DEE7549D0020E0
:102720006C9D002038B5194C01221146204627F037
:10273000F3FB0122002104F1180027F0EDFB40F229
:102740000743A4F848304FF0706323630C2384F8E8
:10275000343000250E4B84F84550A4F84650D3F889
:10276000042542F00102C3F804250121C3F80051F9
:10277000D3F80021C3F804132A4619600D20E8F7A6
:10278000E9FD0D20E8F7B6FD284638BD549D002030
:1027900000D0004010B5FFF7E3FE002820DB174B08
:1027A00093F8322093F8314093F83310141B31EA38
:1027B0000404C0B20DD193F8472093F8464093F833
:1027C0004810141B31EA04040BD10D4B01225A604E
:1027D0000EE09C180132114084F8350083F8321065
:1027E00010BD9C180132114084F84A0083F847104C
:1027F0000448BDE810400DF0FFBA00BF549D002012
:1028000000D000406C9D0020024B0B600123136040
:10281000704700BFA89D00200048704730D30600D5
:1028200010B5012211460748074C27F075FBFAF74F
:10283000E7FD25F043FE206025F03CFE60600020AF
:1028400010BD00BFB09D0020A89D00204FF0804229
:10285000D2F81015D2F8103501F01E0123F01F0335
:102860000B4343F00103C2F81035024B00221A70EB
:10287000704700BFF3C600204FF08053D3F83031CB
:10288000082B20D14FF08042D2F81015CB071AD573
:10289000D2F8103501F01E0123F01F030B43C2F8DC
:1028A0001035D2F808315BB1D2F8103523F01F0390
:1028B0000B4343F00103C2F810356FF08B007047F3
:1028C000024B01221A700020704700BFF3C600209F
:1028D000F8B5044625F0EEFD237B05460BB1FAF76B
:1028E000A5FD134F0026FFF7C7FFE8B960680AF09F
:1028F00005FBA3685B1BA36063682B4463603B78A4
:102900000BB1FFF7A3FF237B01363BB9A368002B74
:10291000E9D1A068003818BF0120F8BD3046E5F7BE
:1029200047F90028F2D0F4E76FF08B00F5E700BF1D
:10293000F3C60020F0B587B00E46154625F0BAFD67
:1029400029460746304614F00EFFC8B3B6FBF7F32E
:1029500007FB1363A3BBB5FBF7F407FB14547CBB65
:10296000BD4222D34FF0FF324FF0FF3316480DF037
:102970007DFAFAF757FD02AB01461022C0B121469D
:10298000184627F018FE01228DF814200F4ACDE9D1
:1029900000200F48CDE90365FAF73CFD6846E5F7EE
:1029A0008BF8044608480DF027FA204607B0F0BD22
:1029B000184627F000FECDE90365FFF789FFF0E731
:1029C0006FF01504F1E700BFB09D0020D12804008E
:1029D000645E010070B5037B04460BB1FAF726FD77
:1029E000194E0125A368032B06D8184AD2F80034E3
:1029F000DB07FBD5002070BDFFF73EFF08BB236857
:102A0000606819680AF09AFA33780BB1FFF71EFF75
:102A1000636804336360236804332360A368043B62
:102A2000A360237B0135002BDCD02846E5F7C0F8F6
:102A30000028D7D0054AD2F80034D907FBD50120A9
:102A4000D9E76FF08B00D6E7F3C6002000E0014025
:102A500070B50D4686B01946284616461C4614F039
:102A600082FE60B345EA04039B0728D1FCB14FF016
:102A7000FF334FF0FF3213480DF0F8F9FAF7D2FCAC
:102A80000346CDE9026502A804949BB101238DF8A9
:102A900014300D4BCDE9003041F64C50FAF7BAFC3A
:102AA0006846E5F709F8044606480DF0A5F9204602
:102AB00006B070BD8DF81430FFF78CFFF3E76FF0B0
:102AC0001504F4E7B09D0020D5290400F0B5406856
:102AD000057B01F01F0444EA4514056987B0002D09
:102AE00064D0B2F5001F00F1100506D1214628463A
:102AF00025F0D5FC002007B0F0BD01AE0027B2F5EF
:102B0000800F0197776039D1B3F1007F14BF05239F
:102B100004238DF804300023CDE904630393836814
:102B200023FA01F111F001011AD1B2F1A07F17D1FE
:102B300004F01F03620903F5E0732AD0012A3BD198
:102B40001F4A52F82330DB070AD40DF10306324640
:102B5000214628460AF02CF81A4B98421CD00296BF
:102B600003AA2146284609F0E5FE174B984220D1DA
:102B70000122214628460AF07FF8BBE7B3F1C06F77
:102B800005D0B3F1007F14BF01230223C1E7032363
:102B9000BFE74FF0A042D4E7314628460AF066F876
:102BA000094B9842DBD06FF00B00A4E76FF0850073
:102BB000A1E76FF015009EE751F82330FFDE00BF5C
:102BC000000300500400AD0B0000AD0B38B54568A4
:102BD0002B69B3B1103528460AF038F8044680B99D
:102BE0000146284609F0FEFF084B98420BD10849E0
:102BF0002246284609F0D6FF224605210620E8F79E
:102C0000A9FB002038BD6FF00400FBE70000AD0B0E
:102C1000152C0400420970B5034602D0012A17D0D2
:102C200070BD0D4E326951680029F9D003F01F03C1
:102C300001250C689D400029F2D08A682A4002D004
:102C40004B68304698472CB1236821461C46F2E772
:102C5000024EE7E72346F8E7A0AE060088AE06007E
:102C60002DE9F043466840F20635D006337B87B045
:102C700002EA050554BFC2F34010032001F01F070C
:102C8000B5F5837F144647EA43178DF8030045D016
:102C90000FD8062D18D007D8B5B1022D40D06FF04F
:102CA000150007B0BDE8F083B5F5807FF7D10125A9
:102CB0000AE040F20222954234D0B5F5407F33D08D
:102CC000B5F5007FEBD102250123220303FA01F1C0
:102CD0002CD57368C3F80815326982BB07F01F034F
:102CE0007F0929D0012F77D13E4A02EB830284F479
:102CF0008033D2F80017C3F30043C4F3404444EADE
:102D0000430421F4E16144EA800421F0070144EA2C
:102D100005230B43C2F800370020C2E70725D3E79D
:102D20000425D1E70525CFE70325CDE7630344BF9D
:102D30007368C3F80C15CFE74FF0A042D5E7103603
:102D40000DF102023946304609F032FF14F4403FDB
:102D500080460CD13946304625F09FFB224B9845E2
:102D6000DAD19DF80210304609F07AFFD4E701ABC2
:102D70004FF0000903AA39463046CDE90439CDE9C0
:102D80000199CDF80C9009F0D5FD174B984286D1EA
:102D900014F4003315D09DF803308DF80E3084F410
:102DA0008034C4F300444B4603AA394630468DF8BC
:102DB0000C508DF80D4009F077FE0B4B9842CDD0AA
:102DC0006DE7CDE9043303AA0DF10303394630461C
:102DD000039309F0AFFDF0E703F5E07352F82330F9
:102DE000FFDE00BF000300500000AD0B0B68006861
:102DF000C01A024BC0105843704700BFABAAAAAA22
:102E0000D0E90001014B0C2227F014BCED2D040089
:102E100038B505690446284640F8044BFFF7F0FF33
:102E200005F11000034927F047F9636901221A717F
:102E3000002038BDB17A05002DE9F047DFF8649035
:102E400006460C4600250C2701F40008B368AB4287
:102E500002D80020BDE8F087726807FB05F3D1189F
:102E6000D058097983680269D3F818A0BAF1000F25
:102E700014D0B8F1000F0FD0126801238B40134219
:102E80000AD084F0C06202EA090302F0B072D047AF
:102E90000028DFD10135D9E72246F4E76FF057006B
:102EA000D8E700BF400000062DE9F84F04460D4664
:102EB00029B1012925D06FF08500BDE8F88F06699A
:102EC0000C27B368AB4206D97068002107FB0500E8
:102ED00014F0EFFC88B1666800250C277368AB42DC
:102EE00006D93068002107FB050014F0E2FC30B180
:102EF0002046BDE8F84F14F0EEBD0135E1E701359D
:102F0000ECE7D0F81080DFF8A8A000254FF00C09FE
:102F1000D8F808309D4209D2D8F8047009FB05F6AC
:102F200007EB060BB85926F004FEB8B96668002511
:102F30000C277368AB4208D9326807FB05F302EB34
:102F40000308D05826F0F5FD48BB6068002114F056
:102F5000E1FC2046BDE8F84F14F0E5BD4FF48031A8
:102F6000584614F0A6FC0028E0D1DBF808302269AE
:102F70001901126C54509BF8040002EB0313012258
:102F800002FA00F0C3E902A0B859191D8368DB6991
:102F9000002BCBD098470028C8D10135B8E74FF4B3
:102FA0000031404614F085FC0028CED10135C0E741
:102FB000ED7A05002DE9F04FDFF81491DFF814A148
:102FC0008846002740F2FF1EFBB2984502D8002039
:102FD000BDE8F08F50F82710C1F3C72313F00803A2
:102FE000C1F3C324C1F3080560D1384E7545345D83
:102FF0004FEA116639D0052E26D0062E3FD1C2F8F1
:1030000010551E4650F827C00CF4004BBBF1000FC2
:103010001CBF002601236D0901F01F0143D0012DC3
:103020004ED1554605EB8101CCF3412C2402D1F859
:10303000005744EA8C04344305EA090544EA430393
:103040002B43C1F8003718E0C2F80C5501236E0974
:1030500026D0012E30D1DFF87CB001F01F0C012604
:1030600006FA0CFCCBF80CC5CCE7052E13D0062EC7
:103070000AD14FF0FF33C2F810350137A4E7042E10
:1030800017D1C2F80855E2E7042E12D14FF0FF33F2
:10309000C2F80835F1E74FF0FF33C2F80C35ECE722
:1030A0004FF0A04BD9E74FF0A045BBE76FF01500FC
:1030B0008EE76FF085008BE70023C3F80C35FFDE49
:1030C00001F5E071002353F82130F8E7CBFE06004C
:1030D000F0F8FCFF00030050014B01221A6070471A
:1030E00000C000400C2903690BD1DB6A0649074880
:1030F0004B4393FBF0F100FB113311605360002050
:1031000070476FF08500704790D0030040420F0079
:10311000044B00690022C3F80021D3F800310CF001
:103120006BBE00BF00C000407FB505692B6B63B369
:10313000402901D00C292BD105F118064FF0FF32A0
:103140004FF0FF3330460CF05DFD134B0193286BBD
:10315000032300246946039402930FF0F7FE4FF017
:10316000FF324FF0FF3328460CF080FE286B0FF043
:1031700044FF0A4BD3F80825EA6201225A60304620
:103180000CF0B8FD204604B070BD6FF00A00FAE7FD
:103190006FF08500F7E700BFD930040000C00040A1
:1031A00010B504690020FFF767F820634FF0FF3285
:1031B0000021204626F0B0FE04F1180026F0C3FDE1
:1031C000002201210C20E8F7C5F80C20E8F792F85E
:1031D000024B0122C3F80423002010BD00C00040B0
:1031E0002DE9F8434468066905460021E06B14F0B8
:1031F00031FD002821DB216C481C15D1636B9847F9
:10320000B46801270834D6E9023203EBC203A4F103
:103210000802934213D8304614F07BFD28461F491C
:10322000BDE8F84310F086BB04F1440000F062FAF8
:1032300010F1130F01D0411DE0D1BDE8F88354F81F
:10324000080C26F076FC28B354F8080C14F8041C7B
:1032500034F8023CD0F810E0D0F80890DEF800C056
:10326000DA0754BF43F4B01383F4D01323F480126D
:1032700007FA01F8DB074CBF48EA0C032CEA080305
:10328000CEF80030D9F800309847002804F108043F
:10329000B9DAD2E76FF01200CFE700BF737C050008
:1032A0002DE9FF410569D0F804802B6E0646A86D14
:1032B000002835D1002B53D0B8F838406A6DEF6D37
:1032C0009C4228BF1C46EB6D53B1296E41B107F0FB
:1032D0006041B1F1005F03D0082C6F6F28BF082454
:1032E00000926A6DAC661AB1AA6D002A18BF224618
:1032F000CDE901271BB12B6E002B18BF23460022FE
:103300006946404603930AF071F9184B984229D058
:103310006FF00401304604B0BDE8F04114F01BBD6D
:10332000696DEF6DB8F838400A46ABB1834228BFEB
:1033300003469C4228BF1C460029C4D001F06043CC
:10334000B3F1005FBFD0082C28BF08242246286FA5
:1033500027F009F92A6FB6E7844228BF0446EBE755
:103360001946D7E704B0BDE8F08100BF0000AD0BFF
:103370002DE9F04F8FB004690193436802938B8865
:1033800007469804884691462DD44FF0FF324FF0FF
:10339000FF3304F110000CF069FDC4F80480D7F885
:1033A00004B0D7F810A0DBF8083003939AF86D301A
:1033B00023B1DAF80030984500F0B480B8F804E0A2
:1033C0001EF4006F16D06FF0850523689B8813F4F8
:1033D000005304D1636004F110000CF00DFD284689
:1033E0000FB0BDE8F08FA369002BCED1636899427E
:1033F000CBD1D4E71EF0090F02D06FF01505E4E73A
:10340000CEF34513082BF8D1D8F800C0974B9C4554
:10341000F3D90BF10C060FCE04AD0FC50FCE0FC5BF
:10342000039B634528BF63469C4696E80300904B88
:103430009C4585E8030017D28E4B9C4514D28E4BD9
:103440009C4511D28D4B9C454CD88D4B9C454BD8FF
:103450008C4B9C454AD88C4B9C4549D88B498C4B0E
:103460008C4A8C4588BF13461EF0020F09930EF05C
:1034700004033FD0002B14BF032302238DF8283010
:10348000CEF300138DF82930DBF80030D3F808357F
:10349000591C12D01EF0020F03F01F00CEF34001A2
:1034A0004FEA53134FF001022BD13BB3934240F04C
:1034B000D680794B8240C3F80C259AF86D302BB139
:1034C00058460AF043F800238AF86D303B46734AA9
:1034D00004A958460AF006F8714B98421DD06FF0C7
:1034E000040572E76F4BBFE76F4BBDE76F4BBBE760
:1034F0006F4BB9E7003B18BF0123BFE74FF0A04374
:10350000D8E73BB1012B40F0AD80634B8240C3F85C
:103510000825D2E74FF0A043F8E701238AF86D3081
:10352000CAF80080012384F86C30029B196C4A1C95
:1035300003D003F1440014F078FCB9F1000F68D116
:10354000C4F844900023A36404F1580204F1480134
:1035500004F1440014F06BFB019B6065002B60D10B
:10356000E3640023236504F1600204F1500104F1D7
:103570004C0014F05CFB00252A46E0650121204642
:10358000256414F0A6FB3846FFF78AFEA06C2A4695
:103590002B4683424DD10023256D1946A9424FD1B8
:1035A0009A42264638BF1A464FF4FA5303FB02F5F7
:1035B00056F8283B4FF000081B68B5FBF3F54FF4B5
:1035C000004CC835414640F2E7304FF47A72002390
:1035D000E5FB0C01E2F7E4FD02460B4630460CF039
:1035E00045FC024618B9256C15F1740F2FD10298CD
:1035F000C4F8688009F0AAFF84F86D806FF0730149
:10360000384614F0A8FB30460CF056FC6FF07305FA
:10361000DBE6D9F800306364002B93D0D9F804308E
:1036200091E7019B1B68E364002B9AD0019B5B68C8
:1036300098E7616C01EBC301013349680A44A8E7CC
:10364000E06C00EBC100013140680344A6E7002DA7
:103650003FF4BBAE0146386914F03BFBB5E6C1F858
:103660000C15FFDE0023C3F80835FAE747E8010030
:103670000048E8010024F40000127A00FF083D0031
:103680007F841E003F420F001FA107008FD0030060
:1036900048E8010090D0030000030050797D050048
:1036A0000000AD0B00093D0080841E0040420F0069
:1036B00020A1070000F01F0240090DD001280ED103
:1036C0000A4B03EB82030A4AD3F80007024042EA9E
:1036D0008102C3F8002770474FF0A043F1E702F5DD
:1036E000E072002353F82230FFDE00BF00030050D9
:1036F000F0F8FCFFF0B587B001238DF8023002230B
:103700008DF804306B4403930F4601AB0DF10301B8
:103710000024049305460291059409F0A7FA0C4B86
:10372000984206460FD103AA3946284609F002F905
:10373000B0420BD09DF80310284609F091FA6FF0C3
:10374000040007B0F0BD6FF01200FAE72046F8E77A
:103750000000AD0B70B5012383400E4ABFF35B8FB1
:10376000DC4352E8001F01EA040542E80056002E3F
:10377000F7D1BFF35B8F4FF4803282400648C0F828
:103780000823BFF35F8FBFF36F8F0B4214BF01207D
:10379000002070BD909E00200010014070B40E49C2
:1037A000D1E90034D01AC31844F1000422F07F4656
:1037B000C1E90034A6F50013B3F5400F09D2074B59
:1037C0001B681A0A1B069C19054B42F10005C3E948
:1037D000004570BC0DF0FEBAB01B0020949E002086
:1037E000B81B002011B3BFF35B8F0123104A834045
:1037F00052E800CF4CEA030C42E800C10029F7D19F
:10380000BFF35B8F0B4A4FF480338340C2F804331D
:10381000094BBFF35B8F1B68BFF35B8FC340DB07B4
:1038200042BF064B4FF40032C3F80021704700BF7F
:10383000909E0020001001408C9E002000E100E0DE
:103840000D4B1868010A0006BFF35F8F0B4BD3F8CE
:103850000435181841F10001B3F5801F0AD2084B56
:10386000D3E90023904271EB030303D210F180707F
:1038700041F10001704700BF949E002000100140FC
:10388000B81B00202DE9F04F85B016461F469DF865
:1038900040A00446FFF75EFF0190FFF7D1FFB04262
:1038A00071EB070354D23E4B301A67EB010198428B
:1038B00071F100014FD23B4B03EB0413D3E9022318
:1038C0009F4208BF96425ED037494FF4803804F1DA
:1038D000500508FA04F8AD00C1F848832046ADB29F
:1038E00014F0CBFA26F07F4B05F1804504F5A87360
:1038F00005F58835DC464FF003090293029A2CF057
:103900007F4341F82230C1F84483D1F80435274A77
:103910006FF00200C01A604420F07F40904232D91C
:10392000286868B1D1F804350393A3EB0B0020F0AD
:103930007F40B0F5000F26D9204614F09EFA039B75
:10394000BAF1000F07D109EB030C09F10109D5E722
:10395000BAF1000F09D06FF0150520460199FFF765
:1039600041FF284605B0BDE8F08F0123104ABFF3A0
:103970005B8FA34052E8000F184342E80001002982
:10398000F8D1BFF35B8F07490E98230101EB0412B6
:10399000C8500F9B5360C2E902670025DDE700BFF6
:1039A00001008000A01B002000100140FDFF7F00EF
:1039B0008C9E00207FB51C4C1C4BC4F80833C4F807
:1039C00048331B4B00254FF0FF304FF0FF31C4F858
:1039D0000855C3E902014FF48033C4F80433154B92
:1039E00002264FF400320121C4F804631120C3F809
:1039F00080212A46E7F7AEFC1120E7F77BFC0E4A50
:103A00000123A360236013600C4B0D4A0093CDE9A2
:103A1000015500232846FFF735FF3046FEF764FCCA
:103A2000284604B070BD00BF0010014003000F0025
:103A3000A01B002000E100E0909E00209D370400C4
:103A4000FFFF7F002DE9F7432F4CD4F8043399078B
:103A50000BD5D4F8043143B12C4A0023C4F8043107
:103A6000D4F80431136801331360D4F80433DA0353
:103A700029D5BFF35B8F264B53E8002F22F00101BD
:103A800043E800100028F7D1BFF35B8FD30702D4BF
:103A9000D4F84031BBB10025C4F84051D4F84031CE
:103AA000FFF7CEFEEFF31182202383F31288BFF3DA
:103AB0006F8F184BD3E90267B042B94106D282F347
:103AC0001188BFF36F8F03B0BDE8F0834FF0FF386C
:103AD0004FF0FF39C3E90289D3E900101D604FF4AC
:103AE0008033C4F84833C4F84051D4F8403182F3ED
:103AF0001188BFF36F8F0029E5D0009032463B4616
:103B000028468847DFE700BF00100140949E002050
:103B10008C9E0020A01B002030B5431C124C85B0A9
:103B200005D08442A8BF0446012CB8BF0124FFF78A
:103B300087FE0E4B0C4DD3E90013401AB0F5000F71
:103B400010D22218AA4228BF2A4652184FF000006D
:103B500007490091CDE9010043F10003FFF792FE10
:103B600005B030BD2A46F0E7FFFF7F00B01B002004
:103B70009D37040008B5FFF763FE024B1B68C01AAF
:103B800008BD00BFB01B002010B5084C01236360C6
:103B90001120E7F7BDFB064BC4F80833C4F84833DF
:103BA000044B4FF40032C3F8802110BD00100140D7
:103BB00003000F0000E100E00148202122F056BF81
:103BC000CC9E0020014B186C704700BF989E0020CF
:103BD00010B50446064A074914F07BF963692BB116
:103BE00020B920460121BDE81040184710BD00BF94
:103BF000C96B0600BD6B060010B50749074A0446AD
:103C000014F067F96369014623B118B92046BDE88D
:103C10001040184710BD00BFC36B0600D16B0600F3
:103C200010B50146044800F009F8044608B114F044
:103C3000F2FF204610BD00BFA8D406002C4A70B584
:103C400006460D4620B1036A1A4212D0C3F30F1084
:103C500007F084FE044648B1C0E900657DBB02F070
:103C60009BFA064638B9204607F08AFE0024204613
:103C700070BD0068E6E7D0F8B80208B9C6F8D452BB
:103C8000D6F8D4120131890007F084FE0028EAD06A
:103C9000D6F8D432C6F8B8025A1C0025C6F8D42289
:103CA00040F82340C4E90555284602F085FA01385A
:103CB000E061284602F090FA01382062D7E7AB684D
:103CC00013B9284614F05DFFAA68138E01331386DA
:103CD000AE68318E3068890007F05CFE3060AA68FB
:103CE000138E126803F18043013B42F82340BEE784
:103CF000F0FF0F0030B589B0002864D00023CDE973
:103D000004329DF81C300391CDE9010023F0070334
:103D100001A88DF81C3007F06DF806F0F1F830B10D
:103D20009DF81C3013F0020446D1D80745D4019BFE
:103D30009D6805B10835012201A9284622F050FCF2
:103D40000128044639D19DF81C0010F0020033D13F
:103D500001A915F0F5FA012804462ED19DF81C2082
:103D600012F0020228D101A9284622F039FC0128CC
:103D7000044622D19DF81C3099071DD4019817F0F4
:103D80004BF90446C0B19DF81C305A0714D4039B6C
:103D90002B3B012B0ED901984FF4804114F0B5FC58
:103DA00050B1039B163B1E2B04D8084A22FA03F39A
:103DB000DB0701D40194B0E7012401A807F022F841
:103DC000204609B030BD0124FAE700BFF19F7858C2
:103DD0008268531E032B05D9192A05D8034BD340FB
:103DE000DB0701D522F09BBC0020704700DF3B03BE
:103DF00037B50B49054614F08EFC044610B100207F
:103E000003B030BD284617F007F90028F7D0162276
:103E1000214616F086FD80B2003818BF0120EFE77A
:103E20000100060007B5064B0022CDE9002334212E
:103E30006A46FFF75FFF009803B05DF804FB00BF20
:103E4000010000E007B5064A0023CDE90023342134
:103E50006A46FFF74FFF019803B05DF804FB00BF0F
:103E6000010000E02DE9F04F87B08146FFF7C0FF69
:103E70000546002840F01881484617F0CDF8082282
:103E800029468246484616F04CFD09220590044614
:103E900083462946484616F044FD064605900090A4
:103EA000BAF1000F07D102462146484607B0BDE8E7
:103EB000F04F15F023BE504615F038FC80465046B2
:103EC00015F044FC04F0C043B3F1005F07461FD176
:103ED00024F0C0446FF060439C4219D0012229466F
:103EE000504616F01EFD6FF040439842059000F0DA
:103EF0009480B4F1805FA2BFC4F17F6404F57F2495
:103F000004F6FF7404FB08F44FF0640B94FBFBFB16
:103F100006F0C043B3F1005F1DD126F0C0446FF03E
:103F200060439C4217D002220021504616F0F9FC53
:103F30006FF040439842059071D0B4F1805F05DB8B
:103F4000C4F17F6404F57F2404F6FF747C4364238A
:103F500094FBF3F300936A220021484616F0E1FC3B
:103F60006B220021059003900646484616F0D9FCC6
:103F700009F11404CDE901000590204622F0DAF899
:103F80000546204622F0DBF8039B044603F0C040C0
:103F9000B0F1005FDDE9011212D123F0C0436FF0F0
:103FA000604083420CD0B3F1805FA2BFC3F17F6356
:103FB00003F57F2303F6FF736B43642693FBF6F64A
:103FC00002F0C043B3F1005F12D122F0C0426FF0A3
:103FD00060439A420CD0B2F1805FA2BFC2F17F620F
:103FE00002F57F2202F6FF726243642392FBF3F133
:103FF000009B0A220B44484600215E449B4616F073
:1040000090FC059010F0FF000BD1504615F0DDF943
:10401000012825D1A8EB050521E0AB4678E700246F
:1040200094E7023807281BD801A353F820F000BFFB
:10403000514004001540040077400400674004002C
:104040007D4004008940040083400400994004003E
:1040500005EBD57508EBD8786D10C5EB68052E44D7
:104060005A46314621E705EBD57508EBD8786D1037
:10407000C5EB68052E443C1BA344F1E7A8EB0505FE
:10408000F8E7A8EB05052E4404EBD47407EBD777CB
:104090006410C4EB6704EFE705EBD57508EBD8783F
:1040A0006D10C5EB6805EEE707B0BDE8F08F00BF07
:1040B0002DE9F04F90F82B3003F00C030C2B91B04E
:1040C000044603D1002011B0BDE8F08F16F0A4FF24
:1040D00006460028F6D094F82B1004F1140311F0D2
:1040E0000801019363D0184622F024F894F82B10AD
:1040F00011F00401074600F0AF81019822F01FF88B
:104100000546019822F016F8874200F08A82204680
:1041100015F0DDFC63690893A3690993E3690A93C9
:104120000CA9236A0B93304615F020FB00220CA942
:1041300008A821F06EFD804610B9304616F06EFAE0
:10414000A3691D44013D2562204615F03EF9012872
:104150000BBFE3696369DB1BFF180BBF013307F17A
:10416000FF376361E76108AA31212046FFF7C2FDEE
:1041700022462A213046FFF7BDFD204615F0A7FC58
:1041800094F82A30019843F0020384F82A30002280
:104190000CA921F03EFDB8F1000F00D110B130465E
:1041A00016F03CFA204615F0A3F801208BE7012217
:1041B000204616F0B6FB00F0C043B3F1005F804626
:1041C0000C900546304605D128F0C0476FF060439B
:1041D0009F4234D115F0AAFA6FF0404398450290FF
:1041E00040F0A480204615F031FEA36803900BB187
:1041F00000221A62204615F0D9F98046204615F0B3
:10420000EDF882462046FFF70DFE0AEB000520463A
:1042100016F014FF0490204615F0D7F80128DFF8B7
:10422000309245444FF0000B75D0049AA3685A456C
:1042300040F0A080864A914574D0C8448EE015F0C5
:1042400075FA6FF0404845450290CBD096F82B1098
:1042500011F0080140F0DD800122304616F061FBCC
:1042600040450C9040F0D580204615F0B7F8054643
:10427000204615F09BF9054458E01B68754953F832
:104280002B70384614F047FA002842D13846FFF721
:10429000AFFD014660B90A22384616F042FB0C9089
:1042A000C0B2082809D840F24913C340DA0704D540
:1042B000E3697A699B1A013317E008220021384626
:1042C00016F02FFB0C90002844D1069007F1140043
:1042D00021F030FF069908EB00031A2238460593B7
:1042E00016F01FFB059B0C9003441A220021384650
:1042F000059316F016FB059B0C901844484508DB07
:104300001A220021384616F00CFB059B0C9003EB9B
:1043100000090BF1010B049AA3685A45ADD14C4A30
:10432000914519D113B1039A52421A620422002115
:10433000204616F0F6FA052207460C90002120468A
:1043400016F0EFFA029B0C9002463946284615F00B
:1043500063FCCBE63E4BC8E70AEB0908A26812B142
:10436000039B5B4213623A4B9845DFD04545B8BF8B
:104370004546DBE71B68374953F82B70384614F085
:10438000CAF9002840D13846FFF732FD014658B936
:104390000A22384616F0C5FA0C90C0B2072808D891
:1043A0009323C340DB0704D5FB6962699B1A013381
:1043B00016E008220021384616F0B3FA0C9030BB04
:1043C000069007F1140021F0B5FE06990AEB0003F0
:1043D0001B223846059316F0A4FA059B0C90034463
:1043E0001B2200213846059316F09BFA059B0C9082
:1043F0001844484508DB1B220021384616F091FA84
:10440000059B0C9003EB00090BF1010B0DE7104B22
:10441000E6E7B7F1805FA4BFC7F17F6707F57F27A5
:10442000029BA8BF07F6FF771A22002120465F43B0
:10443000642397FBF3F716F074FA1B2205460C90E1
:104440000021204616F06DFA0C9028443D1A6DE7C5
:10445000010000E0010004000222204616F061FA8B
:1044600000F0C043B3F1005F81460C900546304632
:1044700005D129F0C0486FF06043984549D115F047
:1044800065F96FF04043994582462ED1204615F0DC
:10449000E2FCA36804900BB100225A62204615F09A
:1044A0006BF80290204615F04DF803902046FFF778
:1044B000C9FC029BDFF878911D18039B20461D4420
:1044C00016F0BCFD4FF0000B0590059AA3685A4505
:1044D0003BD113B1049A52425A62554B994504D0CC
:1044E000039B4B449D42B8BF1D4606220021204637
:1044F00016F017FA072280460C900021204616F08D
:1045000010FA534602460C904146284615F084FBAB
:10451000F6E515F01BF96FF040494D458246B5D0E0
:1045200096F82B1011F004015CD10222304616F0EF
:10453000F8F948450C9055D1204615F01DF8054670
:10454000204614F0FFFF0544CFE71B68394953F8B4
:104550002B80404614F0DFF800283ED14046FFF79C
:1045600047FC014648B906900A22404616F0D9F9A0
:104570000C90C0B20328069905D8D8F82030A2695B
:104580009B1A013315E00922404616F0CAF90C9037
:1045900030BB079008F1140021F0D1FD029B079970
:1045A000034418224046069316F0BBF9069B0C9074
:1045B0000344192200214046069316F0B2F9069BE7
:1045C0000C901844484508DB19220021404616F09B
:1045D000A8F9069B0C9003EB00090BF1010B74E7A3
:1045E000134BE6E7B8F1805FA2BFC8F17F6808F51A
:1045F0007F2808F6FF780AFB08F36422002193FB6A
:10460000F2F82046182216F08CF9192205460C9073
:104610000021204616F085F90C902844A8EB0005EF
:1046200063E7019821F08BFD85427FF470AD49E589
:10463000010000E00100040038B50D4D95F8603030
:1046400063B9012385F8603016F0DEFC044694F867
:104650002A3013F0040202D185F8602038BD6FF3D0
:10466000820384F82A30204615F010FBEFE700BFE4
:10467000989E00202DE9F347044616F0DFFC214EFA
:10468000DFF8848007460025BD4224D1204615F07E
:1046900074FB8046204615F056FB1A4B9E4218BF0D
:1046A000236A074618BF1B1A204618BFF61AFFF7E1
:1046B000C9FB0546204615F036F8A0EB0800C01BE4
:1046C0002D1A204615F0C7FB281AB042B8BF304655
:1046D00002B0BDE8F087A3681B6853F825A04146E7
:1046E000504614F018F8014650B919225046DAF82D
:1046F000209016F016F981444E450190B8BF4E4601
:104700000135C1E7010000E0010004002DE9F74F89
:104710000021054615F0EBFA012806D0A86808B17B
:10472000006A404203B0BDE8F08F284615F03FFB19
:104730008046284615F0EDFA0746284616F07EFC1E
:104740006FF0604481460026B1451BD16FF0604395
:104750009C4216BF6E69174EF619284618BF361BC5
:10476000FFF760FB0446284614F0DAFFA0EB0800D0
:10477000C01B241A284615F069FB2044B042B8BF7C
:104780003046CFE7AB680C491B6853F826A050466B
:1047900013F0C1FF014658B91A225046DAF814B096
:1047A00016F0BFF8ABEB000B5C450190A8BF5C4670
:1047B0000136C9E7010000E0010004002DE9F347DC
:1047C0000021054615F093FA012805D1A86800B12B
:1047D000006A02B0BDE8F087284616F02FFC204E94
:1047E000DFF8808007460024A74222D1284615F032
:1047F000DEFA0746284615F08CFA194B9E4218BF80
:10480000EB69804618BFDB1B284618BFF61AFFF776
:1048100009FB0446284614F083FFC01BA0EB0800E8
:10482000241A284615F012FB201AB042B8BF3046B1
:10483000CFE7AB681B6853F824A04146504613F0FD
:104840006AFF014650B91B225046DAF81C9016F058
:1048500068F881444E450190B8BF4E460134C3E725
:10486000010000E001000400F0B51F4651EA020318
:1048700099B004460D4616465FD0002F5FD000F079
:10488000DBFC0746684606F0DFF82146684621F063
:104890005FF83949684621F070F835B3384601F0C1
:1048A0008BFC4FF4C872C821401021F023F8014658
:1048B000684621F051F8204615F0C8FA2A1A4142FC
:1048C000684621F04EF82D49684621F043F82C49FE
:1048D000684621F04CF86A460C212046FFF70AFA98
:1048E00001282AD1684606F0D9F936B3384601F0D6
:1048F00073FC4FF4C872C821401020F0FBFF014642
:10490000684621F029F8204615F0A5FA321A4142EE
:10491000684621F026F81B49684621F01BF8184923
:10492000684621F024F86A460C212046FFF7E2F998
:10493000012802D1684606F0B1F919B0F0BD11495D
:1049400006F09CF80D49204606F098F83A460C21EE
:104950002046FFF7CFF90128EFD1324629462046FD
:1049600015F080FA0128E8D13A460E21204619B008
:10497000BDE8F040FFF7BEB9FF9C0500C19E0500F1
:1049800037590600AB9E050070B504460D46074931
:10499000164606F073F8204615F058FA3346411BC8
:1049A00000222046BDE8704015F095BAC19E050072
:1049B00070B504460D460749164606F05FF82046D6
:1049C00015F049FA3346421B00212046BDE87040ED
:1049D00015F081BAAB9E05002DE9F04F89B08046F5
:1049E000084602919146039316F016FB10210646E5
:1049F00013F08BFE002800F00681304615F010FA07
:104A00000190304615F01BFA8246002800F09E8087
:104A1000029B03F11407304615F0AFF90446304607
:104A200015F091F9B5697B68F968D9F80420254437
:104A3000ED1A336A1B1A5B1AD11A83463046CDE948
:104A40000623AD1A059114F06EFE002DDDE9051266
:104A5000079B0490C0F28580002979DB0025BAF11C
:104A6000020F00F08980BAF1030F00F08A80BAF1DA
:104A7000010F03D1B5697B682544ED1A304615F066
:104A8000D7F9824610B1029B03F11408304615F0A5
:104A900040F90746304615F08AF97469D8F80030B5
:104AA000D9F80020D8F808103C44E41AF3691B1A1E
:104AB0005B1AA41A8346A2EB03017ED4002974DB9F
:104AC0000024304614F02CFEBAF1020F7FD0BAF168
:104AD000030F00F08280BAF1010F04D17469D8F895
:104AE00000303C44E41A4949304605F0C7FF4849C4
:104AF000304605F0C3FF019BD807019B58BF24EA4D
:104B0000E4749907019B58BF04EAE4745A07019BB7
:104B1000D9F8042058BF25EAE5751B07039B58BF49
:104B200005EAE575002B6CD0D9F800302344C9F8AC
:104B300000302B461344C9F80430039B2A46214613
:104B4000304609B0BDE8F04FFFF78EBE474662E73A
:104B5000002D83D0304615F07EF9A842BFF67FAF16
:104B60007CE700297FF77AAF30469D1AFFF782FD78
:104B7000C5427FF574AF71E7356AFB68A5EB0B059D
:104B80007BE7049BB2691B1BA3EB0B0303EBD37303
:104B90001444384604EB630421F0D1FA7D6800EB3D
:104BA000D07005EB6005651B68E7002C88D03046A7
:104BB000FFF7ACFDA04284DA82E7002980DD3046B1
:104BC0009C1AFFF7FBFDC4427FF57BAF78E7F469E1
:104BD000D8F80830A4EB0B0484E77369C01BA0EB82
:104BE0000B0000EBD0701F4407EB6007404621F03C
:104BF000A1FAD8F8004000EBD07004EB60043C1B35
:104C000071E7039B96E709B0BDE8F08FAB9E050006
:104C1000C19E0500F8B5044615461E4601F47F07FF
:104C200015F087FD012828D08C2D10D8154B5B5D21
:104C3000DA0716D477B96B1E012B0BD822684AB15C
:104C4000012D0CBF9369D369CBB1336015E00E4BD6
:104C50001B6B0BB90020F8BD2B4413F88D3CDB0710
:104C6000F8D507B96468002CF4D0218D33462A4664
:104C7000204615F05EFD0128F4D10120EBE7126813
:104C8000DDE700BFFC390700989E00202DE9F84FB2
:104C900007462548DFF890B00D469046994621F02A
:104CA00090FF04460CB9BDE8F88F4C45FBD0214677
:104CB000584621F08DFF2368BB4282461CD1A36871
:104CC000AB4202D0B5F5702F16D12379434502D0FF
:104CD000B8F1FF0F10D100267B8DC3F305139E4260
:104CE0000CD30021204605F0C9FE0F48214621F0D3
:104CF00025FF204606F044FE5446D3E7FA6802EB4F
:104D0000C603F000D97989070BD5B5F5702F04D00B
:104D10005B68C3F317039D4203D12179105822F039
:104D200012FA0136D8E700BFB09E002001481421D6
:104D300021F09CBEB09E0020014B83F824007047F8
:104D4000989E00202DE9F3475E4B93F824300446EB
:104D50000E461546002B00F0838014F0B8FE28465E
:104D600006F050F900F0040A284606F04BF900F06E
:104D70000208284606F046F900F00109284606F028
:104D800041F906F47F0600F01007BAF1000F53D086
:104D9000B6F5702F3FD056B302220021204615F001
:104DA000C0FD6FF04047B842019007D001220021BA
:104DB000204615F0B6FDB842019007D100223221FD
:104DC0002046FEF797FF204614F07CFCFF2D3ED1D5
:104DD000204614F08DFA204614F079FEB6F5803F97
:104DE0003ED0204602B0BDE8F04715F00FBD324678
:104DF00032212046FEF77EFF204614F063FCFF2D93
:104E00003BD1204616F008F998B9002FE0D0204693
:104E100015F00BFFDCE7002232212046FEF76AFF87
:104E2000204614F04FFCFF2D204627D116F0F4F851
:104E3000E8B114F047FC25E0B6F5702F13D0002E32
:104E4000C4D1FF2DDDD00FB3204615F0EEFEB8F132
:104E5000000F28D1204614F03AFEB9F1000F2CD1F2
:104E600002B0BDE8F087FF2D0FD12046DEE7002F0E
:104E7000AED0204615F0D9FEA8E7204616F0CCF8B3
:104E80000028D6D1002FA1D0F3E747B9B8F1000F21
:104E900009D1204602B0BDE8F04714F018BE204604
:104EA00015F0C3FEF2E7204614F022FA204614F073
:104EB0000EFEB9F1000FD3D090E7BAF1000F8DD1FB
:104EC000CEE700BF989E0020014A002115F012BFD6
:104ED000FFFF0F002DE9F041046827482568277976
:104EE000254E21F06BFE014619B96A8DC2F30512F9
:104EF0003DE0A1420BD00A6823689A4207D18A6834
:104F0000A3689A4203D10A7923799A4231D0304674
:104F100021F05AFE0146E7E7EB6803EBC103CE0040
:104F2000D879800722D55B68A068C3F31703834252
:104F30001CD12146104821F001FE204606F020FD3C
:104F4000EC683946A05922F0FEF8EB68985904EB5A
:104F5000060822F099F960B1D8F80420A159284632
:104F600022F07F42BDE8F04115F0C4BE01318A4213
:104F7000D2D8BDE8F08100BFB09E00202DE9F043FB
:104F800099469BB090F82A30229D028543F0080391
:104F900080F82A3016462A7A04460F4615F0C1FCDE
:104FA000A4F8289000902A7A3946204615F0B9FCDA
:104FB00094F82A3001906FF3C30384F82A30009BE1
:104FC0008342804678D026852A7A3946204615F0D5
:104FD000A8FC39460090A4F82890204615F033FC30
:104FE000009A297A006822F0E9F82A7A696820464E
:104FF000FFF7A8FE2B7A0C2B20D1DDF8009047F6A6
:10500000FF73994501D0984518D1204614F088FBCC
:1050100000EBD0704610204614F085FB47F6FF7277
:1050200000EBD07391454FEA630353D19E424BDAB4
:10503000731CC845009301D1731C0193284821F0CB
:105040001DFD064600283CD0009BC360019B046008
:1050500003612B7A0371876002A805F0F5FC3146E5
:1050600002A820F075FC02A81E4920F073FC02A8DB
:105070001D4920F07EFC02A81C4920F07CFCFF2288
:1050800002A8002120F06DFC298802A820F064FC11
:10509000698802A820F062FCE96802A820F067FC99
:1050A00002A8002120F06BFC02A8296920F06EFC08
:1050B00002A805F0F3FD04E0014621F018F90028EC
:1050C00081D01BB0BDE8F0835A1CC8450092B5D111
:1050D0000133B2E79045B1D19E42ADDBF8E700BFA6
:1050E000B09E0020F15004004DAF0500D54E0400E5
:1050F000F7B506680446708D0023C0F3051098428A
:105100003ED9F26802EBC302DD00D779BF0705D5AF
:105110005268A768C2F31702BA4201D00133EEE722
:10512000002300932379612B53D04CD8392B29D8F5
:105130001B2B3DD91C3B0122DBB202FA03F33C4A94
:105140001A4052BB13F0407F32D0FE293FDCE368A7
:10515000009300230193F3682179585901AA22F0A2
:1051600071F8002854D10127F368009A2179585921
:1051700022F024F827B12279A1682068FFF7E2FD28
:1051800003B0F0BD582B11D83C2B11D9294A3D3B17
:10519000DBB222FA03F3DB070AD5002924DCE3683B
:1051A000ADF800301B0C8DF80230D2E75A2BCCD072
:1051B0000029CCD0FF290AD0D4E903239B1A4B4302
:1051C00002EB23220AE0662BBFD0672BEFE72369AF
:1051D000BEE7D4E90323002ABAD00BB90092B8E79E
:1051E0007F29D8BF1346B3E7FE2901DD2369D7E73E
:1051F000CAB2D4E9031021F04AF9C0F307238DF8AD
:105200000000C0F307408DF801308DF80200A0E7E0
:10521000DDE900739F42A6D13946384621F067F890
:105220000028A0D0019BFF1A18BF01279CE700BFF0
:10523000810020200101000810B54368044613B125
:1052400015F0E2FE04460B4821F0B8FC88B1D0F816
:10525000D422002306E0D0F8B81251F82310A1425E
:1052600007D001339A42F6D10146024821F0ACFC46
:10527000ECE710BD9C9E0020F8B590F82B3013F0A1
:10528000100204460DD143F0100380F82B30292181
:10529000FEF730FD30B994F82B3060F3041384F836
:1052A0002B30F8BDA06810B1083021F014FA0021AD
:1052B000204615F0B4FE064698BB204613F033FA9C
:1052C0000746304604F012FE054670BB414D2146AC
:1052D000284605F02DFD0128F9D0204613F078FC72
:1052E00065682046002D58D1FFF7A6FFD0F8D422DC
:1052F000D0F8B81206462B46934240D1D6F8D412C5
:10530000D6F8B80201398B423FD3C6F8D4128900CF
:1053100006F040FBC6F8B8022046BDE8F84006F0AB
:105320002FBB3046FFF7A8FFC1E728461FF064FFF8
:1053300000F0FD03012B14D1AB6E9C4205D0EB6E47
:105340009C4202D02B6F9C4203D12146284615F087
:105350004CFE6B6F9C42AB6F08BF6E679C4208BFF0
:10536000AE67D5F8B8309F4207D104F0CFFD844234
:1053700003D12146284615F038FE2846A2E751F809
:1053800023008442BAD00133B6E7013350F823201A
:1053900000EB830040F8042CB0E715F053FE63687F
:1053A0009A68138E80B2013B984209DB13866368CA
:1053B0009D68298E2868890006F0ECFA2860ABE722
:1053C0001368013053F8202003EB800343F8042CCA
:1053D000E5E700BFD3B005007FB5D0F8AC62044666
:1053E000F36B002B47D1204616F089F918B1254BF5
:1053F000186915F070FE01232363A26BD1073FD516
:10540000A26B92073CD56363A36A656B13B33368E1
:1054100021691E69D4F80C3362690B440093D4F8F7
:10542000103313440193D4F814330B440293D4F88B
:1054300018333D21134420466A46039316F072F94F
:10544000324669462046A36A98476A463E2120466E
:1054500016F068F9204616F052F950B194F8393038
:10546000012B00D12DB1E369626A9A4208BF236A19
:10547000636204B070BD01F08FFB01F027FBAFE762
:105480000023C0E7989E00202DE9F04F0C46B3B0F2
:1054900006460121204613F038F9054620BB014697
:1054A0006022204615F03DFAC3B2012B17900393FA
:1054B0001AD95F222946204696F838B015F031FAFD
:1054C0001790C0B2FC289EBF0BFB00F0001286F8BC
:1054D0003800204613F02DFF804640B92146304663
:1054E00015F06FFE86F838B033B0BDE8F08F204677
:1054F00013F0FAFE0BAD07462946204614F007F9D3
:105500003A463946284620F0AEFAB8F1020F40F08C
:10551000328195E80F0013AF87E80F000DF13C09C9
:1055200000223946204614F0CDF93A4606F118011A
:10553000484620F0B2FA0028D6D099E80F0017AFFD
:1055400087E80F0042463946204614F0BBF92A4648
:105550003946384620F0A1FA0028C5D097E80F0058
:105560000DF11C0888E80F0005221146404620F086
:105570007AFA404620F0E3FD0190404620F0DFFD3E
:105580000290079B1393099B1593089B1493169302
:105590000A9A169B9A42A5DD149B0199013B0B4484
:1055A0009342D4BF1693169200217322204615F021
:1055B000B8F913AF81461790002840F00A8104F132
:1055C0001401384620F010FB002800F0028117AAD1
:1055D0001A2120468DF85C901897FEF78BFB9DF8FA
:1055E0005C30002B40F0F58007213A46304616F03B
:1055F000C9FA2146824615F0E4FD6F2200212046BB
:1056000015F08FF9702217900490002180462046F3
:1056100015F087F9049B179003F0C041B1F1005FCA
:10562000024607461BD123F0C0436FF060418B4216
:1056300015D0B3F1805FA2BFC3F17F6303F57F2371
:1056400003F6FF73CDE9043004F1140020F072FD7D
:10565000049B059A03FB00F8642398FBF3F802F01F
:10566000C043B3F1005F19D122F0C0436FF0604234
:10567000934213D0B3F1805FA2BFC3F17F6303F500
:105680007F2303F6FF7304F11400049320F057FD09
:10569000049B03FB00F7642397FBF3F717A801F0C3
:1056A0007FFB63699844DAF80430A8EB030327937F
:1056B000A3691F44DAF808306E22FF1A0021039B09
:1056C0008DF8A8302046289715F02BF900220F906E
:1056D0000346B3F5616F00F38780002A08BF0346D5
:1056E00022930022002BC0F2838002B122936C220D
:1056F0000021204615F015F96D220F90239000210E
:10570000204615F00EF971220F90249000212046BA
:1057100015F007F972220F9025900021204615F010
:1057200000F967220F9026900021204615F0F9F825
:105730009DF8A9300F9060F302038DF8A9302E4B2D
:105740001B6993F83A209DF8A930CDF8C49062F314
:10575000C3038DF8A93095E80F002CAF87E80F0040
:1057600013AA17A93046CDF878A016F0A9FA169B0F
:10577000013314930CE7B8F1010F7FF4B5AE0DF1CE
:105780005C082A4606F11801404620F086F90028F8
:105790003FF4AAAE98E80F0007AF87E80F0038463D
:1057A00020F0CDFC384620F0CAFC384620F0C2FC80
:1057B000114B1B69074693F83C0020F08AFD4FF41B
:1057C000C04393FBF7F393FBF0F29B080192029323
:1057D000D7E6149B029A013B13440A9A9A42D4BF1B
:1057E00016921693102100E7A3F56163012270E77A
:1057F00003F56163012275E7989E00202DE9F843C7
:1058000006460D4629B91F4B186900F025FD0546CF
:1058100040B130462946FFF737FE284615F0FCFB1D
:10582000044608B9BDE8F883204615F007FC0027B8
:105830008046B946474513D132461F212046FEF720
:1058400059FA324620212046FEF754FA32462121E9
:105850002046FEF74FFA204615F0DEFB2546DFE72F
:10586000A3681B6853F82710B9F1000F06D16B1A13
:10587000D3F1000949EB03090137DBE73046FFF7B5
:1058800003FEF9E7989E00202DE9FF41474E0546AB
:1058900016F042F9306915F032FF10B9306915F091
:1058A0001AFC336993F83C0005F07AFA05F1180800
:1058B00078B198E80F006C4684E80F00D5E9011232
:1058C00020464942524220F0DBF82868214616F073
:1058D0000EF8306900F0C0FC0146404615F02DFC82
:1058E0003369D3F8CC420746A4B9002835D13069D2
:1058F00000F0DAFC01462846FFF780FF336993F891
:10590000D822D0072FD4D3F8CC42A4B93369D3F826
:10591000C47226E02146404615F00FFC3369044668
:1059200087B90028E3D093F8D822D1071CD4D3F844
:10593000CC32002BEAD021462846FFF75FFF002F2C
:10594000E4D00EE093F8D822D2070FD4D3F8CC32AB
:105950003BB1002808BF1C46EDE793F8D832DB07BF
:1059600004D439460DE00024D3F8C47239462846E1
:10597000FFF744FF3369D3F8CC1229B1002C18BFCC
:1059800021462846FFF73AFF306900F079FC0146CE
:105990002846FFF733FF306900F07CFC01462846BB
:1059A00004B0BDE8F041FFF729BF00BF989E00207A
:1059B0002DE9F04FDFF8AC81D8F81030D3F8AC52B5
:1059C000D3F824C02E46044646F818CB0FC886E804
:1059D0000F0094E80F0005F1280686E80F00D8F8BC
:1059E000103093F83970022F8BB016D194E80F0065
:1059F0002E1D86E80F00BCF80810284615F085FB20
:105A0000204620F09CFB2B7D073B032B21D828460A
:105A1000FFF73AFF534B1D6955E037B994E80F0083
:105A20002E1D86E80F003946E7E7012FE8D1002355
:105A3000C5E90133D8F8100000F0BEFB0138E8607A
:105A4000D8F8100000F0C8FB2B68013828611989CC
:105A5000D3E7D8F810302A685B8FD7682046C3F3A5
:105A60004703B7FBF3F71FF0F4FF8146287D20F0D2
:105A700030FC7E1E09FB0066204620F060FBB6FB72
:105A8000F7F6012E8146C2D0502373431846049383
:105A900005F05CFF0746A0B1B9FBF6F34FF0000A32
:105AA0000393731E80468146D34605935E4513D10A
:105AB000049D2C4E3D44A8453CD1384605F060FF7E
:105AC000A8E7D8F8105094E80F0005F5437585E86D
:105AD0000F000BB0BDE8F08F62680399531E0B44B2
:105AE000534400935244A368216806A81FF0A1FF05
:105AF000059B2A7D5B4504BFE3680993484606ABD6
:105B0000002116F00DF82B1D0FCB09F1040C8CE8C9
:105B10000F002B68C9F800304846FFF7B5FE039B1D
:105B20000BF1010B09F150099A44BFE701F034F879
:105B300000F0CCFFD8F83C30002BF7D13069D0F81A
:105B4000AC322BB15A6C42450AD1D8F844205A6481
:105B5000D0F8B4320BB14146984708F15008AAE793
:105B60001346EEE7989E0020014B1869704700BF6E
:105B7000989E00202DE9F04FB94C99B0002843D0F1
:105B8000C368236121F012FD2069002800F04482DF
:105B9000436A002B00F040821A69002A00F03C8220
:105BA000DB68002B00F038820022392115F0BAFDA5
:105BB0002369D3F8C402FEF73FFD2369D3F8CC0272
:105BC00008B1FEF739FD2369D3F8C802FEF734FDAA
:105BD0002369D3F8C002FEF72FFD2369D3F8BC0276
:105BE000FEF72AFD2369D3F8C422002A40F0FA8088
:105BF000C3F8602202F0DEFE206900223A2119B0CB
:105C0000BDE8F04F15F08EBD00F0C6FA2061BBE78D
:105C1000304490F84052002D00F0A18001362069F8
:105C2000D0F860329E42F3D390F83930012B42D144
:105C300015F065FD00283ED0206900F51A7020F0AF
:105C4000F1FF002837D1206915F045FA2069D0F816
:105C50001C80D0F824B0C34508BFD0F8208000F0E5
:105C6000ABFA0190206900F0B7FA402202900021BF
:105C700008A824F0A0FC4FF000092369D3F86022A3
:105C80001FFA89F6B24203F51A7000F2AF800023C2
:105C9000CDE90433019B013B0693029B013B079333
:105CA00020F08CFF0546002840F0DC80206900F5DC
:105CB0001A7020F0C3FF2069D0F860629EB3013EE5
:105CC00000F51073002E80F2DF80002600223B21B9
:105CD00015F028FD236993F838206FF3000283F84C
:105CE000382093F838206FF3410283F8382093F876
:105CF0003B2042F0020283F83B204FF000080DF1F8
:105D000010092569D5F860329845C0F2C380002299
:105D10003C21284615F006FD236993F83B206FF3DC
:105D2000410283F83B202069D0F86032002B3FF419
:105D300061AF15F0E4FC002840F04F8120694FF47A
:105D400000720021403021F0B6FE2069202200219F
:105D500000F5107021F0AFFE2369002248E74FEAFA
:105D6000061A0AF140092069D0F860329D42BFF45A
:105D700055AF431993F84032002B31D1AE422FD0AA
:105D80004FEA051B0BF1400B00EB0B0148441FF0E1
:105D90002BFF28B3216908A801EB0B0249441FF02F
:105DA0009EFE08A81FF055FE0190206948441FF090
:105DB00050FE0746206958441FF04BFE019B0744E4
:105DC000BB420DD22369089903EB0A022B441164EC
:105DD000099951640A9991640B99D16483F84082BE
:105DE0000135C0E700264FF0010818E7334493F867
:105DF000403213B109F101093FE720F0DFFE04361C
:105E0000330105460393206900F51A70002DF1D087
:105E1000294620F0D9FE039B226982461A4429466E
:105E200008A81FF032FF431C064617D0002709E0E0
:105E300020F03FFE08AB03EB071384460FCB8CE842
:105E40000F00013720697BB29E4200F51A70294687
:105E5000EEDC20F073FE284605F092FD5546D2E7B1
:105E6000989E002004AA294628461FF016FE2946BF
:105E700058462B46424615F08FFD2069294600F50D
:105E80001A7020F0A1FE0DE79A5D002A3FF41EAFC4
:105E9000013E17E705EB080393F8403213B108F110
:105EA00001082EE7B04502BF95F8383043F00103F2
:105EB00085F8383095F838306FF3410385F838307D
:105EC00008F1040305EB03130FCB89E80F0095F8E5
:105ED0003970002F73D1484620F02CF9834648468C
:105EE00020F02DF92369019393F83C50824629460E
:105EF000584600F0CDFB072D019B27D0083DEDB2A1
:105F0000022D02D8464A32F8157008BB0025049BC2
:105F10000893069B0A93059B0021079A05EB030A49
:105F20000AF1FF37974236DD8A42B8D021690993DA
:105F30000B9291F8383043F0020381F8383008A80A
:105F4000FFF736FD2069FFF747FAA8E70827DCE7E7
:105F50005B6ADD680023ED1BCDE90933B5FBF0F585
:105F60005545A8BF554608932F4608AA35212069F4
:105F7000BA46013F0B9715F0D5FB08A820F0DFF8D3
:105F8000854202DA002FF0DCC0E7BAF1000FBDDD78
:105F90000B9D0135BBE708BF226909930B9702BF30
:105FA00092F8383043F0020382F8383008A8FFF73F
:105FB000FFFC2069FFF710FA39465346ADE7013F71
:105FC000012F3FF66CAF95F8383005EB081043F021
:105FD000020385F838304030B2E7236993F839304E
:105FE000012B7FF4ABAE002510E0431993F840324B
:105FF0005BB900F51A7020F085FD23692A1D03EBBB
:10600000021306460FCB86E80F0001352069D0F851
:106010006032AB42E9D891E619B0BDE8F08F00BF1D
:10602000DCEC0600F8B5074657480E4620F026FD82
:106030000446002857D04FF44772002121F03BFD61
:106040004FF0FF33C4E902330023C4E90433A12332
:10605000A361638F23F4FF7323F0010343F0020372
:1060600063870723C4E9007684F83C30502005F0AC
:106070006DFCC4F8AC02B0B315F044FDD4F8B032F6
:106080001BB1D4F8AC1220469847D4F8AC320025A6
:106090005D60D4F8AC329D60D4F8AC32013FDF6073
:1060A000D4F8AC32394F013E1E61D4F8AC3294F8CA
:1060B0003C201A750123C4F8643205F07FFC1021DE
:1060C000C4F8080304F51A7020F0D0FC30487E694B
:1060D0007C612246212105F0E3F8C4F8040328B9C5
:1060E000204605F04DFC00242046F8BD2846FDF76B
:1060F00097FDC4F8C8022846FDF792FDC4F8C40213
:106100002846FDF78DFDC4F8C0022846FDF788FD3E
:10611000C4F8BC02D4F8C802FEF7D6FED4F8C00218
:10612000FEF7D2FED4F8BC02FEF7CEFED4F8C002D1
:10613000022112F09BFAD4F8BC02022112F096FA66
:10614000D4F8C802294613F04CFED4F8C002294600
:1061500013F047FE2946D4F8BC0213F042FED4F8EF
:10616000C40213F0B4FC002E08BF264609497E6124
:106170002B46382204F5397020F090FAD4F8040345
:1061800021F01FFAB0E700BF9C9E0020989E0020DF
:10619000755B040041B50500014B5869704700BFAD
:1061A000989E00200146034809B920F007BD20F061
:1061B0000BBD00BF9C9E002010B9064B586940B132
:1061C00090F8FC3203F00503012B01D140687047C1
:1061D00000687047989E002010B9064B586940B17E
:1061E00090F8FC3203F00503012B01D100687047E1
:1061F00040687047989E002010B9034B586908B159
:1062000080697047A1207047989E002010B9034B09
:10621000586910B1C0E9071241627047989E00208A
:1062200010B9034B586908B180F83910704700BFA6
:10623000989E002010B9024B586900B181627047E6
:10624000989E002010B9034B586908B190F83C00A3
:10625000704700BF989E002010B9034B586908B1E1
:10626000D0F8C402704700BF989E002010B9034BBD
:10627000586908B1D0F8CC02704700BF989E002042
:1062800010B9034B586908B1D0F8C002704700BF7D
:10629000989E002010B9034B586908B1D0F8BC0291
:1062A000704700BF989E002010B9034B586908B191
:1062B000D0F8C802704700BF989E00202DE9F04F2B
:1062C000B3B006469DF8F0A08B4691469846FEF77F
:1062D000B3FFD0F8C452AE42044600F0D080D0F8EC
:1062E000D002B04200F0CB80C8B1A84217D0002144
:1062F00004F0C4FB00221146D4F8D00213F09EF93A
:10630000D4F8D00200225F2114F0F6FDD4F8D05268
:10631000D4F8C432C4F8CC32284615F06EF9D4F85B
:10632000CC02C4F8D06228B194F8D8329B0701D5CA
:1063300014F09CFEABF10A0294F8D832042A8CBF08
:106340000022012262F300036AF34103002784F86C
:10635000D832C4F8CC723946304604F08FFB49EA93
:10636000080301938DB92A462946304613F066F991
:106370002A465F21304614F0BFFD019B5BBB3046CF
:1063800033B0BDE8F04F15F038B93946284604F06F
:1063900075FB3A463946304613F050F93A463946CD
:1063A000284613F04BF93A465F21304614F0A4FD1D
:1063B0003A465F21284614F09FFD019B5BB93046A9
:1063C00015F01BF9BAF1000F59D0284633B0BDE8DB
:1063D000F04F14F04BBE02A804F036FB314602A881
:1063E0001FF0B6FA02A866491FF0C3FA02A8654971
:1063F0001FF0C1FA494602A81FF0AEFA414602A8B2
:106400001FF0ACFA1AA804F01FFB29461AA81FF0C7
:106410009FFA49461AA81FF09FFA41461AA81FF092
:106420009DFABBF10E0F1CD8DFE80BF0080F2C36DD
:106430003E465C7185999F52687D9100524902A841
:106440001FF088FA0022002108E002A84E491FF040
:1064500081FA2046FFF7B0FE0146002202A81FF095
:1064600080FA002D00F0898000222D212846FDF7BA
:1064700041FC02A804F012FC1AA804F00FFC33B08F
:10648000BDE8F08F02A840491FF064FA2046FFF7EC
:1064900093FE00224142E1E702A83C491FF05AFA6C
:1064A0002046FFF799FED7E702A838491FF052FAB5
:1064B0002046FFF791FEECE7334902A81FF04AFAA5
:1064C0002046FFF779FE0022014602A81FF049FA94
:1064D0001AA82D491FF03EFA2046FFF76DFE4242F2
:1064E000002148E0284902A81FF034FA2046FFF7AF
:1064F00063FE0022414202A81FF033FA1AA8224983
:106500001FF028FA2046FFF757FE0246E8E71F492A
:1065100002A81FF01FFA2046FFF75EFE0022014688
:1065200002A81FF01EFA1AA818491FF013FA2046F5
:10653000FFF752FED3E7154902A81FF00BFA2046D9
:10654000FFF74AFE0022414202A81FF00AFA1AA8E9
:106550000E491FF0FFF92046FFF73EFED5E70C4934
:1065600002A81FF0F7F9FF226DE709491AA81FF0EA
:10657000F1F90022FF211AA871E702A87DE700BF08
:1065800065B505008BB50500F7B50500F3B5050049
:10659000EBB5050010B9094B586970B1D0F8AC32B1
:1065A00080F83C101975C36903B15970036A03B1CF
:1065B00059700022372115F0B5B87047989E002019
:1065C00008B9024B5869D0F800037047989E002024
:1065D00010B9074B586948B1D0F8643200290CBF94
:1065E0004FF0FF3201221344C0F86432704700BFFD
:1065F000989E002010B9054B586928B1D0F8640264
:106600000028D4BF00200120704700BF989E0020C2
:1066100010B9034B586908B1C0F8E012704700BFC9
:10662000989E002010B9034B586908B1D0F8E002D9
:10663000704700BF989E002010B518220446002124
:1066400021F039FA054B2360054B6360054BA360CD
:106650000023C4E90333044B636110BD81B7050017
:106660007DB7050061B705006BB7050010B5074C95
:106670002046FFF7E1FF04F11800FFF7DDFF04F10A
:106680003000BDE81040FFF7D7BF00BF609F00207B
:106690000A460146014815F076B800BF609F002009
:1066A00038B50D4614461BB91146FFF7F1FF0346F6
:1066B000142C05FB03F003D15B0805FB030038BD78
:1066C000073CE4B2032CFAD81ABF034B1B5D4FF40E
:1066D00080631844F3E700BF28FF06000A4601461E
:1066E000014815F058B800BF609F00202DE9F04721
:1066F000DDF82880DDE908578A4691461E460446A3
:1067000010B90020BDE8F0871C22002121F0D3F948
:1067100025B931465046FFF7BBFF054609FB05F397
:106720004345EED866702368A4F804A003F47F43C1
:1067300043F019032360074BA4F80690C4E90477DB
:106740002581A361C4F80C8031463846FFF7C6FFA7
:106750000120D7E7609F002007B5009313460A4643
:106760000146034815F036F803B05DF804FB00BF9E
:10677000609F002070B50D460446A8B101694078BD
:10678000072813D0A0F10803DBB2022B10D8094E62
:1067900036F81330248902FB0433CC1825B104F0F9
:1067A000F5FA684304EBD004204670BD0823F1E7F6
:1067B0000023EFE7E2EC06002DE9F0470D46044622
:1067C00010B90020BDE8F0870369002BF9D0438899
:1067D0008688B0F806809B06F3D521B9417830460B
:1067E000FFF756FF05462389AB422DD0607804F0B1
:1067F000CDFA70430730B5EBD00F4FEAD009E0D3A4
:106800002B46627841463046FFF74AFFE3688342F1
:10681000D7D36378072B19D0083BDBB2022B17D8EC
:10682000194A32F8133027892669AF421DD208F180
:10683000FF3202FB073705FB023337444FF0000AF3
:106840001E44C24506D325810120BBE70823EAE7A1
:106850000023E8E7394630464A4621F055F92389B6
:10686000761BFF1A0AF1010AEBE71E44B246002725
:106870004745E8D2314650464A4621F045F923893A
:10688000AA441E440137F3E7E2EC06002DE9F74F76
:106890000446002875D0408810F0010571D110F031
:1068A000200014D06378DA1FD2B2032A17D818BF99
:1068B000354B256914BF9B564FF4807305EB830657
:1068C000AE4207D1638843F001036380012003B027
:1068D000BDE8F08F28461FF03AFD0435F0E7102B95
:1068E00014D1B4F80680B4F80490B4F808A027696D
:1068F0004545E7D2002602E01FF029FD01364E454E
:1069000007EB8600F8D357440135F1E7142B1DD16E
:10691000B4F80890B4F806A02769B4F804B04FEAB8
:10692000590309FB0A785545CCD2002606E018F831
:10693000061001931FF022FD019B01365E4507EB17
:106940004600F4D34F4498440135ECE7132BB9D1FA
:10695000B4F80690B4F804A0B4F808B027694D451F
:10696000B0D23E464FF0000806E0B17830461FF046
:1069700005FD033608F10108D045F6D35F44013523
:10698000EDE70020A3E700BF25FF060008B504F0EF
:10699000E5FF064BD3F824110160D3F82821C3F892
:1069A00024010132C3F8282108BD00BF989E0020B1
:1069B0002DE9F843CC6B07460D464FF00008F4B9BB
:1069C0002B6C002B71D095F84820002A6DD0EA6B13
:1069D000002A6AD1DB6B73B11A79072A63D19A6CEA
:1069E000002A60D1DA6CD269AA425CD101229A6491
:1069F000354BC3F8302100263046BDE8F883A36C40
:106A0000D4F80090032B4CD12379072B29D1E36CC8
:106A1000DE6933689BB1301D1FF091FB33682A4A51
:106A20001B894343D2F82C01834294BFC01A002033
:106A3000C2F82C01306814F049FF0023336087B19D
:106A4000D7F8AC3223B15A6C964225D1726C5A6495
:106A5000D7F8B43213B1314638469847304604F07F
:106A60008FFF204615F05DFA064640B190F854308D
:106A70005B0604D5C06904F083FF0023F361E06C7A
:106A800004F07EFF204604F07BFFB8F1000F05D034
:106A9000C8F800904C4692E71346D3E7C5F83C90FF
:106AA000F8E7A046F6E71B6895E7074BD3F82441C3
:106AB0000026002CA0D023692046294698470130A3
:106AC000246818BF0126F4E7989E00202DE9F041C4
:106AD0000020FFF767FB0E4F044600264FF0010829
:106AE0000CB9BDE8F081D4F8AC523DB90EB9C7F885
:106AF00030812046FFF756FB0446F1E72946204641
:106B0000FFF756FF6D6C002818BF0646EDE700BF83
:106B1000989E0020F8B5CE6C1E4D306195F8387106
:106B20000C4647BB306870B14FF4002111F0EDFD09
:106B300048B1012385F83831306822462221FDF71B
:106B4000D9F885F838714FF4C843A4F85030D5F817
:106B500024512DB994F850304BB90323A364F8BDE8
:106B60006B6913B12146284698472D68F1E7BDE8C7
:106B7000F840FFF7ABBF4FF4C843A1F85030D5F849
:106B80002451002DEBD06B6913B12146284698475C
:106B90002D68F6E7989E0020044BD3F83021002A98
:106BA000FBD00022C3F83021704700BF989E002020
:106BB000024B0122C3F83021704700BF989E00208D
:106BC0002DE9FF41294BC46BD3F82831012B064630
:106BD0000D46174609D824B90024204604B0BDE864
:106BE000F081A36C012BF7D1F7E7F4B9002D38D170
:106BF000F56B002DF0D0AB6C012B32D195F85030F5
:106C00000BB1BB422DD1F46B05F118085CB3A54262
:106C1000E3D0A36C032B06D0424604F1180168466A
:106C20001EF03BFFE8B92468F0E7FEF79DFFFFF791
:106C3000C3FA0446FEF798FFFFF7CEFAF36B9A6C9F
:106C4000012AD3D09A68002AD0DC1A69013CA242FA
:106C5000CCDBDA68002AC9DC5B6901388342C5DB1A
:106C6000BAE72D68C5E72C46B7E700BF989E00201D
:106C70002DE9F0410568044615B12869BDE8F081A9
:106C8000071D38461FF056FA064638461FF057FAD9
:106C9000217D07463046FFF7FBFC227D07FB00F80D
:106CA0002B4639463046FFF757FD20600028E5D0D7
:106CB000084AD2F82C314344C2F82C31207D04F02C
:106CC0006FF818B12068294614F011FE236818697E
:106CD000D4E700BF989E00202DE9F04F1C4697B0E6
:106CE0008B6CADF80C301B0C8DF80E30136B0493CD
:106CF0001546BDF81430526BDDF8809062F308033E
:106D0000ADF81430EB6A8246884683B11CB1226824
:106D1000224B9A420BD1219B229CCDE900932A461B
:106D200003AB41465046A04717B0BDE8F08F219B0A
:106D30000FCB06AE86E80F00D9E90012304652426A
:106D400049421EF09DFE04B90AAC144BC4E900335D
:106D5000C4E902330EAE0DF1480B224606A92846BF
:106D600015F0DBFB074694E80F0086E80F00D9E931
:106D7000001230461EF084FE012FD5D121993246F3
:106D800058461EF08AFE0028E7D0CDE9006B229F0E
:106D900003AB2A4641465046B847DEE7010000E013
:106DA00010B56C220021044620F085FE1FF0CBFABE
:106DB000C0F3072384F849304FF48073C4E90C33DF
:106DC000B4F84C3084F8480023F40F6323F00F0329
:106DD00043F0FF03A4F84C30044BE365C0F30740D5
:106DE0006C2384F84A00636110BD00BF010000E01D
:106DF0002DE9F04FA9B00E460690154605939BB3BA
:106E0000C969002215A800F045FD01282CD106F122
:106E1000540A5046B78CB6F826901FF08BF900281C
:106E2000ACBF9AE80F0095E80F0009AC84E80F00AA
:106E3000394620461EF003FE494620461EF004FE59
:106E40001E4BDDF824A00FCB0DF1340888E80F00AD
:106E500007EB0A030DF1440B0793EB680A9A9A4279
:106E60001BDD15A815F067FB29B0BDE8F08F2A4699
:106E7000214658461EF011FE48B1059B0698009425
:106E8000CDE901B315AA43463146FFF725FF099B1B
:106E90003B4409930B9B3B440B93AB68099A9A4282
:106EA000E5DD0A9BCDF824A04B440A930C9B4B4490
:106EB0000C93079B013B0B93CFE700BF64B4060024
:106EC00010B55C220446002120F0F5FDFF2384F874
:106ED00050301FF038FAC0F3072384F831304FF0F8
:106EE000FF332362154B84F830006362C0F3074020
:106EF0004FF6FF73C4E90A3384F832001FF023FA17
:106F0000C0F3072384F83300C0F3074084F834301B
:106F100084F83500052004F001F8C0F3072384F855
:106F20003730002384F8360084F85130C0F307402E
:106F30005C2384F83800636110BD00BF2CDA0600C2
:106F40002DE9F0438DB00C4614990646084690464C
:106F5000994614F0AAFF054600284DD106AF034616
:106F60000A46484639461EF0B1F8BDF82000002810
:106F700042D0BDF81E30002B3ED0D8F80010BDF92D
:106F800022200A441344013B0493D9E90313C91A8C
:106F9000D8F8043002921944BDF92430091AC91AEC
:106FA00003910844D4E9071201380DF1080805904F
:106FB0005242494240461EF063FDB1682A464046AF
:106FC0001EF0D8FE78B9069BCBB923710023C4F814
:106FD0000880276121463046159C1A46A04738464E
:106FE0001EF06DF808E0E0680028ECD0B1682A4691
:106FF0001EF0C0FE0028E6D00DB0BDE8F0839DF87D
:107000002630013B172B21D800210091BDF82030FC
:10701000BDF81E20606A14F036FCB8B9606A08B189
:1070200014F054FCBDF82020BDF81E10094802FBE6
:1070300001F33F2B4FF00003009398BF52000E2343
:1070400014F0C8FBBDF82030C38060629DF8263084
:10705000BBE700BF789F00202DE9F04FC1B09046FC
:107060004F6A826807900C461EA841460E931EF098
:1070700014FD002800F0FD8094F852300B9394F832
:107080005330E169DE0700F1F78040461FF052F807
:107090000C9038461EF098F8E36BD8E90012C3183C
:1070A00081461CA80D931FF054F8636CA16C1793D4
:1070B0001D9BA26D0B441D93002A40F0EB80002322
:1070C0000593236A0693DDE9055194F85330E0698E
:1070D00002934FF0000A0C9BCDF804A00093236CA0
:1070E0003A46284403F0A6FF059BC618079A1D9B45
:1070F000926852684B449342C0F2ED800B9B022B86
:1071000040F01581E06994F853300599059D00938E
:10711000236C3A46711A284420F00DFA8146404605
:107120001FF008F81C9BA0EB090000EBD07003EBEC
:1071300060031C93A36A0893E36A0993DDE90832AC
:107140002AA8934288BFCDE9082314F0F0FE94F8F2
:1071500050308DF8BF3022AB2D93236BADF8BC308F
:107160001B0C8DF8BE3034A8E36C309314F047FF4D
:1071700094F850308DF8F03097F91630002B08BF96
:1071800001230A931FF0DFF8C0F30722C0F307437F
:107190008DF861208DF86230C1B2D2B2DBB24FF00F
:1071A000000B8DF86000109114921293CDF84CB042
:1071B000069B002B59D0E369059A9A181592059AF7
:1071C0009B5C002B51D01C9B179AD31811931C93D6
:1071D000002319939946059BF31A16931999069B58
:1071E000994203D2169B9942C0F0BA80059B9D1B21
:1071F000069B5B19069300F0088294F85330E0690F
:107200000293002301930C9B0093236C06993A464A
:10721000304403F00FFF06EB0009D8F800301C9350
:107220000B9B022B40F0F381E06994F853300093FC
:10723000236C3A46A9EB0601304420F07CF9054660
:1072400040461EF077FF1C9B401B00EBD07003EB09
:1072500060031C931D9B0D9A05961344079A1D937A
:107260009268D268934240F3E9813398002840F055
:10727000E98141B0BDE8F08F02936FF06043019364
:10728000E36B0093236C626A34A820F0F8F8349B17
:107290000C93FEE600297FF412AFD8F80410002901
:1072A000BFF60DAF93685B1A0D99002BB8BF5B4218
:1072B000C1F50071B3EB410FC4BF4FF0FF33136052
:1072C000A36D1D68002DFFF6FAAE5A681D9B05954B
:1072D00013441D93F5E694F85330E0690699CDE91F
:1072E00001A30C9B0093236C3A46304403F0A2FEAA
:1072F0001D9B0D9A1344A26D1D93304482B113F56A
:10730000806F0DDB1368002B0ADA1660D8F80410C2
:107310001D9BA26D5B1A5360A36DD8F804209A6080
:10732000E36905969B5D002BA3D00646DEE60B9B2A
:10733000032B7FF4FFAEE06994F853300599059D67
:107340000093236C3A46711A284420F0F4F88146E1
:1073500040461EF0EFFE1C9BA0EB09000344E8E64C
:10736000089B4FF6FF7293421ED0099B93421BD09D
:10737000059AB34BE0691B6811449847824619ABE4
:1073800015981BAA1AA920F03DF894F853301D0750
:107390006ED51A9A232A15D1B9F1000F07D1199B7E
:1073A00013934FF0010919E74FF0000AE7E7B9F12D
:1073B000010F00F00981B9F1020F00F01B814FF0BD
:1073C000000B55E0B9F1010FF9D1202A199B40F0CB
:1073D0001481139A9B1A072B40F0EC80159B13998C
:1073E0000622591826A820F070FA00239DF898006C
:1073F0008DF89E3014F083FD01469DF8990014F03D
:107400007EFD00EB0110C3B29DF89A001D4614F0FA
:1074100076FD01469DF89B0014F071FD00EB011014
:10742000C1B29DF89C0014F06AFD81469DF89D0054
:1074300014F065FD00EB0910C2B228461EF06AFF89
:10744000C0F30722C0F307438DF861208DF8623046
:10745000C1B2D2B2DBB28DF86000109114921293D7
:10746000BBF1000F00F0CC804FF0000B4FF0020991
:1074700094F85330180704D5B9F1020F08BFAAF1E8
:10748000070ADDE91A1238461DF06BFE1D9B0D99A7
:107490001C9A0F905918013922922591024419998A
:1074A00016982393013A814224924BD394F85410B6
:1074B000C9071BD5119926912892FA6807980E9D45
:1074C00013443A699B1A97F915209B1A0A9A279335
:1074D0001344013B228E299394F83230ADF8F12009
:1074E0008DF8F33034AA26AB0021A84794F8543025
:1074F0009B0727D5119B26930F9A1C9B07980E9DDF
:107500001344013B2893D7E903329B1A5B00032203
:1075100093FBF2F31D9A134497F9162002EBD272F3
:1075200003EB62030A9A27931344013B228E2993AB
:1075300094F83230ADF8F1208DF8F33034AA26AB50
:107540000021A847089B4FF6FF72934240D0099B49
:1075500093423DD0089B53453AD8099B534537D9B0
:1075600094F835308DF8BE30E38EB4F83320ADF8A2
:10757000F13094F83830ADF8BC208DF8F33007982E
:107580000E9D22AB34AA0021A8470E9B01931A9BA3
:10759000009307983B461CAA2AA9FFF7D1FC0F9B32
:1075A000002B3FF41BAE236C0F9A1A441C9B134410
:1075B0001C9313E694F83230129394F83030109301
:1075C00094F8313014934BE74FF0000BD9464FE756
:1075D000B9F1020F09BF109B236B8DF8BC30149BCF
:1075E0000BBF8DF8BD30ADF8BC30129B1B0C8DF875
:1075F000BE30CAE74FF00009F0E54FF0000BEDE5B3
:107600004FF0010B4FF00209E8E5B14605E60B9B90
:10761000032B7FF41FAEE06994F853300093236C82
:107620003A46A9EB060130441FF085FF0546404667
:107630001EF080FD1C9B401B03440AE64E46B7E546
:10764000D8DD060014F042F913E600BF38B5702209
:107650000021044620F02FFA1EF067FEC0F3072336
:1076600084F82100C0F3074084F8223084F8230016
:107670001EF05BFEC0F3072384F82400C0F307402C
:1076800084F8253084F826001EF05DFEC0F3072341
:10769000FF2584F8290084F82A30C0F3074002232C
:1076A00084F82E3084F82B0084F82D501EF04BFE09
:1076B000C0F3072384F83E00C0F3074084F83F304E
:1076C00084F840001EF03FFEC0F3072384F85A30D0
:1076D0000E4B6363B4F8483084F8590023F4FF5329
:1076E00023F01F036FEA1333C0F307406FEA03333D
:1076F00084F85B0084F8205084F83B5084F858509C
:1077000084F86C50A4F8483038BD00BF2CDA06006D
:107710002DE9F04F06460D4687B00C220021284681
:1077200020F0C9F996F81080D6F80C90B8F1000F47
:1077300018D1D9F81030002B44D003F003F90746D4
:107740004948DFF824B11FF039FA06F1140A04465B
:10775000002C3CD1B8F1010F34D106F114001EF019
:10776000E2FF2FE003F0EEF8074600B3B8F1010F97
:10777000E6D1DFF8F8B08DF80480DBF82001CDF811
:107780000090002269461DF02CFE824690B11DF04B
:10779000A1FE00F10802034607CA85E807005C69FC
:1077A000DBF82001002251461DF02AFE0BE0B8F163
:1077B000010FC5D10222494606F114001FF0E4F87A
:1077C0000028BDD00024204607B0BDE8F08F236814
:1077D000002B3FD06368002B3CD00022114650465E
:1077E0001FF099F823682A46314620469847012819
:1077F00030D12B890BB3B8F1010FE4D150461EF004
:1078000092FF002FDFD0012348468DF8043020F08E
:10781000AAF9009095E80700144D059402AB83E89F
:1078200007006946D5F8200100221DF005FE01463B
:10783000B0B9009804F0A4F8C4E76878AE881428BA
:1078400002D176002E81D6E703F0A0FA4643073630
:10785000F608F7E7214658461FF0B6F9044677E7E1
:10786000D5F8200100229FE7A89F0020989E0020C5
:1078700038B505460C46064818211FF0F7F828468B
:1078800002F0B6FF2046BDE8384003F00BB800BF59
:10789000A89F002070B50E4686B0154600214C22E8
:1078A000044620F008F916B9002006B070BDE66065
:1078B000304614F07FF9207402F0ECFF002836D037
:1078C000224BD3F81C012064EDB1AB78DBB104F19D
:1078D00020012046FFF71CFF034620600028E3D06C
:1078E000286860602A7922725A68214618469047B3
:1078F000227A002AD9D00128D7D1E06AA8B1002184
:1079000013F051FF11E0237C8DF808300022E3686A
:10791000019369461DF065FD064640B11DF0DAFD94
:10792000C368E3620369236066640120BDE704F174
:1079300020012046FFF7ECFE034620600028B3D06C
:10794000002DCDD165602572CEE700BF989E002046
:1079500010B505481FF092F8044618B1182200210E
:1079600020F0A9F8204610BDA89F00202DE9F04185
:107970001F460D4B06469046D3F81C0100221DF011
:107980005BFD054668B11DF0A5FD037AC0F80C80CB
:10799000012B044603D1406820F0E5F86060C4E99B
:1079A00004672846BDE8F081989E002073B506461E
:1079B0000D46002941D00379CBB92C467379002BB1
:1079C0003CD06078A0F10B03032B37D903F0E8F922
:1079D000A0B30121204614F04FF878BB20212046A7
:1079E00014F04AF810B32046FEF750FF26E049781D
:1079F0001429E2D0A888FEF74BFE2B898342044667
:107A0000DBD001462846FEF7D7FE0128D5D00094EA
:107A10006B78EA88A9880B4813F0DCFE044660B155
:107A200000232A46194613F0B7FFC7E72146054849
:107A300013F00EFF04460028D6D10024204602B0E1
:107A400070BD00BF909F00202DE9F0410B7D022BFF
:107A500096B006460C466BD98B6913B10B7F002B91
:107A600066D001ADB268216828461EF016F80028DD
:107A70005ED07668D4F8048033681F89B8F1000FAF
:107A800070D128461EF056FB069028461EF057FB84
:107A9000237D8DF82F30E37D8DF82E30A369B4F867
:107AA0001520ADF82C20CDE90707CDF828801BB1B3
:107AB000227F012A08BF0023099395E80F000CAF2D
:107AC00087E80F00D6E901123846524249421DF0BC
:107AD000D7FFD6E9013202998A1A01993046C91AAC
:107AE00014F065F8099B05908BB1606A10B9206AA3
:107AF0001EF020FB216A0A904A68029B09689A1AC4
:107B0000019B5B1A00FB0233099A1A440992337DE8
:107B1000063B0F2B0CD8DFE803F019210B0B0B0BE6
:107B20000B0B0B120E17080B0B1D05A818F000F914
:107B300016B0BDE8F08105A815F0DDFDF8E70321DA
:107B400005A819F0AAF9F3E70421F9E705A817F049
:107B500079FCEDE705A814F08BFEE9E705A816F01F
:107B6000D7FCE5E72269294628461DF096FF002844
:107B7000DED0226A002A75D128461EF0DBFA069074
:107B800028461EF0DCFA237D8DF8353094F8283035
:107B90008DF83630CDE90707A368207B67680C9322
:107BA0008DF8340003F0F2F82169029B4A680968F5
:107BB0009A1A019B5B1A43430C99DB0801FB0233C1
:107BC0001F44A3690B9700220A92002B51D10993FD
:107BD00095E80F000EAF87E80F00D6E9011238468E
:107BE000524249421DF04CFF23690FCB12AC84E88E
:107BF0000F00D6E901122046524249421DF040FFD3
:107C0000D6E9013202998A1A01993046C91A13F04D
:107C1000CEFF0590337D063B0F2B89D801A252F889
:107C200023F000BFC17C0400D17C0400317B040040
:107C3000317B0400317B0400317B0400317B040084
:107C4000317B0400317B0400B37C0400AB7C040076
:107C5000BD7C0400A37C0400317B0400A37C0400F1
:107C6000C97C0400294628461DF017FF002883D14F
:107C70005EE7217F012912D0606A099310B9206A5A
:107C80001EF058FA216A0A904A68029B09689A1AFB
:107C9000019B5B1A00FB0232099B134497E71346D2
:107CA00095E705A818F08EF942E705A815F0F3FD51
:107CB0003EE7032105A819F0C0F939E70421F9E7E7
:107CC00005A817F061FC33E705A814F0ABFE2FE719
:107CD00005A816F0FEFC2BE7044BC20003EA0023C4
:107CE00002F4FC6243EAD0001043704700F8FFFF43
:107CF000034630B508466AB1FF2A4FEAD3010AD1DC
:107D0000A2F6FF0202EA0322DB0003F4FC63134342
:107D1000194488B230BDD4439B08E4B2C0F3451582
:107D200013FB02F311FB02F104FB0533084AC50AF9
:107D300004FB0515DB1000F01F0003F4FC6302EAEE
:107D4000C50204FB0011134303EB112398B2E1E7D2
:107D500000F8FFFF70B5044608467AB12178A5788F
:107D60006378FF2A4FEAD10109D11448DB0000EA09
:107D7000052003F4FC631843084480B270BDD4436B
:107D80009B08E4B2C0F3451613FB02F304FB063371
:107D9000EE08C50A654306FB0255084EDB1000F0ED
:107DA0001F0003F4FC6306EAC50512FB01F204FBA5
:107DB00000222B4303EB122398B2DFE700F8FFFF0A
:107DC0002DE9F04F89B04368019383680293C3683B
:107DD0000393D0E906530493D0E9044390F822704A
:107DE00090F821800668079382468946002F40F06C
:107DF0002281002C3ED1B8F1FC0F26D8029B9C4278
:107E000080F21B81A6F1020BAA46002729E05778D1
:107E10009378FF0007F4FC6700EA03233B431778DD
:107E200003EBD70326F811304A440131019B9942F4
:107E3000EDDB039B1E44049B01341D44029B9C42CA
:107E400080F2FB802A460021F0E77D48F6E73BF808
:107E5000021F50464246FFF77DFF0137ABF8000096
:107E6000CA44019B9F42F2DB039B1E44049B0134E6
:107E70001D44C3E7B8F1FC0F1ED8029B9F4280F25D
:107E8000DC80B31EAB464FF0000A2FE014F8082048
:107E90003BF8021F5046FFF75DFF08F10108ABF801
:107EA0000000CA44019B9845F0DB039B1E44049BE1
:107EB0001D44079B01371C44029B9F4280F2BD80FA
:107EC000A6F1020BAA464FF00008EBE714F80A20CF
:107ED00033F8021F059312FB08F25846120AFFF707
:107EE00039FF059B0AF1010A1880CB44019A92459B
:107EF000ECDB039B1E44049B1D44079B01371C4481
:107F0000BBE79AF82230022B4BD0032B6AD0012B0F
:107F100040F093807B789BF80220DB0803EBD203D0
:107F20001F2BA8BF1F23D8023B889BF80120C3F357
:107F3000451303EB92033F2BA8BF3F2380B200EB16
:107F400043103B789BF8002003F01F0380B203EB43
:107F5000D2031F2BD4BFC0181F30398880B2002C29
:107F600060D1424602F028FF059B27F8020B01333F
:107F70000593CB44059B019A9342C2DB039B1E44AD
:107F8000049B1D440CB1079B1C44069B01330693C4
:107F9000069B029A934250DA00233746AB4605937C
:107FA000E8E79BF802307A78DB08C3EBD20323EAD8
:107FB000E373D8023B889BF80120C3F34513A3EB7E
:107FC000920323EAE37380B200EB43103B789BF803
:107FD000002003F01F0380B2A3EBD203002BA8BF45
:107FE000C018BAE79BF802307A789BF80100D208F3
:107FF000DB0813FB02F33A888008C2F3451210FB3A
:1080000002F080115B11400100EBC3203A789BF82D
:10801000003002F01F02DB0880B213FB02F300EB1A
:1080200053109AE7059BE25CB8F1FC0F9CBF12FB72
:1080300008F2120A96E70023A9E709B0BDE8F08F1D
:1080400000F8FFFF08B51CF021FB2820FEF79EFC7E
:10805000044B0361044B436100234362C361034B40
:10806000C36008BDAD2F0600732F06002BFF06006E
:108070002DE9F04F89B004AC84E80F002046DDF80C
:1080800058809DF854A0129F149E1EF053F8054688
:1080900020461EF054F898F8482098F849B098F80F
:1080A0004A9098F84B8001906FEA0804BAF1140FD7
:1080B000E4B202D0BAF1120F49D1049B05995B00DA
:1080C00001FB06334FEAD20C4FEA9B0E4FEAD90967
:1080D00006EBD67625EAE57ADFF820B11F4409FBE6
:1080E00008F20CFB08FC0EFB08FE26F001034FEA29
:1080F0004A0A4FF000090199894525DB09B0BDE81E
:10810000F08F37F81800C0F34516C10A04FB06E6E5
:10811000F61004FB012106F4FC660BEAC10100F035
:108120001F0004FB00C0314301EB1021139820F81D
:10813000181008F10108A845E3DB13995144139185
:108140001F4409F10109D6E74FF00008F3E7AAF14F
:108150000F03022BD2D8504602921EF0BAF8049BAD
:10816000029A0599434301FB063125EAE57E02FBAD
:1081700008F3029300FB156609FB08F300FB0EFEF3
:108180000BFB08FB394403934FF000087644019B36
:108190009845B3DA139F0B464FF0000924E093F89B
:1081A00000C0029A0CFB042C4FEA2C2C87F800C06C
:1081B00093F801C0039A0CFB04BC4FEA2C2C87F8FF
:1081C00001C093F802C00CFB042C4FEA2C2C87F85A
:1081D00002C0BAF1100F04BF93F803C087F803C0C0
:1081E0000344074409F10109A945D8DB139B7344F3
:1081F0001393314408F10108C9E700BF00F8FFFFFD
:1082000091F84D3013F0100F024B01D113F0F2BD75
:10821000FEF7EEBDE33506002DE9F0470546A0B0B8
:1082200091469A460C46E1B10B79192B19D8474A69
:10823000012606FA03F10A400ABBCB0711D505A8AF
:1082400013F0E9FEE37D8DF83C306369ADF834301E
:10825000E2680E961B0C05A928468DF8363019F0F9
:10826000D0FDB9F1000F6DD0BAF1000F6AD05246BF
:108270004946284620B0BDE8F0471AF011BFA7696B
:108280002069616A4FF4616297FBF2F602FB167790
:10829000002F32D1192B30D01CF00EFFA3682060C4
:1082A0000FCB01AE86E80F00804630461DF042FF3E
:1082B0000E21FEF7EDF908F1FF38404403903946EE
:1082C00005A82C221FF0F7FBA37D8DF82B30E37D52
:1082D0008DF82830A28A2368ADF829201A690B92FC
:1082E0000D961B890E93A368059305A902232846C2
:1082F0008DF83030FFF7A8FBB3E71CF0DDFE2060FF
:1083000005A8FEF74DFDA36910934FF48073CDE9E6
:108310001133E37D8DF8603023680C936369ADF809
:108320005C3022691B0C8DF85E301389B2F90C2089
:108330001344E26905A9CDE915232846A268FFF791
:108340005FFF8EE720B0BDE8F08700BF1E01160377
:1083500070B591F84430022B8EB006460C46154697
:1083600027D904A813F0E3FD94F844308DF82730A2
:1083700000230793636AADF82430D4E90F011B0C86
:108380008DF82630A36A0A930BAB83E803002B68B1
:1083900002936B680393084B0193E36900933046A3
:1083A000236A02AA04A9FEF7CBFD0D9808B113F0C9
:1083B0008DFA0EB070BD00BF1982040091F85030E4
:1083C000022B02D9014BFEF747BE70471982040009
:1083D0002DE9F04F0B6BDDB083460C46002B00F00F
:1083E000B98091F83C20022A40F2B480CD69A26A9B
:1083F000D1E90810854202D1914200F0AB8003EB35
:10840000D3735B105B428542D4BF5E191E180C9675
:108410008542ACBFC3EB0506C3EB00069142D4BF57
:10842000581898189142ACBFC3EB0103C3EB020389
:108430000CA90D90DBF808200E9608460F931DF04E
:108440002CFB002800F08680216AA26AE069636A3A
:10845000914240F0D0808342D4BF40934090226B41
:108460008342B8BF0346013A013B429302F0010345
:1084700003EB6203CB1A01EB620240A94392084668
:10848000DBF8082041931DF008FBE8B1A56B1DB196
:10849000656B003D18BF01252C2200214EA81FF05E
:1084A0000AFB40AB4E9394F82E30A28D8DF84F31DD
:1084B00094F83C30ADF84D218DF84C31002D4CD165
:1084C0004EA95846FFF7C0FA94F83D3013F0180F44
:1084D00040D04EA813F093FD94F82E308DF85B3108
:1084E00047F6FF73559394F83C30256B8DF858315F
:1084F00094F83D30A28DADF859216E101A076FEA3D
:10850000050505F0010510D5E269931B4093236A28
:108510003244991B521B3344419142925B1B40AA47
:108520004EA9584643931AF0BBFD94F83D30DB0644
:1085300010D5626A931B4093A36A3244991B521B65
:108540003344419142925B1B40AA4EA95846439343
:108550001AF0A6FD5DB0BDE8F08F40A81DF0EAFD61
:10856000419BDDF80C914393D4E90D23409F1344C4
:10857000064697FBF3F203FB127703F0E7F94FF09F
:10858000020840ABDDF804A15490054656938DF8DF
:108590005481D14503DA284603F0F2F994E72846DE
:1085A0003246FF211FF087FA00203B468446864270
:1085B0000CDC4EA95846FFF747FA419B0133419323
:1085C000439B013343930AF1010AE2E7626B9A424B
:1085D00009DBD21A00FA82F003FA82F38DF8548193
:1085E00001300133E3E7A16B0A449342D4BF05F89D
:1085F00000C00023F2E7834272D1206B9142D4BFC6
:108600004191419201388A42B8BF0A4600F0010503
:1086100005EB6005013A40A95D1B439203EB600343
:10862000DBF808204095084642931DF036FA0028F2
:108630003FF44AAFA56B1DB1656B003D18BF012526
:108640002C2200214EA81FF036FA40AB4E9394F82E
:108650002E30A28D8DF84F3194F83C30ADF84D217D
:108660008DF84C31002D3FF42BAF40A81DF062FD7A
:10867000419BDDF80C914393804603F067F940ABD2
:10868000569302238DF85431D4E90D23419F549021
:108690001344064697FBF3F503FB1575B94501DA5C
:1086A000304679E74246FF2130461FF004FA636BFB
:1086B000AB42B4BF002201228DF85421A26B4EA917
:1086C000134458469D42A8BF0025FFF7BDF9419BC2
:1086D00001334193439B0133013543930137DDE778
:1086E000914204F1240704F11C0580F20C81294613
:1086F00008A81DF029FDDDE9086A39460AA81DF021
:1087000023FDDDE90A59AB1B0793A9EB0A03059387
:10871000AB1B83EAE372A2EBE372059B039283EA4D
:10872000E372A2EBE3720492DDE903318B42DCBF1A
:10873000039B0499226BC3BF0B465B0103995B014A
:1087400093FBF1F39A4911F8038002FB08F808F152
:108750003F084FEAE813B54206932B46A8BF3346BD
:10876000A3EBE813B54210932B46B8BF334603EB97
:10877000E813D14512934B46A8BF5346A3EBE81329
:10878000D145119310A94B46B8BF534603EBE813EC
:10879000DBF80820139308461DF07FF900283FF40A
:1087A00093AE069B03F0010101EB282CDDE90321C8
:1087B00000234FEA282724A80DF1C8088A42CDE9F2
:1087C00016331490CDF85480189340F3B1800AEB1F
:1087D0000C02049209EB0C020692AAEB0702039228
:1087E000AA1B9A42A9EB0707019340F39480039ACE
:1087F00000972B46314600F0F3F801230193049AC9
:10880000069B00932B463146404600F0E9F894F869
:108810003D3098061BD403230193AB1B53440093B4
:10882000059B40AFF31A31465246384600F0D8F85F
:1088300002230193079B4B440093059B4EAEEB1A1A
:108840004A462946304600F0CBF8CDE9167610A806
:108850001DF070FC0746FDF787F9FDF7ADFC0546F6
:1088600010A81DF0F6F8854203D910A81DF0F1F804
:108870000546284603F06AF8139B03932A46119B8A
:108880001393FF2106461FF016F92C22002119A888
:108890001FF011F910AB199394F82E308DF87B303E
:1088A00094F83C30A28D8DF87830DDF84490ADF826
:1088B000792010AB1F9621934FF00008039B4B4586
:1088C00046DA139B119A9A4208D0013B139319A9D7
:1088D000022358468DF88030FFF7B6F8304603F093
:1088E0004FF824A81BF0EFFE32A81BF0ECFE94F822
:1088F0003D3099063FF5E8AD40A81BF0E4FE4EA8D8
:108900001BF0E1FEE0E5394608A81DF01DFCDDE99D
:10891000086A2946F2E6069B049A009331462B46E4
:1089200000F05EF80123CDE90073039A2B466AE755
:10893000CDE90093524605EB0C030CEB060100F069
:108940004FF80123CDE900935246EB1BF11B5BE787
:1089500006EB080A5146109A00974B4614A81BF0E4
:1089600096FE01468DF8800018B93A4650461FF031
:10897000A2F8B84407EB08039D4205D9139B0133C5
:10898000139309F1010999E7022319A958468DF8B3
:108990008030FFF759F8139B2A460133FF213046F8
:1089A000119313934FF000081FF085F8E9E700BF1B
:1089B0002EFF060038B5094C0025D4F83C0108B15B
:1089C00002F0DEFF04F59E701C2107351BF0B8F99C
:1089D0001C2D04F11C04F0D138BD00BF989E00206E
:1089E0002DE9F843089E9DF8249015460F4638213E
:1089F000044698461BF0A4F9B54204D1B9F1030F1F
:108A000009D1013D013EB54205DD2B4635461E46E6
:108A10003B464746984639462A4604F108001DF071
:108A200098FB3246414604F110001DF092FB237E74
:108A300069F3020323762A46394604F11C00A8EBA9
:108A40000707761B1DF085FB87EAE77286EAE67367
:108A5000A2EBE772A3EBE6739A4294F83430304805
:108A60002060D4BF0022012262F3000384F8343076
:108A70000022DB07C4E90922227121D537B14FF466
:108A8000801393FBF7F373439B12A36236B14FF449
:108A9000801393FBF6F37B439B126362A26A217EF1
:108AA000E26211F007014FEAA2031BD194F83410DF
:108AB0006FF3410184F83410002AB8BF5B4222E012
:108AC00036B14FF4801393FBF6F37B439B12636242
:108AD00037B14FF4801393FBF7F373439B12A362F8
:108AE000626ADCE7012904D194F8341041F00201F4
:108AF000E0E702290AD1002AD8DD94F8342042F0B8
:108B0000020284F834202363BDE8F8830329D3D11B
:108B1000002AE9DD94F834206FF34102F1E700BF49
:108B2000653D06002DE9F347DDF828A040F2671403
:108B3000A3421E46A8BF26465445A8BF544626EA6F
:108B4000E67624EAE474B4420546BABF04F5B4708C
:108B5000801BA01B80B21F46A5F88800C5E90464ED
:108B600005F10800914688461DF0F3FAB32F134B28
:108B70002B60D8BF00224FF00103C8BF0122BAF119
:108B8000B30F2B7118DDA4F1B403B32B94BF0027EE
:108B90000127009233B24A46414605F118001BF006
:108BA000A8FD23B24A46414605F150000A9702B09B
:108BB000BDE8F0471BF09DBD1F46EAE74D410600AA
:108BC0002DE9F04F06468DB008460C4690461D46EE
:108BD0001DF0B0FA074620461DF0B1FA2368B360D5
:108BE0006368F3608742A8BF0746A36833617F10BC
:108BF0004745E368A8BF474627EAE778C6E905384E
:108C0000337F65F300033377B74B3360002F4FF0AA
:108C1000020333714FF0000503DC35620DB0BDE88F
:108C2000F08FB24B1946D3F8542142451ED11C2374
:108C300003FB05120F2FD2F8500100F10100C2F81A
:108C40005001D2F84C21CCBF4FEA28100120024439
:108C50006B43CC18B2F57A7F03F59E73A8BF4FF42F
:108C60007A720B44C4F84C213362D7E70135042DE6
:108C700003F11C03D7D19E4B00245A6932B9002C52
:108C800035D0196922699142B8BF1C46013D03F1F4
:108C90001C03F2D16CBB1C2002F060FE4FF0FF33CE
:108CA0000446236134622068C4F8188008B102F0D9
:108CB00067FE062008FB000002F048FE00EB4803B8
:108CC00002334FEA8806E360331D0344012FC4E9F1
:108CD000000008F10109A3601AD1B4230370E2680F
:108CE00000231380E2685780A268138096E71C4631
:108CF000CCE763690F2F03F101036361CCBF4FEA37
:108D000028130123B3F57A7FA8BF4FF47A73C8E71D
:108D10004FEA091002F022FEC6F101030093B310DE
:108D20000493002300EBC90208939B460DF1100E3B
:108D30000DF1200C4FF00009009F002F36DC07EBEF
:108D40004B07033700970BF1010BB34537DCB71026
:108D500009F101094EF8047BB9F1040F06F003078D
:108D60004CF8047BE8D19DF82C10049F01910799E1
:108D70008F424FEA830E03F1010C6BD140F8237050
:108D80000899019F42F823500F443946099F3944FE
:108D90000A9F39446768F9546768F95C0901F95416
:108DA0006346B34505F10105C0DD0BE00099ABEB6F
:108DB000060701EB4707791D0091013EC3E7B9F1B2
:108DC000040FD0D003F18047013F40F2D32150F887
:108DD000276001FB08F8B6EBA82F4FEAA8254FEA59
:108DE000870103D152F82760B5421DD0C8F30908A6
:108DF0000431B8F5007F4550C8BFC8F580685550AC
:108E0000C8BF08FB08F86168D5BF08FB08F84FEA3F
:108E1000E8384FEAD838C8F10F0801F803806568D0
:108E2000E95C0901E9540133991E1D46002978DAED
:108E3000002B03F1FF31D8BF002103EB010CE168E7
:108E400000230B801946614579DB0DB0BDE8F04F7A
:108E500002F096BD791E029105998F420EF1040A27
:108E600021D040F80E7042F80E506168089FCF5430
:108E70006768F95C0901F954029940F80A10019FEA
:108E8000099942F80A500F4439460A9F043139447F
:108E9000676807F80C10676817F80C10090107F8E5
:108EA0000C1002337DE7069940F80E708F4242F8AD
:108EB0000E5008991ED067680397099F3944039F95
:108EC000F9546768F95C0901F954029940F80A10ED
:108ED00042F80A5061680291019F0A990F4439468D
:108EE0000831029FD5E700BF57440600989E002036
:108EF000D49F0020099F01EB07090A998944616802
:108F000001F803906768F95C0901F954029940F887
:108F10000A1042F80A50019F61680C3701F80C7082
:108F2000B9E752F8216040F8256050F8216042F816
:108F300025606668775C77550139013576E7E56825
:108F400025F81310A56850F8216025F813604FEA42
:108F5000430E52F82150AB4201D1614501D101339A
:108F600071E7A66850F8217036F80E50BD42A8BFD0
:108F70003D4626F80E500131EBE700BF2DE9F04FDA
:108F8000B1B06FF009083C9D0A939DF8F8300F913D
:108F90000C92D5E910012A6B1293EB6A29926A6B45
:108FA0002A925F4230AA02E903004FF00A092B9788
:108FB00097FBF9F708FB07F838B2A8EB030801F0B4
:108FC0006BFF7E1C834630B201F066FF064607F158
:108FD0005A0000B201F060FF824607F15B0000B268
:108FE00001F05AFFA9EB080208FB00F30AFB023369
:108FF00093FBF9F35B1128932E9B0F981B022C9384
:109000002F9B08FB06F60BFB02661B0296FBF9F68C
:1090100076112D9327961DF08DF883460F981DF03D
:109020008EF8129B16900F2B07D110201DF051F9CE
:109030000BFB00F3139300230FE0129B142B04D0BF
:10904000062B73D14FEA4B03F4E74FEA4B0313931C
:109050003F9B169A139901FB0233109395F84D30FC
:1090600003F00802C3F3C0031793EB6A1A92149338
:10907000002B66D10A9B296C2A6B686B013B5B1A3B
:10908000534301EB23213A9B6A6C013B9B1A4343F8
:1090900002EB23220F9B9B688B42A8BF0B461D4609
:1090A0000F9BDB689342A8BF13461E460F9BD3E974
:1090B0000007BA42A8BF3A4620AB8142A8BF01468A
:1090C000009323A81FAB1BF0EEFB22AB29460093B5
:1090D000324621AB1BF0E7FB1FA80FC8BBF1010F05
:1090E000C5BF121A1202149A0BF1FF35C8BF92FBCA
:1090F000F5F20B92169A012AC5BF5B1A1B020023D8
:1091000002F1FF32C8BF93FBF2F31B9300F180031F
:109110000D9301F180031D93002319931593DDE94D
:109120001532934213DB31B0BDE8F08F12981DF079
:10913000D0F80BFB00F31393129B122B7FF47BAF41
:1091400086E700230B931B931D930D93E4E7149B79
:1091500063BB1D9B199A03EB22231193149B0E935F
:10916000129B063B0E2BDED801A252F823F000BF63
:109170009D92040027910400279104002791040088
:1091800027910400279104002791040027910400EF
:10919000639204002993040011920400DF920400FA
:1091A000B595040027910400E59504000F9B0F99E5
:1091B0005D68159B1D4420AB00932A4609681FABD0
:1091C00023A81BF070FB0F9922AB00932A468968F5
:1091D00021AB1BF068FBBBF1010F219D1F99229B66
:1091E000209A12DD6D1A0BF1FF302D029B1A95FBB0
:1091F000F0F50B951B0293FBF0F30E9301F1800346
:109200000D9302F180031193AAE700230B93F4E777
:109210004FF000083F9DCDF87080CDF86080189B1E
:109220009B4571DD0D9B03EB282211120CD40A9B88
:109230008B4209DD1C98119B03EB2023181203D4E9
:109240003A9C844200F3F58000232B60189B0E9A11
:10925000013318931C9B13441C930B9B04359844B7
:10926000DDE74FF0000C3F99E0463F9BCB1A9B4552
:109270004ADD0D9B03EB2C252F120BD40A9BBB421E
:1092800008DD119B03EB28205FEA202E02D43A9BD5
:1092900073454BDC4FF000030B7095E00027DDF8C1
:1092A000FCC0BA463E46B3452EDD0D9B03EB27209E
:1092B00005120CD40A9BAB4209DD119B03EB2A215A
:1092C0005FEA212E03D43A9B734500F38F813F9BC5
:1092D0004FF0000203F816208CF80120E1E104238E
:1092E0000793179B06933F9B0A990C98CDE904B30B
:1092F0000E9B03930B9B0293119B01930D9B009379
:10930000DDE93A231BF020FB3F9B139A13443F9364
:10931000109B0BB15B441093159B1B9A0133159363
:10932000199B13441993FAE60323D9E72C06EAB2F2
:1093300054BFC2F17F02803AC3B259BF52004FF00E
:10934000FF365200012600063B980C9C0EFB007075
:1093500004EB0009205C1A9C087057BFC3F17F031F
:10936000803B5B004FF0FF3544BF5B000125002CC4
:109370003FD007EB060ABAF1FF3F31D00A9C5445B3
:1093800037DD0EEB050ABAF1FF3F23D03A9C544576
:109390002FDD3B9C19F806606543B04219F8055073
:1093A0001FBF5E43C3F5807700FB0766C6F3072641
:1093B000A8421FBF5543C2F5807300FB0355C5F398
:1093C00007252E4476100E700E9B98440B9B01319E
:1093D0009C444AE70A9C4FB9012C18D1012E16D1A2
:1093E000C2F1FF02424312120A70EDE7651EAF425E
:1093F000F3E78FB90136F3D00A9C012CF0D0BEF10F
:10940000000F10D1013502D03A9A012ADCD1C3F104
:10941000FF0343431B123FE70A9C04F1FF394F450A
:10942000EDD1012EEAE73A9A013A9645CCD1012DC9
:10943000ECE75FFA82F93B9C120659BFC9F17F093C
:109440004FF0FF32A9F1800901221F064FEA810780
:1094500000FB04770C9C04EB070CE7591A9C2F6067
:10946000DEB259BFC6F17F064FF0FF33803E0123C5
:10947000002C00F082808F187C1C74D00A9CBC42A7
:109480007BDDC7187C1C68D03A9CBC4275DD5CF85B
:10949000220021900CEB82013B9ACF7853430CEBD6
:1094A00003025CF8030092F803A02290BAF1000FC7
:1094B0000ED1EB78C6F1FF0673431B12EB7057BB5E
:1094C000EB78C9F1FF0909FB03F31B12EB70BDE652
:1094D000229928681CF018FF0028F0D1EA784AB1D8
:1094E000C6F1FF0306FB0AFA02FB03AA4FEA2A2A87
:1094F00085F803A08DF88B60296822981CF0FBFF8B
:10950000C0F3072328706B70C0F30743C0F30760F4
:10951000AB70E870D3E7219928681CF0F5FE0028AD
:109520007FF494AEEA783AB1C9F1FF0309FB07F77B
:1095300002FB03773F12EF708DF88790296821981E
:109540001CF0D9FFC0F3072328706B70C0F30743EA
:10955000C0F30760AB70E87078E60A9B51B9012B45
:109560001DD1012A1BD1EB78C9F17F0909FB03F357
:10957000DB11ABE7013B9942F2E729B90132F2D0A6
:109580000A9A012A04D1EEE70A9C671EB942F8D074
:1095900050B9013303D03A9B012B7FF457AEEB78DF
:1095A000C6F17F067343E3E73A9A013A90427FF4AB
:1095B0004DAEF1E7179B089300230793109B06938A
:1095C0003F9B0A990C98CDE904B30E9B03930B9B28
:1095D0000293119B01930D9B0093DDE93A231BF04D
:1095E000A7FA91E6179B08930123E6E73B9C0EFB45
:1095F00004590C9C4C44C2B21C9400060C9C54BFF1
:10960000C2F17F02803ACBB214F809803F9C59BF67
:1096100052004FF0FF3052000120090654BFC3F141
:109620007F03803B04F8168054BF5B005B001A9CEC
:1096300054BF189318934FF0FF3354BF4FF0FF31CE
:1096400001218CF80130002C46D02C18631C36D038
:109650000A9BA34240DD0EEB01042346013428D0CF
:109660003A9C9C4238DD1C9B185C3B9B59431C9BDD
:109670008045595C07D0189BC3F58075584308FB9B
:109680000500C0F3072088451FBF5143C2F5807312
:1096900008FB0311C1F307213F9B0844401003F866
:1096A00016000E9B9A440B9B01360CF1020C1F44D2
:1096B000F9E50A9B6DB9012B1CD101281AD10C9B2D
:1096C00013F80930C2F1FF0253431B128CF801302A
:1096D000E7E7591EA942EFE7ADB90130EFD00A9B89
:1096E000012BECD0BEF1000F14D1013102D03A9B16
:1096F000012BD6D10C9B13F80920189BC3F1FF0353
:109700005A431212E8E50A9B03F1FF384545E9D1B7
:109710000128E6E73A9B5A1E9645C2D10129E8E79F
:109720002DE9F04F9DF82C709DF83060012FDDE998
:10973000095440F08480063E0C2E1DD8DFE806F068
:10974000171C1C1C1C1C1C1C1C076363300002F132
:10975000FF3C04FB0CFC4FF0000E72450CDD0EEBE1
:109760004E06064401EB0C074FF0000842E0561E7F
:1097700066430027BA4201DCBDE8F08F01EB060822
:10978000BE464FF0000C634502DC0137361BF1E7A3
:1097900010F80E9008F8019BAE440CF1010CF2E7B2
:1097A0006708541E7C436FF0010601EB44016D080D
:1097B0007E430024A242DFDD8E46A446002705E05A
:1097C00030F81C802EF8028BAC440137BB42F7DC2A
:1097D00001343144EEE796F8009007F8039C96F8C0
:1097E000019007F8029C96F8029007F8019C08F196
:1097F00001082E44434507F10307ECDC0EF1010E8E
:10980000ACEB040CA9E7A708541E7C436FF00306D9
:1098100001EB84014FEA95087E430024A242ABDDB0
:109820008E46A446002705E050F82C504EF8045B05
:10983000C4440137BB42F7DC01343144EEE7022F68
:1098400040F0AD80063E0C2E96D801A757F826F0C2
:10985000AB98040079970400799704007997040085
:1098600079970400799704007997040079970400A8
:1098700079970400859804005999040059990400C7
:10988000E398040003F1FF3C4FF0000804FB0CFCDC
:1098900002EB420AC1464B457FF76EAF0CEB0A065E
:1098A00000EB080E0E4400274CE05E1E002704FB70
:1098B0000626BC4663457FF75FAF00EB070801EB68
:1098C00006094FF0000E724504DC0CF1010C2F4428
:1098D000361BEFE718F801AB09F801AD0EF1010EE8
:1098E000F1E766085C1E06FB04246FF0010701EB3C
:1098F0004401002477436D082646B3427FF73CAF0E
:1099000000EB44088E464FF0000C6245AEF1020EAB
:1099100003DC013639442C44EFE738F8029BAEF8FB
:1099200000900CF1010CF0E71EF803BC06F803BC34
:109930001EF802BC06F802BC1EF801BC06F801BC09
:109940000137033EBA420EF1030EEDDC09F10109C5
:10995000A844ACEB040C9EE7A6085C1E06FB04249E
:109960006FF0030701EB840100247743AD0826461E
:10997000B3427FF701AF00EB84088E464FF0000C36
:109980006245AEF1040E03DC013639442C44EFE7A6
:1099900058F8049BCEF800900CF1010CF0E7032F6F
:1099A0007FF4EAAE063E0C2E3FF6E6AE01A757F86E
:1099B00026F000BF099A0400799704007997040003
:1099C0007997040079970400799704007997040047
:1099D0007997040079970400E99904009B9A0400A0
:1099E0009B9A04003D9A04004FF0000803EB4309E2
:1099F000C64672457FF7C0AE0EEB4E0C08EB09066B
:109A000084440E44002742E000273E461944B242F7
:109A10007FF7B2AE01EB070EB0464FF0000C634586
:109A20000EF1FF3E02DC01362744F0E710F8089003
:109A30008EF80090A8440CF1010CF0E76D0824F0BA
:109A4000010401EB43010026B2427FF795AE8C463C
:109A5000B646002705E030F81E80ACF80080AE4422
:109A60000137BB42ACF1020CF5DC01362144EBE7D7
:109A70009CF800A006F803AC9CF801A006F802AC24
:109A80009CF802A006F801AC0137AC44033EBB428F
:109A9000EEDC0EF1010EA044ABE7AD0824F00304A8
:109AA00001EB83010026B2427FF766AE8E46B046D8
:109AB0004FF0000C06E050F82870CEF80070A84473
:109AC0000CF1010C6345AEF1040EF4DC01362144C7
:109AD000E9E700BFF0B5478A85B00546C7F3080738
:109AE00000224FF0140E93B29F4201D800202EE0C6
:109AF000AB680EFB02F69C1953F806C0A088A1EBD8
:109B00000C0383420CD2A07C022802D1E0881844C6
:109B10001DE038B9E068C35C002BF7D18C45F5D067
:109B20000132E0E7032814D1ADF80E30144B228A3D
:109B30000093A16802230DF10E001DF04BFD30B122
:109B4000AB6833449A68DB88801A03EB600005B089
:109B5000F0BD0128CAD1ADF80E30094B228A00931E
:109B6000A16802230DF10E001DF034FD0028EED097
:109B7000AB6833449A68801ADA68DB88105AC6E703
:109B8000F15106002DE9F8430368D3F818900369F2
:109B90000E46002B00F0EC80C27BD9F8044012F096
:109BA000020204EBC30709D054F83330D9F800603F
:109BB000C3F313031E443046BDE8F883387979793E
:109BC00011FB00F1002900F0D58099F813103F290E
:109BD00001F0C00803D9B8F1C00F40F0CD8054F8AF
:109BE0003330D9F800403569C3F313030E211C4408
:109BF000FCF74EFD99F8133003F01E03022B40D101
:109C000000210A4616E012F00702237818D143F328
:109C1000C013DBB205F80C3001320CF1010C3B79BA
:109C20006345F0DCB8F1C00F02D10AB10134002263
:109C3000054401317B798B42BDDD4FF0000CEEE72E
:109C400002F1FF3EBEF1050F16D8DFE80EF0030665
:109C5000090C0F1243F38013DBE743F34013D8E7FB
:109C600043F30013D5E743F3C003D2E743F3800384
:109C7000CFE743F34003CCE743F30003DBB2013407
:109C8000C8E7042B32D10021DFF8F0C00A4616E005
:109C900012F00302237819D19B091CF8033005F850
:109CA0000E3001320EF1010E3B797345F0DCB8F154
:109CB000C00F02D10AB101340022054401317B7981
:109CC0008B427FF778AF4FF0000EEDE7012A02D10B
:109CD000C3F30113E1E7022A02D1C3F38103DCE7F6
:109CE00003F0030301341CF80330D8E7082B28D114
:109CF0000021DFF88CE00B461CE0227813F0010312
:109D00000BBF120902F00F021EF802201EF80220FB
:109D100005F80C2018BF01340CF1010C01333A791D
:109D20006245EADCB8F1C00F02D10BB10134002367
:109D3000054401317A798A427FF73DAF4FF0000C3C
:109D4000EDE7102B7FF437AF00210AE012F8014B4A
:109D5000EC54013397F804C09C451446F6DC0544E6
:109D600001317B798B427FF726AF22460023F1E752
:109D70001E4620E70E461EE716461CE74FFF06006C
:109D800053FF06002DE9F043092A876985B0804614
:109D90000C461646994605D0002A41D1002005B050
:109DA000BDE8F08320213846FFF794FE05460028E1
:109DB000F4D0FB68002B35D100207A683B8A02EB97
:109DC000C502092E518800FB03F3C1F30B100146B5
:109DD0004FEA231304BF01B2490008330B441B09A7
:109DE000A380537923811179E18092F90630638150
:109DF00092F90730A381FB7CC3F34302A27313469D
:109E0000FA7C256102F0C002C02A04BF1033A3739C
:109E1000E37B092E6FF30003E37360D00120BEE7FC
:109E20001146C0E7B9F1000FC6D0D8F8180049466E
:109E3000FFF750FE0028BFD0D8F81820D2F80C80C9
:109E4000D27C930634D498F80B203F2A17D8D8F840
:109E50000090244BCDE90250D8F80820009322F05E
:109E600040420223494602A81DF0B4FB0028A4D0BA
:109E7000A0EB09004010D8F8043018569DE702F016
:109E8000C002402A98D1D8F80090174BCDE9025073
:109E9000D8F80820009322F040420423494602A843
:109EA0001DF098FB002888D0A0EB09008010E2E7A5
:109EB000D8F80420D8F80810525D095C002A3FF455
:109EC0007BAF00293FF478AFD8F8003098F80D0048
:109ED000013A0B4400FB023313F9010C6DE7490012
:109EE000E1809BE7CD510600DF51060001460348A3
:109EF00009B91CF063BE1CF067BE00BFDC9E0020E9
:109F0000014B186D704700BF989E0020014B586DA3
:109F1000704700BF989E0020F8B5837A43F0020393
:109F20008372274B1A6D824204BF00225A65037860
:109F3000013B012B04460D4609D8866E41B94167A5
:109F40006EB9206F0023E366F0B90023A367F8BD64
:109F5000436F994204BF00234367B14221D10027D8
:109F600022461721A7663046F9F7C4FE324617216C
:109F700020461BF068F9002DE3D0E36E206F9D4270
:109F800008BFE766854214D10026224617212667BE
:109F9000F9F7B0FE3246172120461BF054F945B9B7
:109FA000D3E7C36E994204BF0023C366036F99428F
:109FB00003D0A36F9D42CAD1C7E70846E4E700BFBC
:109FC000989E002038B50D4618B1BDE83840FFF71F
:109FD000A3BF08481CF0F2FD044610B9064B5865B3
:109FE00038BD20462946FFF797FF2046FFF77EFF42
:109FF000F2E700BFDC9E0020989E002010B5034CC5
:10A00000A06DC00001F0A2FCE06510BD989E00208C
:10A0100013B516220021044610F083FC10F0FF0354
:10A0200001900ED0084A916D8B420AD8D26D02EB96
:10A03000C30152F833304968204602B0BDE81040F1
:10A04000184702B010BD00BF989E002037B50D46DE
:10A0500014462B7CC96843B90C2220461DF035FC00
:10A060002378192B2BD1012021E0012B1CD108468C
:10A0700000F0FCFE14491DF06BFDB8B901AB0C22D9
:10A08000214605F114001CF06FFB78B9019B0C2BE5
:10A090000CD12378192B1EBF63701923237063889A
:10A0A00043F020036380DBE7022B02D0002003B0E3
:10A0B00030BD0E2353704FF001135360D0E7638817
:10A0C00023F001036380CEE7843907002DE9F043D4
:10A0D00090F82150D0F84880072DD8F8009085B02E
:10A0E00004460ED0A5F10803DBB2022B0BD8204AA0
:10A0F00032F81370638C1B0707D5D8F820301E691F
:10A1000020E00827F6E70027F4E7237C012B26D17F
:10A11000384601F01BFC064670B103AB00930246C3
:10A120003B460C2148461BF0ABF810B9039B9F42FD
:10A1300006D0304601F024FC002005B0BDE8F083D5
:10A14000C8F80460072D26630DD0083DEDB2022D3E
:10A150000BD8084B33F8153063630120EDE7002B73
:10A16000EAD1E368CBE70223F6E70023F4E700BF78
:10A170006AED060064ED06002DE9F04F054685B056
:10A18000D0F848A090F8210000F000FE2C8DB5F822
:10A1900026B0E600B6FBF0F60096A98C80460E23AA
:10A1A00032485A4611F016FB0BFB04F4074648B33D
:10A1B0006B8CD0F810901B0711D5DAF82030196994
:10A1C000224648461DF081FB95F821300E2B1FD109
:10A1D000CAF81C700120EF6205B0BDE8F08F2B7C3F
:10A1E000012B11D103AB0093DAF8000023464A4655
:10A1F0000C211BF045F810B9039B9C42E4D0384673
:10A2000011F064FB0020E7E7002BDDD1EB68D6E717
:10A210000BFB06F60123701E03FA08F3013C013B19
:10A2200048444C44DBB2861B0021B042D0D0227897
:10A230000A411A4018D0C4469146BCF1070F07D90D
:10A240004144C9B2072900F80199EED9013CEBE776
:10A25000CCF1080E02FA0EFE49EA0E0EC4445FFA73
:10A260008EF95FFA8CFCE8E79146E9E7909F0020C1
:10A270002DE9F0430B7C012B87B006460C4643D1F9
:10A28000C86800F0F3FD67491DF062FC68B920461C
:10A290001BF039F8054640B1A0640C2001F056FBD4
:10A2A000074638B920461BF003F80025284607B0BA
:10A2B000BDE8F083E16802221CF066FB18B1384665
:10A2C00001F05EFBEEE72F60628C94F821301007FE
:10A2D00004D5002520461AF0EBFFE7E7DA1F032A32
:10A2E0000BD8E379002BF4D12046FFF7EFFE0128CD
:10A2F0000546EFD14FF0000825E00B3B032BF9D8C2
:10A300002046FFF739FFF2E7002BE2D1CD682B6939
:10A31000002BCAD04B8C95F801901907D9D4A9F11C
:10A320000703032B05D820461AF0EDFF0028D8D1EB
:10A33000BBE7A9F10B03032B0FD8B9F10E0F06D120
:10A34000E5624FF00108E76A87BB0125AEE72046CA
:10A350001AF0D9FF0028D3D1A7E720461AF0D3FF7F
:10A360006B88DA0619D42B8900F12408E3B90FCDE4
:10A370006F460FC795E8030087E803004846BDF81D
:10A38000045000F003FD68430730C010ADF808002A
:10A390006946404611F07AFB4546E5622B89002B61
:10A3A000CFD1238D2B81CCE72946F2E7638CDB07E5
:10A3B00003D50121384611F065FB39462046FDF7EB
:10A3C000F5FA054600283FF46DAF874224D02046B9
:10A3D0001AF06EFF20461AF096FFC561E562A57976
:10A3E000002DB2D100F056FA0028AED0237C8DF8B3
:10A3F0000830E26AE3680193D36800936946A36C6E
:10A400003046FDF7B3FA00283FF44CAF60642046B5
:10A410001AF079FFC56198E7E762B8F1000FDED066
:10A4200093E700BF843907002DE9F04F91F82190A0
:10A430001D46A9F1070387B0DBB2032B0E46049239
:10A44000029303D9A9F10F03052B7BD8D6F848A0B6
:10A45000BAF1000F76D04846DAF800B000F096FC6A
:10A46000044604981BF066FE337C804A012B14BF1F
:10A4700000230C2303936B689342804666D1029BB2
:10A48000032B8CBF4B4610230593002300930246F9
:10A490000599DAF84000012311F0F5F90746A0B953
:10A4A000DAF8400020B111F011FA0023CAF8403068
:10A4B000002300936E48059B0122414611F08AF962
:10A4C000074600283ED0CAF84000049B0FCB85E821
:10A4D0000F00E960049B6A68DB68D7F810A09A4215
:10A4E00030DC029B032B00F284802868318D082326
:10A4F000B3FBF4F3B0FBF3F503FB1505736B5143AA
:10A5000001EB83016043039B01EBD0011944337CD1
:10A51000012B23D104FB08F30733DB080133184672
:10A520000391029301F012FA044658B100220092FE
:10A53000029B0399024658461AF0A2FE88B12046B3
:10A5400001F01EFA002007B0BDE8F08F01336B6008
:10A55000EB680133EB60DAF84070BBE7F3681C6925
:10A560000C44B9F1090F27D0B9F10A0F2CD0B9F179
:10A57000080F19D085F007056DB22046012101238F
:10A580008B40013BD6F830E09BB24FF0000CC1F19C
:10A590000809E0451CDC337C012B02D1204601F088
:10A5A000EFF9F7620120CEE704EBA500ED4305F0DB
:10A5B00003056D000221E2E704EB6500ED4305F0C1
:10A5C0000105AD000421DAE7601908210025D6E76E
:10A5D00002782A411A40D2B26D1A6DB2002D5EF88F
:10A5E00022204AF82C20BCBF4D4601300CF1010C52
:10A5F000CFE7A9F10F03042B13D82968039804FBB4
:10A6000008F34C43318D514301EBD40100220092F9
:10A61000DB085246014458461AF032FE002891D118
:10A62000BFE7B9F1140F8DD12B68318D3C890398A8
:10A630001B01514301EBD301002300930144234646
:10A64000524658461AF01CFE00287FF47BAF2B6858
:10A65000318DF28C6D6800900C3301FB023C49088F
:10A6600043460AEB040205FB01C1D4E7010000E008
:10A67000909F002010B5FDF76BF9044680B10949A1
:10A6800011F06EFF0849204611F06CFF0749204683
:10A6900011F06AFF0649204611F068FF054B23615F
:10A6A00010BD00BF4DA0040071A2040029A4040045
:10A6B000E95206008839070070B5204C2678002E34
:10A6C0003BD14FF4DE72314620461DF0F4F94FF4D1
:10A6D0004771201D1CF0CAF9E42104F144001CF06C
:10A6E000C5F9174B63668C231648E36201254223A4
:10A6F000236784F82450A56500F00AFC1DF076FD60
:10A70000FBF7B4FF1CF086FF00F0BCFD00F092FBED
:10A71000FFF774FC00F080F9F9F74EFA11F0C9F96F
:10A72000FDF790FCFAF702FB10F04AFD3146304687
:10A73000FDF79EF8FFF79EFF257070BD989E0020E4
:10A74000D4C3B2A1CDAB341210B5044640681AF0A0
:10A75000D1FE044B014604222046BDE810401CF007
:10A7600065B900BF5355060038B50446406810B9B6
:10A770000025284638BD2569002DF9D0A369002B96
:10A78000F6D01AF0B7FE2946021D04F124001CF091
:10A79000A0FB05460028EBD0042104F130001CF09A
:10A7A00065F9014BE363E4E74B55060038B5044611
:10A7B000406810B90025284638BD2569002DF9D01C
:10A7C000A369002BF6D01AF095FE2946021D04F16C
:10A7D00024001CF07EFB05460028EBD0042104F188
:10A7E00030001CF043F9014BE363E4E74F550600EA
:10A7F00030B5124CD4F81C3187B00546DBB9104B8C
:10A8000093E8070006AB03E9070013E903002A46B3
:10A810008DE80300039B0B4818211AF0BDFD0A497F
:10A82000C4F81C011AF047FED4F81C01003818BF08
:10A83000012007B030BD0120FBE700BF989E00203B
:10A8400074B4060080DD06008C39070030B504467C
:10A8500087B000F055F80E4D3CB9D5F81C012146E3
:10A8600007B0BDE830401AF01EBE1822002168462D
:10A870001FF0A1FE2046019411F09CF900228DF8F2
:10A8800008006946D5F81C011AF0E4FD07B030BD98
:10A89000989E0020024BD3F81C011AF007BE00BF9F
:10A8A000989E002030B5124CD4F8203187B0054670
:10A8B000DBB9104B93E8070006AB03E9070013E987
:10A8C00003002A468DE80300039B0B4818211AF069
:10A8D00063FD0A49C4F820011AF0EDFDD4F8200107
:10A8E000003818BF012007B030BD0120FBE700BFD2
:10A8F000989E002080B40600ACDD06009239070067
:10A9000030B50F4D87B0044638B90146D5F820015F
:10A9100007B0BDE830401AF0C6BD1422002101A8DE
:10A920001FF049FE2046009411F044F900228DF8F2
:10A9300004006946D5F820011AF08CFD07B030BD3F
:10A94000989E0020024BD3F820011AF0AFBD00BF43
:10A95000989E002010B50446014606481CF0EEF80B
:10A9600063690BB1204698472046BDE8104001F0CE
:10A9700007B800BF449F002010B50A4C012304F122
:10A98000AC0084F8A4301CF019F928B9D4F8A80058
:10A99000BDE810401CF00ABED4F8A800BDE8104085
:10A9A0001CF009BE989E002070B5436805460BB99F
:10A9B00083682BB11748174E1CF000F9044604B900
:10A9C00070BDA54221D0636B002B03DA94F85C3094
:10A9D000DB061AD522682B689A4216D16368A3B1A8
:10A9E0006A68934211D10B4821461CF0A7F86369AD
:10A9F0000BB120469847204600F0C2FFFFF7BCFF8E
:10AA000004481CF0DBF80446D9E7214630461CF028
:10AA1000DBF8F8E7449F002010B5094C6021204680
:10AA20001CF024F800222121064800F039FC44F8EB
:10AA3000040CFFF7A1FF002324F8083C10BD00BF61
:10AA4000449F0020C5AA040010B5602204460021DE
:10AA50001DF031F84FF4FA7323630023636264231B
:10AA6000E36201236364044B236294F85C3043F097
:10AA7000100384F85C3010BD95580600F8B5044604
:10AA80000F480F4F0D461CF099F8002608B93046C4
:10AA9000F8BD0368A34200D064B94368AB4200D05C
:10AAA00045B9FFF757FFFFF767FF38461CF086F8F8
:10AAB0000126EBE7014638461CF086F8E6E700BFC2
:10AAC000449F00202DE9F047724D95F8A53005F11F
:10AAD000AC0083F0010385F8A5301CF06FF8002767
:10AAE000044605F1AC060CB9BDE8F087206D1DF0F9
:10AAF00088F894F85C30DA0740F18F80606D1DF0C3
:10AB000080F8A26D531C0BD0824209D894F85C30B7
:10AB10006FF3000384F85C30636B9B1A1844606326
:10AB200000F04CFF206585F8A47094F85C30D807DD
:10AB30006DD495F8A520C3F38001914267D062F3EC
:10AB40008203190784F85C30DAB21ED4636B002BE1
:10AB50001BDBD30609D4A3693BB120469847636A3F
:10AB600003446362E36A0344E36220461AF02BFF66
:10AB7000E3680BB12046984794F85C3043F0080333
:10AB800084F85C302046FFF70FFFD4F83490B9F119
:10AB9000000F39DB236B9945C8BF63632046236AE6
:10ABA000D4F834A09847A36A834280463CD06368B7
:10ABB000A06213B101462068984795F8A430002B95
:10ABC00036D1A3686BBB636B534501D1C4F8349095
:10ABD000D4E90C03834217DB94F85C10626C11F02B
:10ABE000020129D0002A33D12B4821461BF0A6FFB1
:10ABF000FFF7C2FE2369002B48D163690BB12046E1
:10AC00009847204600F0BCFE95F8A43083B9214651
:10AC100030461BF0D9FF044665E7636B034463636A
:10AC20007EE741462046984795F8A430002BCAD0CD
:10AC300030461BF0C3FFEEE7D4F83CC02AB1B2F1B6
:10AC4000FF3F05D0013A626412B9BCF1000FCBD0CE
:10AC50008342226CCCBF1B1A00239B1AE26B6363F6
:10AC6000002AD1D011B9A36B5B426363B1FA81F3BF
:10AC700094F85C10E0635B0963F34101636A84F854
:10AC80005C10E16A6162C4E90B32BDE72046984777
:10AC9000B3E700BF989E0020449F002038B50546CA
:10ACA00021481BF0EBFE044600283BD060222946D9
:10ACB0001CF00BFE2B68AB421C4B08BF246093F8C2
:10ACC000A52094F85C3062F3820384F85C3000F0D5
:10ACD00075FE94F85C3020656FF3000384F85C30F7
:10ACE000DB061DD5A3693BB120469847636A034440
:10ACF0006362E36A0344E36220461AF064FE6B6811
:10AD00000BB9AB6813B12046FFF74EFE636813B171
:10AD1000616A20689847A36813B1616A2046984722
:10AD2000FFF72AFE204638BD449F0020989E002051
:10AD30002DE9F047054600200E4600F0A5FBDFF8A0
:10AD400048A004464FF0000914B94846BDE8F08712
:10AD5000204600F099FBA3685345074611D1D4F86B
:10AD60000C80D8F80030AB420BD1D8F80430B34295
:10AD700007D1204600F0BAFA404600F001FE4FF03D
:10AD800001093C46E0E700BF5B6206000638C0B23E
:10AD900020289ABF014B185C002070479F3907009C
:10ADA00018289DBF034B23FA00F000F0010000209B
:10ADB000704700BF807FF901FF2A034610B508469F
:10ADC00014D092B18B4210D0094C01EB014103EB3E
:10ADD00003432140234004325B1AD208534301EB62
:10ADE0005310204040EA104080B210BD1846FCE7E6
:10ADF0001FF8E007024BDA6E4261D866704700BF69
:10AE0000989E0020014B4269DA667047989E0020A8
:10AE1000074BDB6E03B970475A68824202D01A684A
:10AE2000824203D11A7E42F001021A765B69F1E791
:10AE3000989E0020014804211BF018BE44A0002069
:10AE400038B504460848084D1BF0B8FE014609B95C
:10AE5000084638BD08680378A342FAD028461BF09C
:10AE6000B3FE0146F3E700BF44A0002010B504463E
:10AE70001CF06CFE08B9074804E0235C2E2B02D1BD
:10AE80000130204410BD2F2BF5D05C2BF3D00138BE
:10AE9000F0E700BFB13D070000280EDBB0F5B47F3E
:10AEA0000FDA5928174B10DC33F8100047F6FF7300
:10AEB000984208BF4FF40040704700F5B47000B2EC
:10AEC000EAE7A0F5B47000B2E8E780B2A0F15A0258
:10AED000592A03D8C0F1B40080B2E5E7A0F1B4026A
:10AEE00092B2592A85BFC0F5B47080B233F812000F
:10AEF00033F81000044A054B4042904208BF184600
:10AF0000704700BF70ED06000180FFFF0080FFFF6B
:10AF1000014B9866704700BF989E0020122882B0AF
:10AF200002D902B01BF00FBA00EB4000094B1A180F
:10AF30001B5AADF804309DF80430002063F307007D
:10AF40009DF8053063F30F20937863F3174002B048
:10AF5000704700BFC0390700582882B024D839286C
:10AF600009D8212810D807283ED01C282DD0052824
:10AF70003AD0002327E03A381D4AC0B2012383406B
:10AF80001342F6D0FF231EE0A0F12202D2B2012329
:10AF90009340184A1A40002AF4D1174A1342E8D1C4
:10AFA0003428E6D10F230EE06D2808D86B2808D886
:10AFB0005A2817D0E6D95F380128E3D9D9E7742891
:10AFC000D7D14FF48073019309E000238DF8073047
:10AFD0000A4B1A889B78ADF804208DF8063001984A
:10AFE00002B07047064BEEE76FF06043EBE700BF3F
:10AFF000110408028D00010002808000F939070069
:10B000002CDA0600FF280FD068B18C2802D8074B35
:10B01000185C7047064A136B23B1926A7330C0B252
:10B020009042F5D3002070473F207047FC3907005D
:10B03000989E00202DE9F04F91B0064608939DF8A8
:10B04000703004931B9B0791039213B11B9A00234A
:10B050001360002E00F0FB80307800B3039B002BC0
:10B0600000F0F780049B13F003031BD07C49002001
:10B0700000E00130079B83420BD0335C0D2BF8D8E6
:10B0800041FA03F2D407F4D4079A824201D903B1FA
:10B0900001301B9B1BB11B9A4FF0FF33136011B0A3
:10B0A000BDE8F08F049A8DF8333012F00102099256
:10B0B0001A9A0D9318BF6FF060421A920193DDF84F
:10B0C00034B0079B5B4579D906EB0B03059316F863
:10B0D0000B30002B72D01A9B002B6FDD049BBBF151
:10B0E000000F01D143F004030293099B0598002B44
:10B0F0004FF000051A9B0E9518BF6FF060430EA924
:10B100000A931CF0C6F80E9B0F93029B009503F068
:10B11000080307464FF0FF3AA946A8462C460B9372
:10B12000059B1A5D002A42D005980FA91CF0B1F8C2
:10B1300009F1010306930B9B009063B139460DF1B1
:10B1400033001CF046F930B1DDE90E43DDF818900C
:10B15000009F0E93E4E7009A039839461AF001F82D
:10B16000804408B1089B9844BAF1FF3F09D1089B7D
:10B17000A8EB03020A9B9A4203DD029B59076AD49B
:10B18000A2460A2F32D00D2F30D00022354BD1B23B
:10B19000595C39BB00981CF0F6F820B938461CF011
:10B1A000F2F8002849D00E9CDDF818904546BAF117
:10B1B000FF3F21D0029B5A07544626D40D9C002CF9
:10B1C00040D10DA930461CF064F81B9B0146002BB2
:10B1D0003BD00398224619F0C4FF01901B9B019AB3
:10B1E0001A6032E08F4202F10102CFD1002CDED191
:10B1F000BAF1FF3FDED14546B9F1000F04D00D2F63
:10B2000003D1009B0A2B00D10E9C1A9B5B1B1A9347
:10B21000019B2B440193002CD0D033785C440A2B43
:10B220000D94CBD00D2BC9D0335D0A2B02D00D2B42
:10B230007FF445AF01340D94C0E7BAF1FF3F08BF7A
:10B24000454681E71B9B002BC8D10D9827E7304668
:10B2500025E7039823E7631CD7D1DDF81890CBE7E7
:10B26000FEDBFFFF893A0700054B0022C3F884206C
:10B27000D3F89C2012B1D3F8A0001047704700BF4C
:10B28000989E002010B5054C182120461BF0EEFBBF
:10B2900001232373BDE81040FFF7E6BF0C9F002099
:10B2A000F8B506460F480F4615461BF0E7FB044667
:10B2B000B0B14FF0FF330361037D07606FF300030C
:10B2C0000375866000F07AFB237D606043F0020323
:10B2D0002375054BE560012283F88320FFF7C4FF47
:10B2E0002046F8BD0C9F0020989E002038B5064DE2
:10B2F0000446014628461BF021FC0123AB7320467F
:10B30000BDE8384000F03CBB0C9F00202DE9F04721
:10B310005B4D95F888303BB9012385F8883095F866
:10B3200080302BB985F8883001263046BDE8F0879B
:10B3300000F044FB804640B9D5F898300133642BC7
:10B3400094BF1A460246C5F89820DFF838914FF0AE
:10B35000000A4846A5F882A01BF030FC044694BBC6
:10B360004848DFF820911BF029FC4FF0FF360446D7
:10B37000002C70D140461CF044FCD5F890300344BA
:10B38000D5F89400C5F890301CF03BFCB0F5FA7F7E
:10B3900013D3D5F8903064225343B3FBF0F0C0B21E
:10B3A00090429CBF101AC4B2002385F88140C5F8B2
:10B3B000903000F003FBC5F894000023C5F88460CA
:10B3C00085F88830B1E7214648461BF0FDFB237D18
:10B3D0000746D8072ED460681CF013FC23689842F7
:10B3E0001DD32669002E0FDD013E266100F0E6FA2E
:10B3F000A368606083B995F882300BB92369DBB12B
:10B40000B5F88230B3B1A4E700F0D8FAA368606061
:10B41000002BF0D0002EEED020469847EBE795F8B1
:10B4200082303BB923692BB9237D99070FD520467C
:10B43000FFF75CFF3C4692E7237D9A0703D5204641
:10B44000FFF754FFDCE743F001032375D8E743F02F
:10B4500001032375EEE7237D13F001070AD160682D
:10B460001CF0CFFB236898422CBF3B461B1A9E4220
:10B4700028BF1E46214648461BF0A6FB044677E738
:10B48000989E00200C9F00200146034809B91BF03C
:10B4900095BB1BF099BB00BF0C9F00202DE9F04F1E
:10B4A00093B091460B930B1E0A93A54B1C9E14BFA1
:10B4B00082469A4600250B9B187860B94D450A993B
:10B4C0002CBF09F1FF322A464B460020D0472846C0
:10B4D00013B0BDE8F08F0B9F252807F1010707D0B7
:10B4E0000A994B462A46D0476C1C0B972546E2E743
:10B4F00000230DE02D2A29D0302A06D0303A092A1F
:10B500004FF0000812D80A2431E043F001030F463F
:10B51000394611F8012B2B2A1BD0EBD8202A1BD03F
:10B52000232A1CD02A2A2AD04FF000083A782E2A43
:10B530007DD17978A1F13000092807F1010243F4A7
:10B5400080636BD800244FF00A0C28E043F002031C
:10B55000DDE743F00403DAE743F00803D7E743F0FD
:10B560001003D4E704FB0822A2F130080F46394645
:10B5700011F8012BA2F130000928F3D9D6E756F8CB
:10B58000048BB8F1000FBCBF43F00203C8F1000800
:10B590000F46CBE70CFB0411A1F130040246104624
:10B5A00010F8011BA1F13007092FF3D917463A46CD
:10B5B00012F8011B6C2943D03BD8682947D06A296F
:10B5C0004FD03A4612F8010B0B92782800F2A48172
:10B5D000612849D8252800F09F81242840F29C81C9
:10B5E00000F0F702502A40F0978158286DD050287B
:10B5F00067D179780B98562918BF384643F4887379
:10B60000102207463978582903F4806001D0502968
:10B6100078D100285FD123F00C035EE02A2905D100
:10B6200056F8044B023724EAE474C0E717460024B6
:10B63000BDE7742901D07A29C3D143F480730BE0AC
:10B6400079786C29F9D143F440730237B9E77978F6
:10B65000682903D043F080031746B2E743F0C003E4
:10B66000F3E743F40073F7E7A0F162023549D2B281
:10B670004FF0010C0CFA02F21140C1B9732800F02E
:10B68000ED80632840F0488113F0020400F0D3807D
:10B6900067460A9916F8040B4B462A4605F1010B3A
:10B6A000D047002C00F0D8803C465A46CCE000F051
:10B6B000DF02582A09D0502A9BD06F2807D0622871
:10B6C00007D023F010030A229CE710229AE70822F1
:10B6D00098E7022296E723F00D0343F0200313F4CA
:10B6E000007172D0CDE907830023CDE9042306F170
:10B6F000070B2BF0070B06940293FBE80223CDE91E
:10B7000000233DE069291FD064291DD0002859D0AD
:10B7100023F00D035629E2D1B3460A995BF8043BA6
:10B720005A681268119200922944A9EB05021B681D
:10B730005046FFF7B3FE05447B1C0B935E46BAE60A
:10B740001F7606008560480008B123F001039805C4
:10B750001ED5073626F00706B34670685BF8081B4F
:10B760000694CDE9078300230593C30F00280293B5
:10B7700004920B4602DA4B4260EB4000CDE9003008
:10B780000A994B462A4650461CF050F80546D3E726
:10B79000D90506F1040B01D5316802E058060CD535
:10B7A0003178CDE90224CDE9048300294FEAD17331
:10B7B0000193B8BF4942009112E01906ECD5B6F9E1
:10B7C0000010EEE723F00C03A4E7D80506F1040B04
:10B7D0000DD5CDE90483CDE90224019133680093AE
:10B7E0000A994B462A4650461BF0DDFFCEE7590624
:10B7F00007D53178CDE904830023CDE902240193F4
:10B80000D9E7316813F0800F18BF89B2F2E70A99BF
:10B810004B462020D047EA1901374745F7D3B8F106
:10B82000000F08F1FF3308BF002308F101071D4492
:10B8300008BF02272DE72746EDE7551C0A994B461E
:10B840002020D04701342A464445F6D3A8EB07030D
:10B85000B84538BF00239B445D462CE63246002C99
:10B8600052F804BB0C9214BF21464FF0FF315944EB
:10B870005A46107808B1914210D1A2EB0B0713F48D
:10B8800080620D9202D0A74228BF274613F0020320
:10B890000E9317D17B1B2A460F9307E00132E8E78E
:10B8A000561C0A994B462020D04732460F9BD3188E
:10B8B0009845F5D8A8EB0703B84538BF00237A1C94
:10B8C0001D449F185E46A5EB0B0B04E01C460A992D
:10B8D0004B462A46D0470BEB060516F8010B28B15C
:10B8E0000D9B002BF3D0631E002CEFD10E9B8BB170
:10B8F0002A467C1B05E0561C0A994B462020D0475F
:10B90000324613194345F6D3A8EB0703B84538BFB1
:10B9100000231D440C9ECEE50A994B462A466C1C1A
:10B92000D047E3E50CB41FB506AC0A4654F8043B17
:10B930000094014604480394FFF7B0FD04B0BDE84D
:10B94000104002B0704700BF1776060008B100F043
:10B9500043BC0148704700BFFC9E002038B5054637
:10B9600048B100F039FC044618B12A4600211CF009
:10B97000A2F8204638BD014CFBE700BFFC9E00202A
:10B98000034A904202D008B100F050BC704700BF9B
:10B99000FC9E002010B559B1074CA04204D1BDE86F
:10B9A00010400846FFF7D2BFBDE8104000F028BCA9
:10B9B000FFF7E6FF004810BDFC9E0020074BD3F8C0
:10B9C000C02002B11047D3F8B800012183F8BC10A1
:10B9D00093F8BC20002AF9D0704700BF989E002041
:10B9E000014BC3F8C0007047989E002010B5014677
:10B9F0000348F8F723F904460DF00DF9204610BD71
:10BA0000DCDD060038B591F8583023F07F030025BF
:10BA100043F00303CD6281F8583008460C460DF020
:10BA20007FFEE06320460DF07EFE4FF48073C4E994
:10BA3000123394F8583065F3C71384F85830C4E9CA
:10BA400010052A46294604F134001AF082FB0C4AFC
:10BA500004F1500011461AF07CFB94F85930092289
:10BA600062F30303204684F8593002210CF0FEFDF6
:10BA700020464FF48031BDE838400DF038B800BFA3
:10BA80003200002010B501460348F8F7D7F8044605
:10BA90000DF0C1F8204610BD00DE06002DE9F04390
:10BAA0000846ABB00D461AF036FE29460646A348B6
:10BAB0000DF046FC012813D128461AF028FE05AFE8
:10BAC000394604461CF02CF9322E10D194F8583027
:10BAD00003F00303022B06D1E16A20461CF0D0FAE2
:10BAE0002BB0BDE8F08320460DF002FCF8E7202ED5
:10BAF0001ED8152EF4D9163E0A2EF1D801A353F8FC
:10BB000026F000BFC1BB0400E1BA0400E1BA0400A2
:10BB1000E1BA04006DBC040045BB0400E1BA0400B6
:10BB20006DBC0400E1BA0400E1BA04006DBC04007D
:10BB3000342ED5D128461AF0F2FDE36B0360236C56
:10BB40004360CDE728461AF0EAFD636C05463BB931
:10BB5000A36CB3F5807F03D1E36CB3F5807FBFD0D6
:10BB600020460DF0DDFD804620460DF0DCFD0297FD
:10BB7000B4F84C300193B4F8483000930246636C3B
:10BB8000064641460FA810F022F80F9A2B68524241
:10BB90009A42B8BF1A462A60109B5B429342B8BFD4
:10BBA00013462B601199A1EB08019942B8BF1946C1
:10BBB0002960129B9B1B8B42ACBF2B6029608FE7D7
:10BBC00028461AF0ACFD05462046E66B0DF0A8FDB0
:10BBD000864246D12046266C0DF0A5FD864240D116
:10BBE000A36CB3F5807F13D1E36CB3F5807F0FD1E5
:10BBF000636C6BB9E36B226D03EBD373B2EB630F32
:10BC000006D1236C626D03EBD373B2EB630F28D0C4
:10BC100020460DF085FD064620460DF084FD029776
:10BC2000B4F84C300193B4F8483000930246636C8A
:10BC300031460FA80FF0CBFF61690F9B0B440F93A8
:10BC4000A269109B13441093119B0B441193129BF8
:10BC500013441293296800220FA819F05AFF287183
:10BC60003EE70FA920460DF0C6FFF3E728461AF07D
:10BC700052FD064628461AF04AFD1A2E04465FD1A8
:10BC800028461AF04CFD0378022B05463FF428AFF6
:10BC900094F85800830702D501232B7020E7C0F3E6
:10BCA0008400FFF77DF801460028F5D144222046A4
:10BCB0000EF037FE0F90C0B2FF28EDD1626C002A63
:10BCC000EAD1A36CB3F5807F0ED1E36CB3F5807F2E
:10BCD0000AD104F11401686819F09BFF0028DBD039
:10BCE000236B002BD8D1FBE60BAF394620461CF066
:10BCF00017F820460DF014FD064620460DF013FD02
:10BD00000297B4F84C300193B4F8483000930246DF
:10BD1000002331460FA80FF05AFF61690F9B0B44B7
:10BD20000F93A269109B13441093119B0B44119322
:10BD3000129B1344129300220FA9CCE700DE0600E9
:10BD40001D2E7FF4CDAE036C002B3FF4C9AEC36B48
:10BD5000002B3FF4C5AE836C002B3FF4C1AEC36C27
:10BD6000002B3FF4BDAE28460DF000FB94F8583090
:10BD700013F00206804640F093800FA8FBF710F8FE
:10BD800008F1180531460FAA2046CDF84C800DF079
:10BD9000E5F995E80F000DF11C0989E80F001FA9CE
:10BDA00020461BF0BDFFA36C1B93E36C1C93636CDC
:10BDB0001A9394F8582094F85930C2F3C012C3F380
:10BDC000021343EAC2039DF8892022F00F021343B5
:10BDD0008DF88930236B2993E36A1693D4E9051211
:10BDE000206CE36B10440B44013824AF013B0090FE
:10BDF000384619F01EFE0C22314620460EF091FD09
:10BE00000B90289094F8593003F00F02092A0BAEDA
:10BE10000CD8A36B0093636B394604F1140019F03E
:10BE2000E8FF97E80F0086E80F002FE003F00F030C
:10BE30000C2BF6D104F114022946284619F02DFEE8
:10BE4000D4E90D12384619F01BFED4E90F14D8F8C6
:10BE50001C30259A24989A1A631ED21AD8F81830E2
:10BE600092FBF4F21B1A481E1B1A624393FBF1F378
:10BE70003846594319F004FE95E80F0086E80F0094
:10BE80009DF8893043F010038DF8893032460FA9B0
:10BE900040460FF05AFF99E80F0085E80F001FE6B3
:10BEA00003F00303022B7FF41BAE0FA8FBF708F887
:10BEB0000FAA20460021CDF84C800DF0E9F8E36A86
:10BEC000169304F114020FA9404610F034F807E667
:10BED00037B51E4D28461DF02CFE68B31C4CFEF7EE
:10BEE000EBFB1C48FFF77CFDAB682146284641F878
:10BEF000045BDB69184D9847E188A088FAF792F84F
:10BF00002860E0B12146FAF783FB286800F02AF8A0
:10BF10000246B8B900904FF4B563104928680FF095
:10BF200096FB0F484FF4B56100F04CF91CF016FA7F
:10BF300000EAE07003B030BD6FF01200FAE76FF076
:10BF40000B00F7E76FF08500F4E700BFF0AF0600E5
:10BF5000A4AB0020D3810600BCAB0020FCA50020D0
:10BF600054A0002010B50446FAF75CFB037C082BB4
:10BF700009D863B1013B072B09D8DFE803F025316D
:10BF8000083108080815102B24D0202B22D00021BE
:10BF90002046FAF74FF920462346352200210FF0BC
:10BFA000BDFB6FF085000EE010212046FAF7F2FA93
:10BFB00011492046FAF73EF923463522002118465A
:10BFC0000FF0ACFB002010BD0F212046FAF7E2FA7B
:10BFD0000A49EEE712212046FAF7DCFA0849E8E7B9
:10BFE00007212046FAF7D6FA06492046FAF722F941
:10BFF000054923463522E2E71B830600B982060085
:10C00000778206000DC00400298206002DE9F04F5A
:10C010008C680B680134E41ACB6890464A6891B08A
:10C0200001339B1A0E461FFA83FB0690FAF7FAFAC1
:10C03000C368076803F004030546069804930FF0ED
:10C0400059FB5E4B297CD3F800905D4B03901B6835
:10C050000593043918BF4FF0FF31C9B21A4648465C
:10C060001EF0A9FA4FF0000CA4B208F10808E64649
:10C0700061468B4556D94FEADE030793CB0804FB94
:10C080000393099301F007030A93CB430CF1FF30AC
:10C0900003F00703002208900B932EE00EEB02033F
:10C0A0000898DB08801A18F8033000F007000341F5
:10C0B000DB0721D5EB68D80703F0020A24D5099BDA
:10C0C00013440293DDE90A30BAF1000F18BF0346AA
:10C0D000029890F800A0012000FA03F3287CDBB25C
:10C0E000042815BF2AEA030A0298029B4AEA0303BE
:10C0F0000CBF037083F800A001329442CED8013106
:10C10000A644ACEB040CB4E7079B03EBD20000EBB6
:10C1100009030293D3B2BAF1000F00D0DB4303F05E
:10C120000703D5E7059B4946A3F1080240461EF0E8
:10C130001AFA049B53B12B7D43B9039B33B9BB68F7
:10C140001B680BB13846984701232B750BFB04F392
:10C15000DB080D93039BADF83C4083F001038DF8A1
:10C160003E30BB68CDF80080ADF83840B2889C689E
:10C170003188ADF83AB00DAB3846A047EB681B07E5
:10C1800008D5BB68CDF800809C68B28831880DABBB
:10C190003846A047049B53B1039B43B12B7D33B179
:10C1A000BB685B680BB13846984700232B7506982F
:10C1B0000FF09DFA11B0BDE8F08F00BFC4AB0020B6
:10C1C000C0AB0020024B1860024B1960704700BFE3
:10C1D000C4AB0020C0AB002010B50146EFF31184C2
:10C1E000202383F31288BFF36F8F044806F02FFCDF
:10C1F00084F31188BFF36F8F10BD00BFC8AB002060
:10C2000010B50B46EFF31184202282F31288BFF39E
:10C210006F8F00220146044806F0AAFC84F31188BF
:10C22000BFF36F8F10BD00BFC8AB002010B5014633
:10C23000EFF31184202383F31288BFF36F8F044838
:10C2400006F0F6FB84F31188BFF36F8F10BD00BFBB
:10C25000C8AB0020024903484FF4005206F01CBD51
:10C26000C01B0020C8AB00204FF08053D3F8302112
:10C27000082A06D1D3F83431052B02D8024AD05C03
:10C2800070470020704700BFA63A070008B54FF07E
:10C290008053D3F83021082A4ED14FF0804200213C
:10C2A000C2F80C11C2F81011C2F8381502F540425C
:10C2B000D3F80414C2F82015D3F80814C2F82415D2
:10C2C000D3F80C14C2F82815D3F81014C2F82C15A2
:10C2D000D3F81414C2F83015D3F81814C2F8341572
:10C2E000D3F81C14C2F84015D3F82014C2F8441532
:10C2F000D3F82414C2F84815D3F82814C2F84C1502
:10C30000D3F82C14C2F85015D3F83014C2F85415D1
:10C31000D3F83414C2F86015D3F83814C2F8641591
:10C32000D3F83C14C2F86815D3F84014C2F86C1561
:10C33000D3F84434C2F87035FFF796FF18B12B4B91
:10C340002B4AC3F88C26FFF78FFF18B1294BFB222D
:10C35000C3F81825FFF788FF70B14FF080414FF008
:10C360008053D1F8E42ED3F8583222F00F0203F0B4
:10C370000F031343C1F8E43EFFF776FF20B11E4BD5
:10C380004FF40072C3F840264FF08053D3F8303199
:10C39000082B09D14FF08043D3F80024D20744BFC3
:10C3A0006FF00102C3F80024144AD2F8883043F435
:10C3B0007003C2F88830BFF34F8FBFF36F8F4FF019
:10C3C0008053D3F83021082A0ED1D3F83431052B0D
:10C3D00002D80B4AD35C3BB14FF01023D3F80822AC
:10C3E0004FF08043C3F8582508BD00BF00500040FF
:10C3F0004881030000F000400090024000ED00E0A2
:10C40000A03A070030B50468CCB1BFF35B8FB4FA33
:10C4100084F3C3F11F03DBB201229A4024EA020233
:10C4200050E8005FA54204D140E8002CBCF1000FA9
:10C43000F6D1BFF35B8FE6D102480B7030BD0248E6
:10C44000FCE700BF0000AD0B0200AD0B10B50368A8
:10C45000CB40DB0714D401238B400268BFF35B8F12
:10C4600043EA020150E8004F944204D140E8001C26
:10C47000BCF1000FF6D1BFF35B8FEED1014810BDC8
:10C480000148FCE70000AD0B0400AD0B2DE9F047BF
:10C4900000F160404C1E0444DFF834801F4616460D
:10C4A000050B240BFF234FF0010AA54201D9BDE87B
:10C4B000F08718F80510994201F00F00894604D062
:10C4C000090932460AFA01F1B84701354B46ECE753
:10C4D000AC3A0700014BFFF7D9BF00BF67830600E6
:10C4E000F7B50546F8B101281BD104224FF480733B
:10C4F00001464FF0804003440244C0F80813002670
:10C50000012111601E608D421B688DF8071008BF65
:10C510000DF1070642F210744FF0804745B1012D2E
:10C5200028D003B0F0BD0C224FF482730221E0E763
:10C53000D7F8183403F480333EB9002BF1D0012032
:10C540001BF00FFF013CF3D1EBE7D7F8182402F002
:10C5500003023260002BE4D09DF80700012803D1CC
:10C560001BF0FFFE013CD9D1012DDAD10C4B00228A
:10C570005A71D6E7D7F80C3403F480333EB9002B58
:10C58000F4D001201BF0EDFE013CF3D1EEE7D7F82B
:10C590000C2402F001023270002BDDD1E6E700BF6F
:10C5A000D4AB0020044B1A7922B9012218609A807A
:10C5B0000248704702487047D4AB00200000AD0B22
:10C5C0000C00AD0B08B5094B1B682BB10020DEF742
:10C5D000B3FE08B9DEF78EFE4FF080430022C3F8A9
:10C5E0001825034B01221A7008BD00BFD4AB0020F0
:10C5F00014C7002010B510B1012843D010BD4FF072
:10C600008043D3F81814D3F81824C80321D502F0B6
:10C610000303012B04D013B10020FFF761FF0023B7
:10C620004FF080420220C2F8183508224FF482737E
:10C6300003F180430021196002F180421C6801244B
:10C640001460154A12680AB34FF08043C3F804031C
:10C65000D4E7D3F81424D107E1D5D3F81C249207EA
:10C66000DAD40D4A12681AB10222C3F80423C5E7CE
:10C67000D3F80421002AFBD00022C3F80421D3F808
:10C680000431BBE700224FF48073D1E71A68002A17
:10C69000FCD019601B68B1E7D4AB002010B54FF097
:10C6A0008043D3F800216AB10022C3F80021D3F8F7
:10C6B00000210122C3F80823114B587910B95A718F
:10C6C0001B6898474FF08043D3F8042172B10022D1
:10C6D000C3F80421D3F80421D3F81824D3F818247C
:10C6E000920704D10122C3F818259A6010BD0222D6
:10C6F000C3F80823024BBDE810401B68012018470F
:10C70000D4AB0020036803F01F025B09026004D071
:10C71000012B034818BF002070474FF0A04070471E
:10C7200000030050034A430900F01F00D35C184483
:10C73000C0B27047EC3A070070B50546FFF7F2FF4C
:10C740000C4C08300E4634F81030DA0508D5C3F327
:10C75000432304EBC302284654F833305268984709
:10C76000A3682BB1E26831462846BDE870401847FF
:10C7700070BD00BF1C09002008B5FFF7D3FF034BB5
:10C78000083033F81000400B08BD00BF1C09002022
:10C7900008B5FFF7C7FF034B083033F81000C0F3AC
:10C7A000400008BD1C09002008B5FFF7BBFF034B84
:10C7B000083033F81000C0F3401008BD1C090020F9
:10C7C000034611F0010010B5CCB20DD1A207C4F39D
:10C7D000400012D5094AD2F820055860C2F8200559
:10C7E000003818BF012008E04FF0A041D1F8202503
:10C7F0001A60C1F82025002AE8D010BD00030050BF
:10C8000010B5FFF78FFF124A083032F81030D90503
:10C810001CD5C3F3432123F4F85322F8103002F15E
:10C820000E04002034F8023F13F4807F03D0C3F3DA
:10C83000432399420AD001303028F3D1002342F833
:10C8400031300448BDE81040FFF700BE10BD00BF06
:10C850001C09002094090020F0B50546002004467C
:10C86000012607468C420BD1114BD3F87C2132B103
:10C870000022C3F87C21D3F87C3140F00040F0BDA9
:10C88000E3B29B0003F580729B0806FA03F31D4296
:10C890000BD002F1804202F5C042D2F800C0BCF1D8
:10C8A000000F02D01760126818430134DAE700BFA6
:10C8B00000600040F7B506460846FFF733FF194F02
:10C8C00000F108050C4637F81530DB0727D5304650
:10C8D0001BF0BFFD2046FFF767FF40B12046FFF782
:10C8E0004BFF316800F5A270002341F8203020464C
:10C8F000FFF786FF002301A827F815300194FFF702
:10C9000001FF019B00EB8300074BD0F80027134089
:10C9100043F00203C0F80037044803B0F0BD0448F8
:10C92000FBE700BF1C090020F0F8FCFF0000AD0B86
:10C930000400AD0B2DE9FF41164680460846FFF77F
:10C94000F1FE0D463168044609B32846FFF720FF83
:10C9500018B12846FFF728FF10BB0023CDE90033AC
:10C960008DF80E308DF80F300DF10F020B46284672
:10C970000DF10E011BF004FD474A04F1080132F8E5
:10C98000113023F0020343F0010322F811307368E1
:10C9900063B328461F785968FFF7FAFE10B1D1B18A
:10C9A0003E4826E03C4A04F1080032F8103023F0FB
:10C9B0002003DB04DB0C22F8103061B1032FEFD829
:10C9C0007168496891F800C0D8F80010A7B90CF553
:10C9D000A27C41F82C70304A04F1080132F8113081
:10C9E00023F01C0343EA870322F81130B3684BBBE2
:10C9F0002B4804B0BDE8F08101EB8C0143EA4C33D5
:10CA0000D1F810E52EF0030EC1F810E5D8F80010AB
:10CA100001EB8C0E43F02003DEF8101522F81030E5
:10CA200021F44F3121F44071CEF810152902DEF8BF
:10CA3000108501F47C5141EA074141EA0801CEF832
:10CA40001015C8E7D3E900672846FFF7D9FE002E86
:10CA5000CED0114DD5E90023964203D19F4201D19A
:10CA6000002209E00F480DF10F01FFF7CBFC0C4B42
:10CA70009842BED19DF80F2045F8326005EBC20305
:10CA800008345F6035F8143043EA422343F480737E
:10CA900025F81430ACE700BF1C0900200400AD0BE2
:10CAA0000000AD0B940900202DE9F0430C4685B041
:10CAB0008046204611461E46FFF734FE054629B340
:10CAC0002046FFF765FE18B92046FFF76DFE18BB3C
:10CAD000314F05F1080937F8193013F01C0F02D057
:10CAE0004B78012B18D001238DF80F300023CDE9AE
:10CAF00000134A1C8B1C20460DF10F011BF040FC5B
:10CB000037F8193043F0030327F81930002E41D0CD
:10CB10002046FFF73DFE18B9204805B0BDE8F08378
:10CB200096F800C0D8F800301B4F0CF5A272002117
:10CB300043F8221005F1080237F8121021F0200105
:10CB4000C904C90C27F8121075781DB3D8F8000075
:10CB5000B67800EB8C002D04D0F8103523F499132F
:10CB600023F4F853C0F81035230203F47C5305F482
:10CB700040353605D0F810E52B4306F4801641EA1F
:10CB80004C31334341F0200143EA0E0327F81210E1
:10CB9000C0F810350248C0E71C0900200400AD0BA6
:10CBA0000000AD0B014BC3E9021270471C090020C5
:10CBB00010B508461446FFF7F7FD50B10846FFF7D9
:10CBC000B1FD054B083033F8103004485B0B23707F
:10CBD00010BD0348FCE700BF1C0900200000AD0B9E
:10CBE0000400AD0B70B5164D95F8804006462CBB81
:10CBF0002146602205F110001DF0DDFC30682E6F2B
:10CC000021468E420ED10023C0F87C31D0F87C3111
:10CC100040F30730DEF76EFB01230A4885F88030C9
:10CC2000AB6770BDCBB29B0003F580727C2B08BF55
:10CC3000845001F1010108BF8358E2E70248F0E7A0
:10CC40001C0900200000AD0B0C00AD0B034B93F84A
:10CC50008000003818BF0120704700BF1C09002069
:10CC60000148FFF7F3BB00BF900900200148FFF720
:10CC7000C9BB00BF9009002073B503681646D3F8FE
:10CC80000423002AA8BF4FF000420546A8BFC3F8FE
:10CC9000042308460C46FFF787FD00B30846FFF75C
:10CCA00077FD0146D8B92046FFF766FD04B2A4001F
:10CCB00004F580720346286881502968825821440F
:10CCC000D1F8102542F00102C1F810252EB12968D3
:10CCD000012202FA03F3C1F8043302B070BD20460A
:10CCE000FFF720FD0F4B083033F81030C3F38203F9
:10CCF000042B12D0052B12D001A80194FFF702FDDE
:10CD0000019AD0F81035D34003F00103991C204656
:10CD100002B0BDE870401BF07CBB0321F7E70221A5
:10CD2000F5E700BF1C0900202DE9F04F694BDFF843
:10CD3000B081D3F80403D8F87010C0B289B040F0C5
:10CD40000040FFF789FD051E2FDAC24600235AF87E
:10CD50007C1F06A8CDE90633FFF732FD5E4B019339
:10CD60000DF118094FF0000B019A12F8013B0192E6
:10CD7000DA0803F007031AF8022022FA03F3DA07AD
:10CD80001CD409F10409BBF1000F14D0D8F87010BD
:10CD90004FF00040FFF760FDD8F87C1006A8FFF7C1
:10CDA0000FFD0028DAD125F000450124002D79D1AE
:10CDB00009B0BDE8F08F4FF0010BD5E7474B5B445E
:10CDC0000293D9F800100029DBD0029B91FAA1F15F
:10CDD0001C78B1FA81F141EA44142046FFF7A2FC25
:10CDE0000830059438F81070C808BB0819F80020FE
:10CDF000039301F00701012303FA01F122EA010282
:10CE000009F8002005A8FFF77DFC059A039B02F5B1
:10CE1000E072C7F3820650F822205B073746C2F360
:10CE2000014224D520463946D6B2FFF785FC05A835
:10CE30000594FFF767FC059B03F5E07350F823307A
:10CE4000C3F301439E4207D1002120461BF0E1FAC3
:10CE5000314620461BF0DDFA05A80594FFF752FC89
:10CE6000059B012202FA03F3C0F82035A9E7022A44
:10CE70000CD1032120461BF0CCFA06F00503012B50
:10CE8000EAD139462046FFF757FCE5E70221204664
:10CE900003921BF0BEFA032EF3D0039A032ADBD1D0
:10CEA000022EEDE795FAA5F3B3FA83F304FA03F241
:10CEB0009B0003F1804303F5C04325EA0205D3F844
:10CEC0001005D3F81015C0F30520C1F30141FFF799
:10CED00033FC6BE700600040FC3A0700FC3A0700B7
:10CEE0001C090020044AD2F80034DB07FBD501609E
:10CEF000BFF35F8F704700BF00E001404FF08053E9
:10CF00001A69B0FBF2F302FB130373B9084B022258
:10CF1000C3F80425C3F80805D3F80024D207FBD5CD
:10CF200000220448C3F8042570470348704700BF37
:10CF300000E001400000AD0B0A00AD0B10B5054C40
:10CF40000123C4F80435FFF7CDFF0023C4F80435EE
:10CF500010BD00BF00E0014010B5184C237853BB52
:10CF60000278C2F34003920712D54FF08053D3F8F2
:10CF70003021082A0BD1D3F83431052B07D8104AB9
:10CF8000D35C23B14FF080430122C3F8382601233C
:10CF90004FF08042C2F88035037803F00103C2F8F5
:10CFA00078350020DEF7C8F908B9DEF7A3F90123C8
:10CFB0000448237010BD0448FCE700BF15C70020DB
:10CFC000FE3A07000000AD0B0C00AD0B4FF08043A4
:10CFD0004FF46072C3F80823014B00221A607047B7
:10CFE000DCAB002008B5FFF7F1FF03680BB1014A85
:10CFF000136008BDDCAB002010B54FF08043D3F8C0
:10D000000443620707D54FF484701BF05BFA10B13C
:10D010001E4B1B689847A30608D54FF48A701BF077
:10D0200051FA18B11A4B00201B689847600608D5C2
:10D030004FF48C701BF046FA18B1154B01201B6899
:10D040009847210608D54FF48E701BF03BFA18B1B3
:10D05000104B00201B689847E20508D54FF49070EC
:10D060001BF030FA18B10B4B01201B689847A30541
:10D070000AD54FF492701BF025FA28B1054BBDE894
:10D0800010401B680220184710BD00BFE4AB002011
:10D09000E0AB0020DCAB0020036803F01F025B095B
:10D0A000026004D0012B034818BF002070474FF0E6
:10D0B000A040704700030050012370B504460D46A0
:10D0C000436164260022022120461BF031FA20B978
:10D0D00001201BF046F9013EF4D100236B774FF09D
:10D0E0008051D1E94C1208291AD1052A18D80E49C5
:10D0F0008A5CAAB14FF0FF32D4F80805D4F80C15B9
:10D10000C4F80035C4F80825C4F80C250922C4F871
:10D110000025C4F80035C4F80805C4F80C1570BD26
:10D120000023C4F80035FAE7043B070073B5164640
:10D13000421C1C460546069B18D0012902D1BBB1F2
:10D140001BF034FA01A80195FFF7A6FF019B00EB45
:10D1500083002402D0F80027074B44EA86040C43DE
:10D1600013401C4344EA4101C0F8001702B070BDEF
:10D170001BF029FAE6E700BFF0F8FCFF4B69184AFC
:10D18000934221D00DD8174A93421DD007D8164A92
:10D19000934219D0154A934216D015487047154A44
:10D1A000F9E7154A934208D004D8144A93420BD0A9
:10D1B000134AF0E7134A9342EFD10279124B134816
:10D1C000002A08BF1846704791F8213013B1CB6888
:10D1D0000133F2D1CB690133EFD10C48704700BF66
:10D1E00080841E0020A1070048E8010090D00300C1
:10D1F0000400AD0B40420F000024F40000093D0084
:10D2000000127A000048E8010300AD0B0000AD0BEE
:10D210002DE9F04F067985B007460C46002E00F048
:10D22000C08091F82130002B00F0BF8091F82230AF
:10D2300003934FF0010865697C4B9D4200F0CD805F
:10D2400000F2BD807A4B9D4200F0CA8000F2AF80B0
:10D25000784B9D4200F0C780774B9D420CBF4FF04A
:10D2600080654FF08045DFF8E4B194F82300242274
:10D2700002FB06B3997F60F3000199773B79217C2B
:10D2800002FB03B39A7F61F341029A7794F82390EB
:10D29000B9F1000F34D16269684B9A420CBF4FF06C
:10D2A000030A4FF0000A237E012B94BF00230123C1
:10D2B0000093206853464A460121FFF737FFCDF817
:10D2C0000090606853464A460121FFF72FFFCDF8D2
:10D2D0000090A27EA06853464946FFF727FF237CB3
:10D2E00083F001030093E06853464A460121FFF7AB
:10D2F0001DFF01210091E06953464A46FFF716FFE2
:10D300002423B8F1000F77D003FB06B34FF0FF32B0
:10D310001A62A67C217E627ED4F80CC094F810803C
:10D320003B79002B77D094F8200094F824E03B68F8
:10D33000BEF1000F13D1D4E9009ED4F808A0E4692F
:10D34000C3F80895C3F80CE5C3F810A5C3F86C45FD
:10D35000039CC3F814C5C3F86885C3F86445003A54
:10D3600018BF01220229C3F8C065C3F8245554D060
:10D37000032955D0012901D142F00202C3F85425F6
:10D38000C3F860053B79242253435BF80330002B3C
:10D3900049D0386840F3073005B0BDE8F04FDDF7FD
:10D3A000A9BFB0460223039345E79846FAE7244B0A
:10D3B0009D420CBF4FF080554FF0804553E7214B05
:10D3C0009D4213D01D4B9D4213D01F4B9D420CBF5D
:10D3D0004FF000454FF0804545E74FF0005542E7DC
:10D3E0004FF000653FE74FF000753CE74FF02065D8
:10D3F00039E74FF0A05536E703FB06B6E268326224
:10D40000227CB37F62F34103B377A67C217E627EE8
:10D410004FF0FF3C84E7022087E742F00402ADE7CB
:10D4200042F00602AAE705B0BDE8F08F80841E0036
:10D4300020A1070048E8010090D003000048E8015F
:10D4400040420F000024F40000127A00ECAB0020F0
:10D45000431C07B50ED0019001A8FFF71DFE019BEC
:10D4600000EB8300054BD0F80027134043F0020384
:10D47000C0F8003703B05DF804FB00BFF0F8FCFF14
:10D4800070B501F10C020C46402105461BF050F826
:10D4900010B3124B9D4201BF114B1A684FF08043ED
:10D4A000C3F8002E206A421C04D0A37F9B0710D52E
:10D4B0001BF089F8637F1BB121462846FFF7FCFD6E
:10D4C000002320462372616850F8083BBDE8704095
:10D4D00018471BF06BF8EDE770BD00BF00F002408D
:10D4E000E8AB00202DE9F04790F80490144C242577
:10D4F00005FB09F504EB050A1F469AF81C300646A1
:10D500009046D3B961B96251CAF80470242303FB71
:10D510000944002363770B4801232377BDE8F08794
:10D52000FFF72CFE074B9842F8D1304644F80580AF
:10D53000CAF80470FFF76CFEE8E70348EEE700BFA7
:10D54000ECAB00200000AD0B0C00AD0B2DE9F04161
:10D55000044606790068224D40F30730DDF7D8FE17
:10D5600024237343EB5853B123681E4AC3F808239E
:10D5700006EBC601206805EB8101FFF79DFD242124
:10D58000236801FB0651D3F80805D3F80C75D3F8CE
:10D5900010858B7FDB0716D4FFF75AFF4046FFF755
:10D5A00057FF3846FFF754FF086AFFF751FF23790A
:10D5B0004BB12368D3F86C05D3F81415FFF748FF77
:10D5C0000846FFF745FF2368074A934204BF01223C
:10D5D0005A60242303FB065500232B77BDE8F08116
:10D5E000ECAB00205201080000F002402DE9F043AE
:10D5F0000779DFF8C48124237B43164608EB030236
:10D600000D46517F85B08146002940F0C68058F80C
:10D61000033023B116F0140F04BF0123537795E8AC
:10D620000F00242404FB078404F10C0C8CE80F0089
:10D63000206A431C04D0A37F99071AD51AF0B6FFBD
:10D640002968D9F8004021B101F06043B3F1005FCF
:10D6500006D1AB6883B103F06043B3F1005F0BD038
:10D66000242303FB078300224D485A7705B0BDE809
:10D67000F0831AF0A8FFE3E74A4B9C4224D14FF015
:10D6800080436A68D3F8000E474B1860E2B1474800
:10D6900021F4FF5323F01F0383426ED85018DFF8A4
:10D6A0001CC1C3F34F3101228A40002103F500530E
:10D6B000984241EA02014FEA420201D96345F5D39B
:10D6C0004FF08043C3F8001E16F0010318BF01237A
:10D6D000C4F8503516F0020318BF0123C4F84035D2
:10D6E00095E80F00EC468CE80F00039BC4F8440556
:10D6F000C4F84815C4F83425C4F838350023C4F8F4
:10D700001831D4F8183116F008054FF00703C4F8A3
:10D7100000350FD124237B4358F8032001232361D4
:10D7200042B9D4F81831002BFBD062464021204684
:10D730001AF0FEFE24237B4358F803301BBB194B21
:10D740009C4201BF184B1A684FF08043C3F8002E6B
:10D75000242303FB0783186A421C04D09B7F9B078A
:10D760000ED51AF030FF35B907EBC70708EB870174
:10D770002046FFF7A1FC0E4878E74FF480719FE741
:10D780001AF014FFEFE716F0040F4FF0400314BF38
:10D79000C4F80833C4F80433EDE7064866E700BF71
:10D7A0000A00AD0B00F00240E8AB0020FFFF0020B4
:10D7B0000000AD0B0B00AD0BECAB002000200120F6
:10D7C00001490248FFF75CBEECAB0020003000408E
:10D7D00001490248FFF754BE10AC002000F002409F
:10D7E000C02AF0B540D0B2F5807F3FD0802A40F00B
:10D7F000BB800A23036003460024520943F8044F08
:10D8000001EB82028A4233D103680C2B35D00E2BF8
:10D8100063D00A2B26D1564D564900F1A006426925
:10D8200055F8044B8768C2F307237C40CB5C634008
:10D83000140E10300C5D83EA0443D4B20C5D83EA0D
:10D840000463C2F307440C5D83EA042350F8044CDC
:10D85000836063400468C36063405A40036142616F
:10D860008642DCD10020F0BD0C23C3E70E23C1E7C4
:10D8700051F8044B43F8044FC4E73D4C3D4900F1D7
:10D88000C005C26954F8046B8768C2F307237E4061
:10D89000CB5C7340160E18308E5D83EA0643D6B219
:10D8A0008E5D83EA0663C2F307468E5D83EA062334
:10D8B00050F80C6C8360734050F8086CC360734080
:10D8C00050F8046C036173400668436173405A402A
:10D8D0008361C2618542D4D1C4E7254D254900F159
:10D8E000E006446A55F8042B8768C4F307237A409E
:10D8F000CB5C87695340220E20308A5C83EA024366
:10D90000E2B28A5C83EA0263C4F307428A5C83EA78
:10D91000022350F8142C8360534050F8102CC3603D
:10D92000534050F80C2C03615340DAB243618A5CD7
:10D930007A401F0ECF5D82EA0762C3F30727C3F365
:10D940000743CF5DCB5C82EA072282EA034350F8AB
:10D95000042C836153400268C36153405C400362FE
:10D9600044628642BDD17DE76FF01F007BE700BFB8
:10D9700024DE06000A3C07002DE9F04FC9B004463A
:10D9800002A816460D461AF02BFE002332466360AD
:10D99000294602A8FFF724FF0646002862D1029F0D
:10D9A000039B3548DFF8D4C0276004A903EB870345
:10D9B00001EB830251F82330A3605368E36093685E
:10D9C0002361D368636104F1180E103A7B1E9946F7
:10D9D00071469046B9F1000F2CDD01F11004A8F159
:10D9E000040B01945BF8044F250E1CF8055050F809
:10D9F00025A0E5B21CF8055050F8255085EA3A2AD2
:10DA0000C4F30725C4F307441CF805501CF8044070
:10DA100050F8255050F824408AEA356585EA3445A7
:10DA200041F8045B019CA142DCD109F1FF39A8F166
:10DA30001008CFE76FF00F014B43002FCCBF1C46FF
:10DA4000002402EB0400C3F10003D8BF00230EEB57
:10DA5000030112594EF8032043684B6083688B60C2
:10DA6000C368CB6002A84FF48C7100F0F3FE30461F
:10DA700049B0BDE8F08F00BF4CDE06000A3C07004D
:10DA80002DE9F04F904644680E684D6800F1080299
:10DA900002EB840352F824208C68C9688FB072406E
:10DAA000019206925A6855409A6807955440DA6880
:10DAB00008945140026809914FEA620E03F1300068
:10DAC000CC4B0EF1FF3E002250E906A6029650F81C
:10DAD000106C039650F80C6C049650E9087B50F8D3
:10DAE000086C0596BEF1000F00F1200050F8249C50
:10DAF00000F3C68022B1019ACDE90841CDE906259F
:10DB0000DDE90640DDE90865E1B22A0E53F821108F
:10DB100053F8222081EA3221C0F3072253F8222051
:10DB200081EA3261C6F3074253F8222081EA32418A
:10DB3000220E794053F822700A91C2B253F8222083
:10DB400082EA3722C6F3072753F8277082EA376242
:10DB5000C5F3074753F8277082EA3742070EC0F330
:10DB6000074053F827C053F82000F7B2360E53F899
:10DB7000277053F8266087EA3C27C5F3072CEDB2DF
:10DB800053F82CC053F8255087EA3C67C4F3074C80
:10DB9000C4F3072485EA362553F8244053F82CC0F3
:10DBA000029B039E85EA346484EA30405840040EA8
:10DBB000914B0D901D5DCCB282EA0B021C5D0B9265
:10DBC000744084EA0564C2F3072587EA3C475D5D3B
:10DBD00087EA0A0784EA0524C7F307450C975D5DC9
:10DBE00084EA054E0D0ECDF818E05E5DD5B25D5DA0
:10DBF000049CC8F800E0654085EA0665C7F307267F
:10DC0000059C9E5D85EA0625C0F307469E5D85EA74
:10DC10000645160EC2F3074213F806C0C8F80450B2
:10DC2000FEB23F0E9E5DDF5D0795664086EA0C669C
:10DC3000C0F3072CC0B213F80CC0185C86EA0C269F
:10DC4000C1F3074CC1F3072180EA0900595C13F8BE
:10DC50000CC09B5C80EA076080EA012181EA0343F3
:10DC600086EA0C4606A8C8F80860C8F80C302021DF
:10DC70000896099300F0EEFD00200FB0BDE8F08F8C
:10DC80000A0E029E53F822C09DF8042053F8222069
:10DC90007A4082EA3C2CC5F30722EFB253F82220E7
:10DCA00053F827708CEA326CC4F307428BEA0707FB
:10DCB00053F822208CEA324C019A120E0EF1FF3EEC
:10DCC00053F8222087EA3227C4F3072253F8222090
:10DCD00087EA3267C1F3074253F8222087EA3247C6
:10DCE0002A0EC5F3074553F822B0E2B2240E53F8CA
:10DCF000222053F824408AEA0202C1F3072AC9B25B
:10DD000053F82AA053F821104E4086EA3421019C92
:10DD1000C4F3072682EA3B2253F8264081EA3461A5
:10DD200053F825405FFA8CF581EA34410C0E53F824
:10DD30002560039D53F8244082EA3A6A019A7540AF
:10DD4000C2F3074285EA3426C7F3072453F822209A
:10DD500053F824408AEA324286EA3466C2F3074422
:10DD6000FDB253F8244053F8255086EA3444019418
:10DD70004FEA1C64049E53F824406E4086EA342522
:10DD8000C2F3072453F8244085EA3465C1F30744FD
:10DD900053F8244085EA34453C0EC7F3074753F84F
:10DDA00024A0059ED4B2120E53F8244053F822202A
:10DDB000664086EA3A24C1F3072AC9B253F82AA07A
:10DDC00053F8211084EA3A64CCF3074ACCF3072CC9
:10DDD00089EA010181EA322153F82C2053F82AA064
:10DDE00081EA326153F8272084EA3A4481EA3241D9
:10DDF000012269E64CE206000A3C07002DE9F04FDB
:10DE0000904644680E684D6800F1080202EB8403F6
:10DE100052F824208C68C96856405A6855409A6860
:10DE20005440DA688FB051400268069630334FEAAA
:10DE3000620E0193CE4B0795089409910EF1FF3EB7
:10DE40000022019850E9087B50E906A00290019851
:10DE500050F8100C0390019850F80C0C04900198A5
:10DE600050F8080C05900198BEF1000F00F1200059
:10DE7000019050F8249C00F3C5801AB1CDE90665E5
:10DE8000CDE908410798069E020EDDE9084553F8E2
:10DE90002210F2B253F8222082EA3122C5F3072180
:10DEA00053F8211082EA3162C4F3074153F821107C
:10DEB00082EA31425740220E0A9753F82210C2B22A
:10DEC00053F8222082EA3122C6F3072153F82110A9
:10DED00082EA3162C5F3074153F8211082EA3142E8
:10DEE000290EEDB253F821C053F82550E1B2C4F326
:10DEF000072453F8211053F8244081EA3C21C0F351
:10DF0000072CC0F3074053F82CC053F8200081EAD7
:10DF10003C61C6F3074C360E53F82CC053F826600C
:10DF2000029B85EA362585EA346482EA0B0284EA9C
:10DF300030405840140E8F4B039E1D5D0B92FCB277
:10DF400081EA3C411C5D0D90744084EA0564C0F395
:10DF5000072581EA0A015D5D0C9184EA0524C1F37D
:10DF600007455D5D84EA054E0D0ECDF818E05E5D57
:10DF7000D5B25D5D049CC8F800E0654085EA0665A1
:10DF8000C7F30726059C9E5D85EA0625C0F3074674
:10DF90009E5D85EA0645060EC0B213F806C0185C01
:10DFA000C8F80450CEB2C1F307219E5D595C0795B5
:10DFB000664086EA0C66C2F3072CC2F3074213F8E8
:10DFC0000CC086EA0C26C7F3074C3F0E80EA090016
:10DFD000DF5D13F80CC09B5C80EA076080EA0121DA
:10DFE00081EA034386EA0C4606A8C8F80860C8F828
:10DFF0000C3020210896099300F02CFC00200FB073
:10E00000BDE8F08F2A0E029853F822C0F2B20EF14A
:10E01000FF3E53F822207A4082EA3C2CC1F30722CB
:10E02000EFB253F8222053F827708CEA326CC4F315
:10E0300007428BEA070753F822208CEA324C220E63
:10E0400053F8222087EA3227C6F3072253F822200A
:10E0500087EA3267C1F3074253F8222087EA324742
:10E060000A0EC9B253F822B053F82110E2B2C4F339
:10E07000072453F8222053F824408AEA0202C5F309
:10E08000072A82EA3B2253F82AA082EA3A6AC6F3B8
:10E090000742360E484053F8266053F82220C5F355
:10E0A000074580EA362181EA346153F82540039818
:10E0B0005FFA8CF581EA34413C0E53F8256053F841
:10E0C0002440704080EA3426C1F307248AEA3242B1
:10E0D00053F82440049886EA3466C2F30744FDB23C
:10E0E00053F8244053F8255086EA3446140E68400D
:10E0F00053F8244080EA3425CCF30724059853F8DC
:10E10000244085EA3465C1F3074453F8244085EA86
:10E1100034450C0EC9B253F824A0D4B2C2F307227E
:10E1200053F82440604080EA3A24C7F3072AC7F333
:10E13000074753F82AA084EA3A64CCF3074A4FEA27
:10E140001C6C53F82AA053F82CC053F8211053F834
:10E15000222089EA010181EA3C2181EA326153F8F7
:10E16000272084EA3A4481EA3241012269E600BF6D
:10E170004CDE06000A3B0700F0B50C4B0C4E044683
:10E18000586800B9F0BDC579C5F3840556F8255027
:10E190002D78A54208D1457905F00F07B1EB871F0F
:10E1A00002D1B2EB151FEDD00833E9E74CE60600CB
:10E1B000A009002038B5044638B390F84430012B4C
:10E1C00011D1C56B4DB12B7A012B02D168681AF0C1
:10E1D00028FD0C2128461AF0ABFA20464821BDE85C
:10E1E000384000F037BB006C10B124211AF0A0FABF
:10E1F000E06B0028F1D02368044ADB79C3F3840381
:10E2000052F823309B699847E7E738BDA009002002
:10E2100038B505460C46A9B1482200211CF0CBF9BF
:10E22000E379094AC3F3840352F823305B6913B9D5
:10E230002C60002038BD9847E8630028F8D1A0F58D
:10E24000C340F7E70148F5E7A0090020009FFFFF62
:10E250002DE9F0431E46DBB2012B87B00446884609
:10E26000154672D8D0F80090B9F1000F6DD090F833
:10E270004430012B39D1C76B1822002168461CF0AD
:10E280009AF96B0761D13B7A002B5ED199F8062091
:10E29000102A08D80D2A08D8023A052A05D92C4890
:10E2A00007B0BDE8F083263AF7E74FF41053ADF816
:10E2B00000304FF4407302933B46414653F8042B21
:10E2C0000392EA1DD20868461AF07CFD10F1860F11
:10E2D000E5D028B18D301F4818BF6FF06F00DFE721
:10E2E00001233B7265602672DAE799F8073003F084
:10E2F0000303012B06D899F8053003F00F03B2EBA6
:10E30000831F22D165602672012EE06B99F80730D9
:10E31000114909D099F8052002F0F004302C03D0FF
:10E3200002F0E002402A0AD1C3F3840351F82330FB
:10E33000DB682A46414607B0BDE8F0431847C3F3FF
:10E34000840351F823301B69F3E70448A8E700BFB2
:10E35000809FFFFF809EFFFFA0090020009FFFFF1E
:10E360002DE9F04F154685B00268DDF838A0044667
:10E37000884699461AB9634805B0BDE8F08F90F811
:10E380004420012A01D16048F6E70022CAF80020A3
:10E390000268002A00F0B280167916F01F0600F01D
:10E3A000AD80527902F0F002102A15D1B54240F04A
:10E3B000A780CAF8005002685449D279C2F3840297
:10E3C00051F8222090F908105568C06B4246AC46BF
:10E3D00005B0BDE8F04F6047994208D1436A002B71
:10E3E000C9D1B5FBF6F306FB1353002BC3D1202A8A
:10E3F000C9D194F90830626A03928BB9039BE26831
:10E40000F31A8AB1AB4249D3039814302A464146E5
:10E4100020441CF0A8F8636A2B4463620020ABE739
:10E42000012B03D1039BF31AAB42EDD8039B002BC6
:10E4300037D1002DF2D0B5FBF6F706FB175737B9E9
:10E4400094F908301BB9E368002B18BF3746ED1B61
:10E450003A4608EB050104F114001CF084F8636AE5
:10E460003B446362002DD9D02368284ADB79C3F38B
:10E47000840352F82330CDE900892A469E6894F936
:10E480000810E06B04F12803B04700287FF474AF54
:10E49000DAF800302B44CAF80030BFE7039B002BAA
:10E4A000C9D0039BA6EB030B03F114005A46414667
:10E4B00020441CF058F82346144953F8142BD27901
:10E4C000C2F3840251F82220CDE90039936894F90F
:10E4D0000810E06B1F46324604F12803B8470028B5
:10E4E0007FF44AAFDAF80030039F33442F44CAF870
:10E4F0000030B1446062D844BD1B9AE704483BE752
:10E50000044839E7009FFFFF809FFFFFA00900201C
:10E51000809CFFFF809DFFFF70B50C230024CD5829
:10E5200022462EBA42EA460212BAC250043B1A1DD3
:10E53000C5F3C014F3D1084B1A680B7882EAD312E2
:10E5400053085B4252421343DB17C27B03F087033D
:10E550005340C373002070BD34AC002038B505466D
:10E56000D0B10468C4B1B9B10123FFF771FE04460C
:10E5700098B92B6883B19B79042B0BD8012B0BD94D
:10E580002421012000F072F948B12864102100F024
:10E5900061F902E0242BF3D0024C204638BD024C36
:10E5A000FBE700BF009FFFFF809EFFFF2DE9F04FBC
:10E5B0000F4685B016468046002879D00368002BA8
:10E5C00076D0002974D0046C002C71D01D79206A9B
:10E5D00005F01F05F8B12A1AB2421CD210302044AF
:10E5E0001BF0C1FF04F110020023191DA9422CD910
:10E5F00023441A1B954231D803AB00932A46234685
:10E6000021464046FFF7ACFEE0B9236A2062EA1AD1
:10E61000334417445E1B05F1FF394FF0010A0DF139
:10E620000C0BB144B9FBF5F9CA4538D34EB1206A99
:10E6300010303246394620441BF095FF236A33449C
:10E640002362002005B0BDE8F08F52F8100C13686B
:10E65000434042F8103C04320B46C6E71A7C197856
:10E660004A4003F8012BC4E7FA58E0584240E25010
:10E670000B46191D8D4204EB0302F5D2AB4210D3B9
:10E68000CDF800B023462A4621464046FFF768FEF3
:10E690000028D7D1761B2F440AF1010AC4E70023D2
:10E6A000E7E7F85C1178414002F8011B0133E5E728
:10E6B0000048C7E7009FFFFF2DE9F04F8B4691B060
:10E6C0008046002800F0C2800368002B00F0BE8066
:10E6D000056C002D00F0BA80002900F0B7800DF124
:10E6E0001009102148460DF1200A1C7900F0B2F8FB
:10E6F0001021504600F0AEF810210CA800F0AAF846
:10E70000D8F8006004F01F0416B1367906F01F0631
:10E7100003AF0CAB0097324619464046FFF720FE88
:10E7200050B9102E08D10CA94846FFF7F5FE18B9CC
:10E7300049465046FFF7F0FE10210CA800F08AF879
:10E74000D5F820C0A44505F110060FD349460CA802
:10E7500000231A1DA2425FD9A3421BD2F25C19F812
:10E7600003104A400CA9CA540133F5E70CA9084626
:10E7700000239C453BD9F25C00F8012B01339C42FD
:10E78000F7D8D44600231A1DA24235D90CAA1A4440
:10E79000A34239D30CA90023281F1A1DA24245D930
:10E7A000EA18A3424AD300972B4622462946404600
:10E7B000FFF7D6FD074620B92246294658461BF0EA
:10E7C000D2FE1021484600F045F81021504600F0D6
:10E7D00041F80023102130462B6200F03BF8102155
:10E7E000284600F037F8384611B0BDE8F08F0CBF6E
:10E7F00001220022D201BFE708685CF8043B4340D5
:10E8000041F8043B1346BEE711781AF80300414073
:10E8100002F8011B0133BBE7AB1851F804CBDB68EE
:10E8200083EA0C0340F8043B134692E7835851F8FF
:10E8300004CB83EA0C0383501346AEE70CA811788F
:10E84000C05C414002F8011B0133AAE7004FCAE750
:10E85000009FFFFF10B50A46044619B1024B002184
:10E860001B68984710BD00BFA4090020014B1B681E
:10E87000184700BFAC090020014B1B68184700BFB8
:10E88000A809002010B500F0FE44B4F1A06F029A70
:10E8900014D0B4F1806F0CBF0B4C0C4CA0420DD1C6
:10E8A0000124B1F5105F1C7008D10AB10223137066
:10E8B000054B984205D0054B984202D06FF0850079
:10E8C00010BD0020FCE700BF004440040002C0036C
:10E8D0007FB5036816460E4A23F47E1393420D4615
:10E8E00013D169460430FFF7E7FE044620B93246EB
:10E8F000694628461BF037FE68461021FFF7AAFF3D
:10E9000020461AF08AF804B070BD6FF08800FAE76C
:10E910000002C00310B5036804464BB1094A23F452
:10E920007E13934206D10430FFF744FC002323609A
:10E93000002010BD4C2200211BF03DFE6FF088002E
:10E94000F7E700BF0002C0032DE9F843D0F80090BC
:10E9500005460E461746B9F1000F30D123F47E1458
:10E960000360184B9C420FD100F10408404619F097
:10E97000DBFE318872884B46204619F0F8FE0146CE
:10E9800058B96FF0850416E04C2249461BF013FE7F
:10E990006FF085042046BDE8F8834046FFF738FC59
:10E9A00020B9728839464046FFF7D8FD1AF035F88D
:10E9B00004460028EED02846FFF7ACFFEAE76FF0E8
:10E9C0008804E7E70002C00310B503685BB1074C99
:10E9D00023F47E13A34206D10430FFF7E7FDBDE820
:10E9E00010401AF01AB86FF0880010BD0002C00382
:10E9F0000E4B0340B3F1607F06D1B1F5885F14BFC1
:10EA00006FF0860000207047B3F1707F0BD101F4E6
:10EA1000E043B3F5005F06D111F4E06F0CBF6FF077
:10EA20008600002070476FF0860070470000C07FAE
:10EA30008A42F8B506460C4600F0DB806F4922F4A6
:10EA4000FF7323F001038B420ED06D4B22F0FF01C8
:10EA5000994209D06B4822F47F7323F00303834269
:10EA600002D0694B994228D1684B24F0FF019942AA
:10EA70000FD114F0FF000BD0654B40F000709842AE
:10EA800040F0B98082EA0400FF288CBF00200120FA
:10EA9000F8BD5B4B9942ECD0A3F588539942E8D07E
:10EAA00024F4FF7323F00103B3F1062FE1D056489D
:10EAB0008142DED053498B42DBD004F0FE43B3F1F8
:10EAC000A06F14D102F0FE43B3F1A06F40F0938029
:10EAD00082EA040333F47E1340F08D8014F4004086
:10EAE000D6D0C4F30540C2F305429042CDE7B3F15E
:10EAF000407F6AD102F0FE43B3F1407F7BD182EACE
:10EB0000040535F47E1576D131462046FFF770FFB7
:10EB1000002870D13F4B12F47C1703EA02031BD08C
:10EB2000B3F1607FC2F305473FD13B49D3B243F015
:10EB300000738B423DD003F17E43043B0F2B01D881
:10EB40003649CD5C14F47C1FC4F3054333D1BD4278
:10EB500014BF002001209BE7B3F1607F0DD12E4947
:10EB6000D3B243F000738B421DD003F17E43043BCC
:10EB70000F2BDAD82A49CF5CD7E7B3F1707FE1D108
:10EB800006F4E043B3F5005F03D1C6F30223012787
:10EB90009F4006F4E043B3F5005FD3D1C6F30221F2
:10EBA00001258D40CEE71027BFE7B3F1707FC9D1B3
:10EBB000EFE71025C6E712F47C1F01D1AB4218D055
:10EBC00022047FF565AFBB425FE7B3F1106F12D14E
:10EBD00024F01F6020F4702068B902F0FE43B3F106
:10EBE000106F7FF455AF0F48104040F01060A04206
:10EBF000AEE701204CE700204AE700BF0002000614
:10EC000000130006000400060009000600030006C9
:10EC1000FF0000020000C07F03000002523D070019
:10EC2000523D07000000FFF637B50D4D6B78022B03
:10EC30000C4612D12B78072B0FD1002301930A46E3
:10EC400001AB0146281D19F085FD20B9019BA342A7
:10EC500018BF6FF0930003B030BD6FF08800FAE783
:10EC600038AC0020F0B50446084604F0FE41B1F18E
:10EC7000106F87B02BD124F01F6121F4702131BBBC
:10EC800045682D0A00F1200121D1068806F44F4580
:10EC9000B5F5824F1BD10F4D0F4F254045F0106544
:10ECA000BD4214D1F6B2122E11D14588B5F5807F40
:10ECB0000DD10E9D04950D9D03950C9D0092CDE9FF
:10ECC00001352346426E1AF0D7FB07B0F0BD6FF056
:10ECD0008500FAE70000FFF6000002092DE9F8437D
:10ECE000884617461C4600F0E9F9054688BBD8F867
:10ECF0000060B6F8009009F4E043B3F5804FB368C4
:10ED000008BF27F0010737EA03031AD10CB3254BDC
:10ED100024F0FF029A421FD114F0FF0304D0224ACC
:10ED200043F00073934232D0F16822464846FFF721
:10ED30007FFE074668B9316922464846FFF778FEEC
:10ED400070BB6FF084050023C8F8003030461AF01D
:10ED500006FB2846BDE8F883144B9A42DCD0A3F5A5
:10ED600088539A42D8D024F4FF7323F00103B3F1FF
:10ED7000062FD1D00E498A42CED00E4A9342CBD034
:10ED800004F0FE43B3F1407F04D12304CCD56FF0EF
:10ED90008605D8E7B3F1A06FF7D0034B9C42C2E7DA
:10EDA0003D46D6E700030006FF0000020013000600
:10EDB000000900060004000638B500F0FE43B3F178
:10EDC000407F04460D4602D06FF0860038BDFFF745
:10EDD0000FFE0028FAD114F47C1F12D0C4F30543AF
:10EDE000032B137022D9284A2240B2F1607F3DD113
:10EDF000264AE4B244F0007494422BD1102BE5D99A
:10EE0000E2E7214B2340B3F1607F15D11F49E3B204
:10EE100043F000738B4202D110231370D6E703F145
:10EE20007E43043B0F2B04D9002313706FF0850041
:10EE3000CCE71749CB5CD3E7B3F1707FF4D101F491
:10EE4000E043B3F5005FEFD1C1F3022101238B4012
:10EE5000DBB2C5E704F17E44043C0F2CB4D80D4A64
:10EE6000125D9342B0D8202BB0D9DFE7B2F1707FAA
:10EE7000AAD105F4E042B2F5005FA5D1C5F30225A1
:10EE80000122AA40EDE700BF0000C07F030000029E
:10EE9000523D0700523D070007B5002300911A4676
:10EEA00002491AF04AF903B05DF804FBD0E6060007
:10EEB00010B5114C2378580744BF23F00403237086
:10EEC0002378990705D500F097F8237823F00203FB
:10EED000237063781BB1094A0023636053600023E9
:10EEE000064863700821FFF7B5FC2378DA0744BFB2
:10EEF00023F00103237010BD38AC00203CAC00208F
:10EF000038B5184C62782378022A01D1072B09D032
:10EF10009B070AD52378DD0713D562782378A2B141
:10EF200058071AD50025284638BD00F05DF823782B
:10EF300043F00203237005460028EBD0FFF7B8FF2B
:10EF4000F1E743F001032370E7E7D907E8D5064965
:10EF500062604A6002226270E2E743F004032370B9
:10EF6000E0E700BF38AC00203CAC002000F140429C
:10EF70000F2A38B504460D460CD81A4B682101FB00
:10EF800002331A7E022A02D15A69824218D06FF0E7
:10EF90008B001FE001211AF0BCF9E0B1114A0020FA
:10EFA0001346117E022902D15169A14205D00130D8
:10EFB000102802F16802F4D1E9E7682202FB00336D
:10EFC0001A7E022A0AD1DA69511C07D00132DA61AD
:10EFD00000202B6038BD6FF08700FBE76FF09600D4
:10EFE000F8E700BF44AC0020024B012283F88026E2
:10EFF0000020704744AC00202DE9F0410A4C002568
:10F0000026464FF001080327C4F81C8027762046C7
:10F01000013519F0E9FD102D04F16804F4D1002345
:10F0200086F88036BDE8F08144AC0020F8B5214D6B
:10F0300095F8803606460F46002B34D000242B4628
:10F040002246197EF9B13CB9022905D1D96919B90D
:10F050001979002918BF1C460132102A03F16803F0
:10F06000EFD114B96FF08C000BE0237E022B04D19A
:10F07000E3695A1C1CBF0133E361204619F0B4FD5B
:10F0800010B100240DE01C46237E7BB901232376BA
:10F0900036B1094B651BED105D4305F180453560C8
:10F0A00000203C60F8BD6FF08800EAE76FF0960042
:10F0B000E7E700BF44AC0020C54EECC438B5094BAF
:10F0C00000250D6093F880360C4643B1FFF74EFFE4
:10F0D00010F18C0F02D125606FF0870038BD6FF002
:10F0E0008800FBE744AC0020043004289ABF034B9F
:10F0F00033F910006FF08300704700BF26EE060062
:10F10000014B1AF094BA00BF78E7060070B51446B8
:10F1100088B006460D46204621460C4A1AF0E7FA0A
:10F12000224621466846FFF7EBFF6A4631463046E5
:10F13000FFF7E6FF224669466846FFF7E1FF6A46A9
:10F1400029462846FFF7DCFF08B070BD78E70600C7
:10F1500030B5044689B01AF02FFA0C4A21466846A9
:10F160001AF0C2F90121054668461AF0A1F96A466B
:10F17000214610461AF0B8F92DB1003818BF012009
:10F18000404209B030BD4FF0FF30FAE734E70600E7
:10F1900030B589B004461AF0A7F921460546054A5C
:10F1A00068461AF08BF92A46694620461AF0B3F9E8
:10F1B00009B030BD78E7060070B5044690B00D4642
:10F1C000114616461AF0F8F9234A214608A81AF003
:10F1D0008BF901283DD1114620461AF067FA06F155
:10F1E000200128461AF0E8F91B4A294608A81AF017
:10F1F0007BF901282DD1114628461AF057FA2A46E4
:10F2000029466846FFF77CFF2246214608A8FFF7FB
:10F2100077FF08A908462246FFF772FF08A90846AB
:10F220002246FFF7B5FF08A908462246FFF7B0FFC0
:10F2300008A908462246FFF7ABFF08A90846064B77
:10F24000064A1AF0DFF908A968461AF075F910B0F5
:10F2500070BD4FF0FF30FAE778E7060014E70600CC
:10F26000F0B5384E99B004460D4608A81146174629
:10F27000FFF746FF334608AA214668461AF0C2F94E
:10F2800008AA214610A8FFF783FF10AA694608A81C
:10F29000FFF736FF08AA3346114668461AF0B2F95E
:10F2A000334608AA694668461AF0ACF92A46294648
:10F2B00010A8FFF725FF10AA3346114610461AF092
:10F2C000A1F910AA214608A8FFF71AFF08AA334699
:10F2D000114610461AF096F910AA11461046FFF78B
:10F2E0000FFF10AA3346114610461AF08BF96A46F2
:10F2F00069462046FFF704FF08AA21462046FFF78B
:10F3000047FF08AA21462046FFF742FF3A46294612
:10F310003846FFF7F5FE33463A46394638461AF086
:10F3200071F9224608A92846FFF732FF6A462946A6
:10F330002846FFF7E5FE10AA29462846FFF728FFD2
:10F3400019B0F0BD78E706002DE9F04FA3B00C46E8
:10F350002C9E31490546924602A8324699461AF03B
:10F36000C3F8D6F800B031460BF0010202A80DF147
:10F3700048081AF0D0F8002140461AF099F84A4699
:10F3800041460AA8FFF704FF0122514628461AF019
:10F39000C2F80122494620461AF0BDF81F4A012151
:10F3A0001AA81AF099F96FEA0B0202F001020AA9F1
:10F3B00020461AF0B0F8FF277B0922AA02EB83034C
:10F3C00007F01F0253F8806CD64086EA0B06F24322
:10F3D00002F00102494640461AF09DF806F001028B
:10F3E0000AA940461AF097F81AAA21462846FFF7BC
:10F3F00037FFCDF8008053461AAA214628461AF056
:10F40000B8F9013FD8D11AAA21462846FFF77EFE57
:10F4100023B0BDE8F08F00BF34E7060078E70600B0
:10F420002DE9F74306460D46174698464FF0050965
:10F43000B9F1010905D14FF0FF34204603B0BDE812
:10F44000F083202130461AF0F5F90028F3D1314637
:10F450002846FFF77DFE04460028E9D1034B044A05
:10F46000009541463846FFF76FFFE6E7D4E6060011
:10F47000F4E6060030B599B00D4610AB694608AA0F
:10F48000FFF7CEFF202104466846FFF7E3F96CB989
:10F49000084A08A928461AF05AF9064A10A905F19F
:10F4A00020001AF054F9204619B030BD4FF0FF3457
:10F4B000F9E700BF78E7060070B5AAB002AD0646CE
:10F4C00028461446FFF744FEC8B9224612A90AA8E6
:10F4D000FFF772FE0446A8B90AAA22A91AA8009545
:10F4E00012ABFFF731FF094A1AA930461AF02FF97B
:10F4F00028462021FFF7AEF920462AB070BD6FF0F4
:10F500000204F5E76FF00104F2E700BF78E70600B8
:10F5100070B59AB002AE05463046FFF719FE0446B4
:10F52000C0B90E4B0E4A009612A90AA8FFF70CFFAD
:10F5300020213046FFF78EF90A4A0AA928461AF018
:10F5400006F9084A12A905F120001AF000F9204630
:10F550001AB070BD6FF00204F9E700BFD4E60600F0
:10F56000F4E6060078E70600F7B52B3989B21529CD
:10F5700027D8154BCB40DB0723D505691348866890
:10F5800005F10801736898470023AB760446A8B9D3
:10F59000AB8B328928782F7E534301A90193F2F770
:10F5A00017FB044650B90198384100EB800080B247
:10F5B000E88300B21AF081F985F82000204603B0F4
:10F5C000F0BD6FF08504F9E72100200078AF060058
:10F5D00070B50469124D28461AF0ABFAE0B1142256
:10F5E000002104F108001AF0E6FF04F11C020D49A5
:10F5F00022614FF45062C4E90012022201236261C9
:10F6000040F20C42E3602283A376AB682146284691
:10F610001B68BDE8704018476FF0120070BD00BF56
:10F6200078AF06000604284010B50469406894F9D4
:10F63000013024291ED100216170018AA1B14FF44B
:10F64000B474634393FBF1F11160018A93FBF1F40D
:10F6500001FB14332BB109494B435360018A93FBDF
:10F66000F1F35360002010BD94F90230136094F957
:10F670000330F6E76FF08500F5E700BF40420F006A
:10F6800010B483689C693CB1054BA44613405DF8F7
:10F69000044B02F0B07260475DF8044B704700BF46
:10F6A0004000000670B504694668E0613379154A88
:10F6B000012505FA03F3C4E9022330688368DB6996
:10F6C000211D13B96FF0040070BD2A469847002829
:10F6D000F8DB337B0C4A05FA03F3C4E90523B06871
:10F6E0008368DB6904F11001002BEBD02A469847B0
:10F6F0000028E7DB04F1280004491AF090FC002000
:10F70000E2E700BF379A0600519A06006B9A06009E
:10F71000034A044B02609B1A1820B3FBF0F07047B9
:10F7200058AE060098B0060070B5044688B103785C
:10F73000C3B10D4D0D4EB54201D3002409E0296837
:10F74000A14208D128461AF0F4F9002814BF2C462B
:10F750000024204670BD2046D6F73CFD0028F1D09D
:10F760001835E8E71C46F4E758AE060098B00600E6
:10F7700038B5EFF31185202383F31288BFF36F8F21
:10F78000064B9C681AF0E8F985F31188BFF36F8F78
:10F790002046BDE83840DBF73DBD00BF24B3002064
:10F7A00038B5094B53F82040013053F82050A5429A
:10F7B00000D838BD636823B120461AF0D0F9083468
:10F7C000F5E723689847FAE708E8060070B52B4B81
:10F7D0002B4C2C4D012286B003201A70FFF7E0FF5E
:10F7E00001F05AFC1AF0D7F90420FFF7D9FF26469A
:10F7F000AE4204F1300410D300F0D8FF204C224E6A
:10F80000AC4226D300F0E6FF03F019F81F4A137B41
:10F8100023F00103137306B070BD54F80C3C05933C
:10F8200054F8103C049354F8143C039354F8183CD7
:10F83000029354F81C3C019354F8203C009354E983
:10F840000A2354E90C0100F0CDFD54F8303C5E650C
:10F85000CDE7D4E90A23B3F1FF3F08BFB2F1FF3F80
:10F8600005D052EA0301206803D101F091F8303449
:10F87000C6E73146183001F037FAF8E716C700201E
:10F8800018B2060048B2060071A20600883C0020AB
:10F8900008B50348034A0021121A1AF078F908BD86
:10F8A000580E002018C7002070B5144E144D15498D
:10F8B000C82386B003FB006601220023CDE90423A0
:10F8C0000F22CDE902320193182303FB00554FF4B8
:10F8D000A072044602FB00110B4B0095304600F06D
:10F8E00081FD737B2C7423F004037373074BEE606C
:10F8F000013403EBC4236B6006B070BDC03B002035
:10F9000024B3002010010120079D060010F90020FB
:10F91000BFB50020FFF744FF294B83F30888294C2B
:10F92000294F636943F4007363610025E02384F881
:10F930002230E57725766576A57684F82050636ACF
:10F9400043F4E023636284F82350DBF723FCDBF706
:10F95000B5FD4FF0FF33A362E362DBF749FEDBF74F
:10F96000D1FD1A481A4C00F0A7FD1AF0E1F8012069
:10F97000FFF716FF0220FFF713FF00F05FFF154BA4
:10F9800015499C61154B05930123CDE903534FF4B1
:10F9900080623B46CDE901550095204600F022FDEE
:10F9A000627B064622F00402204662731AF023FCB2
:10F9B0002846FFF779FF3A4631462046DBF754FDEB
:10F9C0001001012000ED00E0CDF70400383E0020DA
:10F9D000883C002024B3002050020120763D07001F
:10F9E00038B5064C064DAC4201D3002038BDD4E9F1
:10F9F000011220461AF0D0F81434F4E7280B002046
:10FA0000280B002038B5064C064D0020AC4200D330
:10FA100038BD20461AF026F90028F9DB1C34F5E73A
:10FA2000B80A0020280B002073B50C46EFF31181B3
:10FA3000202585F31288BFF36F8FC5685DB12560FF
:10FA40002B68C360836901338361002081F31188CF
:10FA5000BFF36F8F11E052EA030603D125606FF008
:10FA60000B00F3E7CDE900230246083000F0FCFD6F
:10FA700018B9034B9B685B69236002B070BD00BF7F
:10FA800024B300202DE9F34104460E4600F1080896
:10FA9000EFF31187202181F31288BFF36F8F006A83
:10FAA000E168884237D22568AC4217D0B5B1284604
:10FAB0001AF034F905F118001AF064FCA2686869BC
:10FAC00031461AF050FD0023EB6728461AF093FBED
:10FAD0004046394600F044FE002029E0A268E06973
:10FAE00031461AF040FDE369A26813446269E3619C
:10FAF000934204BF2369E361236A01332362102127
:10FB000004F124001AF009FD0028E1D187F31188DF
:10FB1000BFF36F8F0CE052EA03010CD007498968EC
:10FB200040464E61CDE900233946224600F09CFD57
:10FB300002B0BDE8F0816FF02200E7E724B30020B7
:10FB4000F7B5044604F108070846EFF311862021B3
:10FB500081F31288BFF36F8F216A002939D0A26820
:10FB6000A1691AF000FDA369A268256813446269BF
:10FB7000A361934204BF2369A361236AAC4203F1EA
:10FB8000FF33236233D02846002D31D01AF0C6F857
:10FB900005F118001AF0F6FBA2686969E0691AF02D
:10FBA000E2FCE369A26813446269E361934204BF23
:10FBB0002369E361236A0133236200242846EC674A
:10FBC0001AF019FB3846314600F0CAFD204603B052
:10FBD000F0BD52EA030110D0094989684861CDE9B6
:10FBE000002331462246384600F03EFDEFE7002074
:10FBF00086F31188BFF36F8FE9E76FF02200F7E714
:10FC000024B300202DE9F341044617461E46EFF3C6
:10FC10001188202383F31288BFF36F8FC368334AA0
:10FC20007BB180689168884219D057EA060318D1E1
:10FC300088F31188BFF36F8F6FF00F0002B0BDE83B
:10FC4000F081916891F90E1021610133E3609368AE
:10FC5000A36088F31188BFF36F8F0020EEE721695E
:10FC6000F2E791F90E1090F90E309942A8BF1946AB
:10FC70006FF07E029142B8BF11468B422DDD1AF023
:10FC80005AF80546CDE9007619482246414600F06B
:10FC9000EBFC0028E1D0EFF31186202383F31288D8
:10FCA000BFF36F8FA068D0B1236821699C420AD04E
:10FCB0004BB193F90E309942A8BF19466FF07E03FD
:10FCC0009942B8BF19461AF036F840B10848314693
:10FCD00000F046FD6FF00A00B0E70025D2E7002DE6
:10FCE000F4D186F31188BFF36F8FF3E724B30020BC
:10FCF00017C70020F8B583680546002B3FD0234A7C
:10FD0000926893423ED1C368012B03D9013BC36083
:10FD10000020F8BDEFF31187202383F31288BFF38F
:10FD20006F8F016980681AF006F82C68A54207D128
:10FD30000023C5E9023387F31188BFF36F8FE7E72C
:10FD4000002CF5D0D4E9003213605A60637B0026A2
:10FD500023F002036373C4E90066A66004F118008F
:10FD60001AF010FBAC6094F90E302B612046E66768
:10FD70001AF041FA0648394600F0F2FCC8E76FF085
:10FD80001500C6E74FF0FF30C3E700BF24B30020E3
:10FD900017C7002037B51146EFF31185202282F3F3
:10FDA0001288BFF36F8F04689CB12368426823F008
:10FDB00003039442036008BF4360012120461AF008
:10FDC00048F8044685F31188BFF36F8F204603B0CF
:10FDD00030BD51EA0302F5D000F10802CDE900136D
:10FDE0001046294600F040FC0028EFD1014B9B68EB
:10FDF0005C69EBE724B3002070B5EFF31186202394
:10FE000083F31288BFF36F8F0468A0421AD0CCB17D
:10FE1000D4E9003213605A60637B002523F00203AB
:10FE2000C4E900556373A56004F118001AF0AAFA3A
:10FE3000E56720461AF0DFF931460B48BDE870400F
:10FE400000F08EBCD0E902329A4218BF01338360C1
:10FE5000022110301AF061FB0028EDD186F31188E1
:10FE6000BFF36F8F70BD00BF17C7002013B5EFF34E
:10FE70001181202484F31288BFF36F8F846844B10A
:10FE8000013C846081F31188BFF36F8F002002B0C2
:10FE900010BD52EA030406D181F31188BFF36F8FBE
:10FEA0006FF00F00F3E7CDE900230246014800F0B0
:10FEB000DBFBECE717C700202DE9F8430546EFF31D
:10FEC0001188202383F31288BFF36F8F00263746F3
:10FED0006FF00A092C68A54216D0ACB1D4E9003203
:10FEE00013605A60637BA76023F002036373C4E965
:10FEF000007704F118001AF045FAC4F87C90204607
:10FF00001AF079F90126E5E70023AB60022105F13B
:10FF100010001AF002FB30B92EB988F31188BFF334
:10FF20006F8FBDE8F88341460248BDE8F84300F012
:10FF300017BC00BF17C700201FB5094A92E803008D
:10FF400002AB83E803004FF4406200930549064882
:10FF50004FF0FF3300F06AF9002005B05DF804FBB4
:10FF60008CB4060050060120503D00202DE9FF41D1
:10FF70004F4E04462027EFF3118887F31288BFF312
:10FF80006F8FD4F8C850F5B9022104F1E00019F0E0
:10FF9000D3FF002868D004F1D805002201212846AB
:10FFA0001AF0B5F90028F8D1002302934FF0FF3280
:10FFB0004FF0FF33CDE90023414604F1D0023D4824
:10FFC00000F0B0FDD7E7D4F8CC202B68C4F8C830D7
:10FFD000954208BFC4F8CC30D4F8E03043F00203B7
:10FFE000C4F8E030EB6823F0040343F00103EB6056
:10FFF0006B6888F31188BFF36F8F28469847EFF33B
:020000025000AC
:10000000118887F31288BFF36F8FEB68D80623F04F
:10001000010236D4EA60EB689A0716D5306823F0FF
:100020000203EB6088B10368002170B14268954219
:1000300035D1036869BB72683360824200D1736056
:10004000002340F8083BFFF7D7FED4F8E03023F058
:100050000203C4F8E03088F31188BFF36F8FDB052B
:1000600089D400F0F3FB86E7D4F8E030D9069BD5BD
:10007000C4F8E00088F31188BFF36F8F04B0BDE8C7
:10008000F08123F01103EB6005F11000FFF7B4FEDF
:10009000C1E70B607368834208BF7160D0E723B18A
:1000A0001A68014618461346BFE71A46F9E700BF2B
:1000B0004CB3002017C7002070B5C368C3F34006D7
:1000C0009B0705460C460DD50122002104F10800CE
:1000D00019F022FF00232360054B65605A681AB9A6
:1000E000C3E90044304670BD14605C60FAE700BFAD
:1000F0004CB30020F8B5C3689A0704460F46C3F313
:1001000040062CD45B071AD40B680BB983680B60CC
:10011000E368DD0744BFA3683B603D684CBF02262F
:100120000126002D3AD01F4B9B68AB420AD0D5F870
:10013000E030D807C3F3800214D46FF01206002316
:100140003B6025E01AF014F8D5F8E0300028F0D133
:10015000D907C3F3C002F0D552B15B0708D46FF0E2
:100160000F06ECE7002AFAD1C3F3C003002BF6D147
:1001700000232360D5F8CC3063B9C5E93244284662
:1001800019F0F5FEE36843F00403E3603B68A36005
:100190003046F8BD1C60C5F8CC40F0E76FF015069E
:1001A000CDE700BF24B30020F8B5C36803F0050312
:1001B000002B06460C4614BF012700271CD085687B
:1001C0000122002104F1100019F0A6FE1349204677
:1001D00019F025FFE36843F01003E360F3685B0761
:1001E00012D5336823606BB9D5F8CC3033B9C5E983
:1001F0003244284619F0BBFE3846F8BD1C60C5F8ED
:10020000CC40F6E73460F4E7D5F8C8302360D5F881
:10021000CC30C5F8C840002BEBD1F0E74F9F06006B
:100220000146014819F017BF503D0020F0B589B0D4
:1002300004460020C4E932000E9D04F1D000C4E958
:10024000340004F1D800C4E936004DB32879002801
:1002500040F2011008BF0120C4F8E00000204FF078
:10026000FF364FF0FF37CDE90330CDE90100CDE98E
:1002700006670C4B0094204600F0F2F855B129684F
:1002800011B1204619F07AFF6B791BB1237B43F043
:1002900001032373204609B0BDE8F04000F078BBAD
:1002A0000120D9E76DFF040037B501900846EFF350
:1002B0001184202181F31288BFF36F8FC16811F080
:1002C0001E0F16D153EA020508D101A9FFF712FF4C
:1002D00084F31188BFF36F8F03B030BD41F0080184
:1002E000C160019981621030034900F0FDFC0120DA
:1002F000EEE70020ECE700BFE39F0600014601485F
:10030000FFF7D2BF503D0020F7B50C4601901646CE
:100310001D46EFF31187202383F31288BFF36F8FFD
:10032000084619F015FE55EA060309D101A9204631
:10033000FFF7E0FE87F31188BFF36F8F03B0F0BDC6
:10034000E368074943F00803E360019BA36204F1FB
:10035000100032462B4600F0C7FC0120EAE700BF40
:10036000E39F060001460148FFF7CEBF503D002045
:100370002DE9F0410546EFF31187202383F312881E
:10038000BFF36F8F0468A04223D014B3204619F046
:10039000E2FE04F1180019F0F5FF0026B046C4F89B
:1003A0007C80204619F027FF2C68A54206F1010643
:1003B00008D03CB1204619F0CEFE04F1180019F027
:1003C000E1FFECE70648394600F0CAF93046BDE8DF
:1003D000F08187F31188BFF36F8F0026F6E700BF27
:1003E00017C700202DE9F04385B0984600F1580367
:1003F0000732C0E91633109B037322F0070504236C
:100400000026437301EB05090F9B83730F46C0E978
:10041000066649468660C6730446DAF763FD073010
:100420000E9B20F00700E066C4E9197502930D9B4E
:100430000193A9EB00090C9B00934A4643463946B9
:100440002046DAF7CDFF054B66659B6803B11B6F4D
:100450002367484605B0BDE8F08300BF24B3002001
:10046000F0B587B000250595109D04950F9D039567
:100470000E9D0295DDE912760D9D01950C9D00956E
:100480000446FFF7AFFFB6F1FF3F08BFB7F1FF3FEC
:1004900005D056EA070305D1204600F079FA204638
:1004A00007B0F0BD03493A46334604F1180000F0A6
:1004B0001BFCF4E771A2060040F2011383810023C4
:1004C000C0E919330367014B9860704724B30020DB
:1004D000094A93686FF00A01D967084998674B6821
:1004E00043F080534B60002383F31188BFF36F8F79
:1004F0009368D86F704700BF24B3002000ED00E080
:1005000070B590F90D20437B002A36DBD90634D133
:100510001B4C63F07F032246437352F81C3F216A51
:10052000934207D1C0E900210860206211E099429E
:10053000F8D01B68002BF5D090F90E5093F90E609F
:10054000B542F4D0AE42F2DD5968C0E9003108602E
:100550005860E569954200D005B9E568A3685A7B03
:10056000D20604D1DA897F2A01D9AA6932B1AB4215
:1005700002D0284600F016FBA56170BDA361FCE720
:1005800024B3002038B590F90D20437B002A0146A2
:1005900004DA03F07F03437319F0F3FD0D4D2A468F
:1005A000AB6852F81C4F944200D004B9EC688B42FF
:1005B00007D05A7BD20604D1DA897F2A01D9A269F1
:1005C0002AB1A34202D0204600F0ECFA2346AB61E8
:1005D00038BD00BF24B3002070B590F90D20437BD7
:1005E000002A014604DA03F07F03437319F0C9FDC2
:1005F0004B7B1C4C63F07F0322464B7352F81C3F2D
:10060000206A934207D1C1E900200160216211E014
:100610009842F8D01B68002BF5D091F90E5093F951
:100620000E60B542F4D0AE42F2DD5868C1E9003048
:1006300001605960E569A368954200D005B9E56895
:100640008B4207D05A7BD20604D1DA897F2A01D99E
:10065000AA692AB1AB4202D0284600F0A3FA2B4681
:10066000A36170BD24B30020F8B5124B0C461146AF
:10067000114A98681060DDE90676EFF311822022B6
:1006800082F31288BFF36F8F9D68284619F08BFDA7
:10069000B6F1FF3F08BFB7F1FF3F06D007493A4622
:1006A000334605F1180000F01FFB2046BDE8F84076
:1006B000FFF70EBF24B3002054B3002071A2060040
:1006C000F8B50446EFF31187202383F31288BFF3B4
:1006D0006F8F437B03F01F02002A0CBF0126002608
:1006E00049B239D103F07F03437319F04AFD1B4D22
:1006F000437B817363F07F032A46437352F81C3FA8
:10070000934227D1286AC4E9002004602C620FE0DC
:100710008342F8D01B68002BF5D093F90EC06145D9
:10072000F6D08C45F4DD5968C4E900310C605C609A
:10073000EC69944200D004B9EC68AB689C4202D0EA
:10074000204600F02FFAAC6187F31188BFF36F8F5A
:100750003046F8BD286ADEE78173F5E724B3002050
:1007600049B9EFF3058030B9054B9A699B689A4205
:1007700001D0FFF7ADBE81F31188BFF36F8F7047D3
:1007800024B30020034648B9EFF3058232B9064A84
:1007900091699268914201D0FFF79ABE83F3118864
:1007A000BFF36F8F704700BF24B30020EFF31181B8
:1007B000202383F31288BFF36F8F054B9A68D37B96
:1007C000013BD37381F31188BFF36F8F704700BF74
:1007D00024B3002070B5EFF31186202383F3128831
:1007E000BFF36F8F144DAB68DA7B0132DA732A46A0
:1007F00052F81C4F944200D004B9EC685A7BD206E0
:1008000004D1DA897F2A01D9A2692AB1A34202D090
:10081000204600F0C7F92346AB6186F31188BFF389
:100820006F8FEFF31180202383F31288BFF36F8F54
:10083000BDE87040FFF7A6BF24B30020024B03F1D0
:100840001C02C3E90722704724B3002070B5EFF300
:100850001186202383F31288BFF36F8F1B4CA1688E
:10086000206A0B68814214BF1A46002249680B6057
:100870005960A368216A2AB9154AC3E900210B60AF
:1008800023620CE093F90E0092F90E50A84218D0A2
:10089000854216DD5168C3E900210B605360E569AC
:1008A0000B4B9D4200D005B9E568A3689D4202D07C
:1008B000284600F077F9A5613046BDE87040FFF7A3
:1008C00007BE8A42D8D01268D5E700BF24B3002003
:1008D00040B3002050EA01032DE9F04105460E46E1
:1008E00004D1FFF7B3FF0020BDE8F081831C71F154
:1008F000FF3324DB19F067FD4419EFF3118820233F
:1009000083F31288BFF36F8F0F4F104BB8681860D6
:10091000FFF738FEB8680E492A463346183000F013
:10092000E3F9BA68537B43F0040353734046FFF77F
:10093000CFFD19F048FD201A20EAE070D4E76FF0EF
:100940000104241AD9E700BF24B3002054B30020C7
:1009500071A206000C490D4A38B500244FF4004539
:100960008C462146C0FB05C100236046D5F718FC24
:10097000C117FFF7AFFF054A47F6FF73C0FB02340C
:10098000DB0B43EA444038BD3F420F0040420F00BA
:1009900038B50446EFF31185202383F31288BFF3A3
:1009A0006F8F437B5B070FD5183019F0EBFC637B2F
:1009B00023F0040320466373FFF7A2FD2946054890
:1009C000BDE83840FFF7CCBE85F31188BFF36F8FC9
:1009D00038BD00BF17C70020014B9868704700BFA3
:1009E00024B300202DE9F8430446077BEFF311857B
:1009F000202383F31288BFF36F8F437B190705D53C
:100A000085F31188BFF36F8FBDE8F883D90943F0F0
:100A100008025DD14273A36813B1204619F0B9FBF7
:100A200004F1180019F0AEFCA66D04F15808B045A9
:100A300011D04FF0000976B1304619F0AAFB06F14B
:100A4000180019F09FFCC6F87C903046FFF758FD5F
:100A5000A66DB045EFD1DFF8C880D8F808309C42C9
:100A60003ED1EFF30589B9F1000918BF4FF0010934
:100A7000D8F81C60284A964200D00EB9D8F80C600D
:100A8000B34202D0304600F08DF82046C8F8186016
:100A9000DAF7C6FCB9F1000F02D02048FFF70CFDD1
:100AA000D8F808309C4231D1EFF3058373BB227B29
:100AB000D20718D42846FFF70BFDFB07A4D5002367
:100AC00083F31188BFF36F8F0423184602DF9BE77F
:100AD00003F07F0343F00803437319F052FB9AE7D6
:100AE0004FF00009C4E785F31188BFF36F8F83F3DC
:100AF0001188BFF36F8F0423184602DFEFF31180D4
:100B0000202383F31288BFF36F8FD4E785F3118816
:100B1000BFF36F8FD1E700BF40B30020383E002005
:100B200024B30020D3B5DDE90667089CCDE9006752
:100B3000FFF79AFD1CB1034B9B685B69236002B011
:100B4000D0BD00BF24B30020044BC01A044BC0101A
:100B50005843044B01221A54704700BF003F002045
:100B6000ABAAAAAA17C70020C3897F2B12D80A4BA9
:100B70001B6863B1094B90F90E201B689A4209DB90
:100B8000437BDB0606D1064BC31A18BF012303F0D3
:100B9000010070470023FAE75CB3002058B300203F
:100BA000C03B002070B50E4B0E4C1E7C06EB46037E
:100BB00004EBC3040546204619F0E4FB0A4B00226F
:100BC00028469A55FFF7D0FF48B1084B08491A68E4
:100BD000013A2046D317BDE8704000F085B870BDDB
:100BE00024B30020003F002017C700205CB3002082
:100BF000490B050038B5EFF31185202383F31288E4
:100C0000BFF36F8F104B114A9C681068A04206D149
:100C1000FFF7C8FF85F31188BFF36F8F38BD002140
:100C20001B7C11600A4AD35C002BF3D02046FFF7EF
:100C30009BFF0028EED0637BDB0602D12046FFF746
:100C4000CBFC2046E4E700BF24B3002054B30020CF
:100C500017C700200748084A084908B5121A18F0B3
:100C600098FF0748074A0849BDE80840121A18F0DB
:100C700090BF00BF00000020570E0020303E07004C
:100C80000000002000000020303E0700024B1868E2
:100C9000984208BF00207047B0090020034B1B6832
:100CA0000BB9F2F767BF0020704700BF60B30020A8
:100CB00030B570B10B4B5B6898420AD0036843B102
:100CC000D3E90421D0E90445121941EB0501C3E938
:100CD0000421D0E9003213605A600023C0E90033D8
:100CE00030BD00BFB0090020B3F1FF3F08BFB2F133
:100CF000FF3FF8B504461D4616465AD08160EFF313
:100D00001187202383F31288BFF36F8F013275F1AF
:100D1000FF3321DA2C49D1E900206FF001039B1A3F
:100D20004FF0FF3262EB00009E1B60EB0500012ECE
:100D300070F1000301DA01260020C4E90460FFF726
:100D4000A5FF224E84467068BCF1000F0DD1C4E9A6
:100D50000060046074601CE0FFF7A0FF013645F1FD
:100D60000005361845EBE070E7E7DCE90425D4E937
:100D70000431934271EB050E1CDAD21ADCF8043010
:100D800065EB0105CCE90425C4E900C31C60CCF87F
:100D90000440FFF77BFF844207D10D4B1C6824B948
:100DA00019F0D7FA2146F2F7B7FE87F31188BFF39F
:100DB0006F8FF8BD9B1A61EB05018445C4E90431CE
:100DC000C5D0DCF800C0BFE7183F0020B009002004
:100DD00060B300202DE9F047EFF31185202383F362
:100DE0001288BFF36F8F254F254E3860FFF74EFFF7
:100DF0004FF000084FF000093B68D6E9001E4FEAAB
:100E0000E37C50B1D0E90442A3427CEB020A18DA39
:100E1000E41A62EB0C02C0E904425B184EEB0C02D0
:100E20000024C6E900323C6019F093FA2146F2F73B
:100E300073FE85F31188BFF36F8FBDE8F047FFF7AE
:100E4000D9BE61184EEBE473C0E90489C6E900130A
:100E5000FFF72EFF85F31188BFF36F8F83689847E4
:100E6000EFF31185202383F31288BFF36F8F3B6864
:100E70001B1B3B60FFF70AFFBEE700BF60B300200B
:100E8000183F002010B5EFF31184202383F312885C
:100E9000BFF36F8FFFF702FF054A0346D2E9000157
:100EA000181841EBE37184F31188BFF36F8F10BD05
:100EB000183F0020F8B50446EFF31187202383F391
:100EC0001288BFF36F8F026822B187F31188BFF3D6
:100ED0006F8FF8BDD0E90A36581C46F10001022890
:100EE00071F1000127D3012B76F10001BCBF012372
:100EF00016465D1E46F1FF3619F069FA013041F1E0
:100F00000001401946EB0101012871F1000139DBB4
:100F100019F05DFA013041F100016FF00102401952
:100F200046EB0103121A4FF0FF3161EB030318493E
:100F30002046FFF7D9FE236B01332363236A6BB18D
:100F400087F31188BFF36F8F236A20469847EFF32A
:100F50001187202383F31288BFF36F8F54F8185F33
:100F6000A542B2D0002DB0D0284619F053F9002385
:100F7000EB6787F31188BFF36F8F2846BDE8F84011
:100F800019F039B96FF001024FF0FF33CFE700BF1E
:100F9000B50E05002DE9F04105461C4690461F465A
:100FA000EFF31186202383F31288BFF36F8FB4F120
:100FB000FF3F08BFB2F1FF3F05D186F31188BFF3B1
:100FC0006F8FBDE8F081531C74F1FF3309DB012AF8
:100FD00074F10003BCBF0122002412F1FF3844F178
:100FE000FF37284619F0CEF9DDE90623C5E90A23C3
:100FF00000232B63034942463B462846FFF774FE15
:10100000DBE700BFB50E050038B50346EFF31185E9
:10101000202282F31288BFF36F8FC16001218160AB
:101020000068834206D185F31188BFF36F8F0024D7
:10103000204638BDD0E9003213605A600023C0E971
:10104000003319F027FA294604460248FFF788FBC7
:10105000EEE700BF18C7002073B506460D4619F02D
:1010600087F878B90B4B9B681C6F7CB12A1D09D29D
:1010700000200021CDE9000146F00401204618F0CF
:1010800094FD08B9002401E00460041D204602B06C
:1010900070BD00BF24B30020014801F03CBE00BF7A
:1010A000843D0700242AF0B5044601D8012A40D126
:1010B00019F014FE2D4B16221A5001B10C600020BD
:1010C000F0BD2F463D4615F8010B2028F9D0A0F1C0
:1010D0000906042E0346F4D92B282CD02D282CD118
:1010E00001267B78BD1C302B2DD1287840F02000C4
:1010F000782824D132F0100021D16B782C461022B0
:1011000002350020392B82BF03F1FF3343F0200367
:10111000263B303B9A421AD9A0FB02040CB9C018F6
:1011200001D346F002062F462C4617F8013B3D46F8
:10113000E8E70746C6E70026D3E70026D3E7002AFC
:1011400008BF0822DDE7002A08BF0A22D9E701B15B
:101150000C60F20748BF4042B307B1D519F0BEFD9D
:10116000024B22221A504FF0FF30A9E70C0000007A
:101170002DE9F04101260746B24201DCBDE8F081CD
:101180003B461F4613F8014B002CF7D0252CF8D115
:101190001C78252C07F10207F2D00023DFF8048128
:1011A0009C461D461F2D18D8A4F1200EBEF1100F2D
:1011B00009D9A4F1300EBEF1090F1ED80A2404FB90
:1011C00003E3202504E028FA0EFE1EF0010F06D0EE
:1011D00017F8014B002CE5D128E07F2D1CD8A4F195
:1011E000300EBEF1090FE9D9242C10D1BCF1000F4B
:1011F00046D0B34246D00023EAE724F0040EBEF105
:101200002A0FF8D06C2C09D145F08005E0E724F0D6
:10121000040EBEF12A0FEED06C2C22D06C2C1BD801
:10122000682C23D06A2C28D04C2C26D0BCF1000F7F
:10123000A4D0B445A0D144F02007A7F1650CBCF1BF
:10124000020F0B6801D9612F1ED1073323F007036A
:1012500008330B6001368EE7742CB9D07A2CB7D0E6
:10126000E4E72C0648BF45F40075CDE7EC0548BF20
:1012700045F4007545F48075AAE745F42075A7E7A5
:101280009C46B8E76324D6E7692C02D007D8632CC4
:1012900003D02F0601D5AC05D7D40433D9E7732C7E
:1012A000F6E700BF892801002DE9F04F93B04368AD
:1012B0000193837880469807CDE9061217D50B92E3
:1012C0000B4600251F78A7B1252F16D001330593B3
:1012D000019B414638469847002805F1010580F2F8
:1012E000528498F8023043F0040388F802304FF03B
:1012F000FF35284613B0BDE8F08F5F789A1C252F84
:101300000592E5D000242646A246A346BBF11F0F56
:1013100032D8A7F12003102B0AD8DFE803F0240904
:10132000092A0909091B09090922092709091900BC
:10133000A7F13003092B2DD92A2F39D154B90B9B92
:101340001BF0400F53F8042B0B9329D0164601E0F5
:101350004BF0010B059B13F8017B0593002FD5D1B2
:101360005BE04BF0020B4BF0040BF3E74BF0080B88
:10137000F0E74BF0100BEDE7BBF17F0F3FD8A7F183
:101380003003092BD8D81BF0400F03D00A2202FBF0
:101390000636DFE70A2202FB0A3A4BF0200BD9E7B8
:1013A000B2F1000AF9DACAF1000A4BF0280BD1E7D2
:1013B0002E2F05D11BF0400F9BD14BF0400BC9E7FE
:1013C000242F1CD1002C00F04381079B0B931BF0B2
:1013D000400F0AD1524606980BA9FFF7C9FE0B9B96
:1013E0001A1DD3F800A00B92B4E7324606980BA959
:1013F000FFF7BEFE0B9B1A1D1E680B92AAE76C2F0F
:1014000000F0138100F20A81682F00F016816A2F24
:1014100000F01B814C2F00F0188134B1079B069817
:101420000B9322460BA9FFF7A3FE002E47F02003E3
:10143000B8BF2BF0400B0293A3F16503BCBF1FFAAA
:101440008BFB0026022B40F20881029B612B40F0AF
:101450008382FF4307F0200304930B9B073323F0A1
:10146000070303F108021BF0400F93ED000B0B92F2
:1014700018BF3146049A08BF4FF0FF310CA819F08D
:101480006DFB431CDBB24BF4C0540393DDF830908A
:1014900070230646A3460127029309F10903122B84
:1014A0000CD909F16303C62B40F2118109F2E7332D
:1014B00040F2CE72934294BF032704279DF8342054
:1014C00002F00C0312F0010240F01C811BF0020F2D
:1014D00040F015811BF0040400F0FB80002B40F06D
:1014E000148120231BF4405F21D1039A4832002E3F
:1014F0006A4408BF0126133A039921B112F8011D6D
:10150000302900F039811BF0100F039A18BF3246C2
:1015100019F1040FC0F23581B14580F232814A459C
:101520004BF4005B40F32F8109F10106961B1BF47D
:101530000052089200F0298129EAE974013403B1CC
:101540000134002E00F02881721C1444A245CCBF47
:10155000AAEB040400241BF0090F04D12C44A5427B
:1015600040F01F81002443B118464146019B984733
:10157000002805F10105FFF6B4AE1BF4006F13D08F
:10158000019B4146302098470028FFF6AAAE049BF5
:10159000C3F178004146019B00F0F800984700280D
:1015A00005F10205FFF69DAE1BF0080F05D12C4496
:1015B000AC4240F0028125460024089B002B00F03D
:1015C0002C8129EAE97AA9EB0A027642039B02926E
:1015D000934284BF0CABD3180AF1FF3A8CBF587901
:1015E0003020564505F1010700F3F180019B41468B
:1015F0009847029A002802F10102FFF672AEBAF192
:10160000FF3F09D1019B029241462E2098470028B6
:10161000FFF667AE029AAF1C3D46D7E7742F3FF442
:1016200099AE7A2F3FF496AEF7E61BF0800F18BF05
:101630004BF4007B4BF0800B8CE61BF4807F18BFD3
:101640004BF4007B4BF4807B84E64BF4207B81E6FB
:101650002646B3465446B2467CE6FF4307F02003D5
:1016600004930B9B073323F0070303F1080293ED68
:10167000000B029B0B921BF0400F08BF0626652B48
:1016800011D1711C0022C9B24BF4805B13461129A1
:1016900028BF11210CA800F015FBC3B2DDF8309073
:1016A00003930227F9E6029B662B05D14BF4005BFE
:1016B000334601221121EAE7F1B201294FF000027D
:1016C0004FF0650038BF012113460290DFE7022783
:1016D000F4E6002B3FF406AFBAF1030F3BDC9DF8B4
:1016E00034309B4E13F0080F9A4B08BF1E46B1468C
:1016F0004F4619F8010BB0BBAE1B374488E033BB33
:101700002B23EFE62BBB2D23ECE62022BAF1040FAE
:1017100013DD1BF0080FAAF104040FD12C44019B28
:101720000292414620209847002805F10105FFF666
:10173000D8ADA542029AF2D19AB10024019B41464C
:1017400010469847002805F10105C8DAC9E52B22A3
:10175000DCE72D22DAE71BF0080FAAF10304BED163
:10176000DCE71446BBE7049BC01A4146019BC0B2AC
:1017700098470028BCDAB4E503990139C9B203914E
:10178000BAE6561ED3E60026D1E61BF4006F0CBF66
:10179000032405243C44D2E61BF0100F18BF01348B
:1017A000D4E609934146019B202098470028099BD5
:1017B00005F10105BFF6D3AE93E5019B414630200C
:1017C0009847002805F10105BFF6F2AE89E5D1453D
:1017D0000AD19DF83530352B1DD805D19DF8343010
:1017E00013F0100F08BF3120019B41469847002895
:1017F000FFF677AD1BF0100F0AD0BAF1FF3F07D10B
:10180000AF1C41462E20019B98470028FFF669AD8A
:101810003D463C443EE23120E6E79DF83500312864
:101820001EBF9DF8343023F010038DF8343041464C
:10183000019B98470028FFF654AD002E6BDD019BFD
:1018400041462E2098470028FFF64BAD4FF0010A85
:10185000039B9A45BBBF0CAB534430205879019B86
:10186000414698470028D346FFF63BAD0AF1010AEE
:101870005645EDDA02355D44029B049A981A4146BA
:10188000019BC0B298470028FFF62BADB9F1000FBD
:1018900004DB4ED19DF83430DB064AD5C9F100098E
:1018A0002D20019B414698470028FFF61AAD042FD2
:1018B00041D14FF47A7799FBF7F606F13000019B9E
:1018C0004146C0B29847002805F10305FFF609AD6F
:1018D00007FB1699642799FBF7F606F13000019B88
:1018E0004146C0B29847002805F10105FFF6F9AC62
:1018F00007FB16990A2799FBF7F606F13000019BC2
:101900004146C0B29847002805F10105FFF6E9AC51
:1019100007FB169915E01BF0100F01D10135ABE75D
:10192000019B41462E209847002805F10205A3DAC5
:10193000D7E42B20B5E7032F05F10205CAD0012F0C
:10194000D8D109F130006F1C4146C0B25BE700BF3F
:10195000B63D0700B23D0700A7F16303122B00F26A
:10196000FB80DFE813F013005300F900F900F900E1
:10197000F9005300F900F900F900F900F90013012A
:10198000F400F900F9002800F900B5000B9B1A1DBE
:101990001B680B928DF8303001240CAF1BF0080F40
:1019A0002AD007EB04093E464E4527D1EF1B3744AA
:1019B000AAEB04042CE70B9B1A1D0B921F68AB4B80
:1019C000002F08BF1F461BF0400F14BF31464FF0D9
:1019D000FF31384618F097FF0446DFE7019B414688
:1019E000202098470028FFF67CAC013EB442F5D396
:1019F0005544AD1BB246D4E75646F7E716F8010B3F
:101A0000019B414698470028CEDA6AE41BF0800F1C
:101A10000B9B35D01BF4007F2DD0073323F0070339
:101A2000D3E9000103F108020B922BF01009002901
:101A30001FFA89F936DA404261EB410149F48069C5
:101A40000DF1300B0A235A4618F069FF19F0400FC8
:101A5000A0EB0B0B65D029F001025E4592B240F37A
:101A6000B280002F00F0A98019F01003344691468F
:101A700026D002345CE01A1D18680B92C117D4E717
:101A80001A1D1BF4807F19680B9201D10846F5E7F7
:101A90001BF4007F15BF48B208B241F3C01141F3F7
:101AA000C031C2E750EA0103CAD11BF0400FC7D0D2
:101AB000002EC5D12BF0110B1FFA8BF93446B3461B
:101AC00040F2064319EA03031CBF013400232FE050
:101AD0002BF0100B1FFA8BFB0A231BF080040B9AD0
:101AE00057D01BF400711DBF073222F0070202F12C
:101AF0000801101D19BF0B91D2E900010B9010686D
:101B000050EA010252D12BF016091BF0400F1FFAC8
:101B100089F94FD0002E4DD12BF0170B1FFA8BF9FE
:101B2000B34619F0100352D0002F4ED10BF101042F
:101B300019F0080F5ED119F0010F06D0A2456DDD36
:101B4000AAEB040404EB0B06544622464DE04BF08E
:101B5000100B10237827C0E7029B782B04D1C7F124
:101B6000780343F01003B8E7019B414625209847CE
:101B70000028FFF6B6AB019B41463846984700283F
:101B8000FFF6AFAB0235059BFFF79CBB0823002790
:101B9000A3E7111D0B911BF480711068B0D01BF4EA
:101BA00000711ABFC0B2214680B2A9E72BF0060B24
:101BB0001FFA8BF90DF1300B45E729F011091FFAD7
:101BC00089F934467CE79146ABE75C4651E75C46D1
:101BD00076E7CDE902234146019B20209847002863
:101BE000FFF67FAB029A039B01329245F1DC2C1B7E
:101BF000A5181446EBB1019B4146302098470028B8
:101C0000FFF66FAB67B901352F462E44F31B5B45DA
:101C100021DC5D460CAE5DBB5F44C9E65E4694E7E1
:101C2000023541463846019B98470028ECDAFFF719
:101C300058BB40F2064319EA030FE5D019F0020F32
:101C400014BF2B20202019F4806F05F101054146B7
:101C500018BF2D20E7E7019B414630209847002818
:101C600007F10107D2DAFFF73CBB00BFBA3D07001E
:101C7000013D019B705D414698470028CBDAFFF794
:101C800030BB019B414620209847002805F1010503
:101C9000FFF627AB631B002BF3DC74E71FB502AB29
:101CA0000093074A4FF0CC3318F01EFFDDE9020124
:101CB000C00840EA4170C90805B05DF804FB00BFE8
:101CC000CDCCCCCC2DE9F04F55EC104B9DB0CDE9EF
:101CD0000B122A460D93290DC5F31303D20FC5F33A
:101CE0000A5507908DED050A0A9275B922461A43E6
:101CF0001BD1302343710A9B056043F0020303713B
:101D0000012738461DB0BDE8F08F40F2FF729542C2
:101D10004DD1059A13430A9B079A14BF43F0080359
:101D200043F0040313710027EBE7059AB24D02F06C
:101D300001020992059A4FEA830848EA92789700CF
:101D400001229A461646C5F1000B5846089200F04B
:101D500015FAB5F1FF3FACBF8146A0F10109ABEB2D
:101D6000090B09EB05035846069300F00DFA18A974
:101D7000A0F17D05584600F027FA14AB089A0193AC
:101D8000A9EB050512AB0292009305982B4618AA01
:101D9000514618F0ECFDB9F1010F04460D4600F272
:101DA000D880099B002B40F0CB8001276FE0059A7B
:101DB00002F001020992059A43F4801A4FEA8A0858
:101DC0001343A5F2354548EA92784FEA82074BD192
:101DD00040F2FE7319420CBF01260026002D324648
:101DE000B1DB284600F0C4F90346032DC8BF013B10
:101DF0001846069300F0C8F9069B7C305D1B05442D
:101E000018A9184600F054FA14AB019312AB0093D2
:101E1000059802962B4618AA514618F0A8FD069B75
:101E2000152B04460D4600F2888016AB734A0093CA
:101E300038464FF0CC33414618F056FE169B179AA1
:101E40009B0843EA827303EB8303BB42DDE9129AEA
:101E50000CD13846414600F09FF9069B83428CBF67
:101E600000270127002612E00126B7E7099B002B77
:101E700053D1013F48F1FF31B81B61F1000100F07F
:101E80008BF9069B099F83428CBF002601260C9B81
:101E9000002B40F09280DDF82CB04FF00008CDF818
:101EA0002080CDF814804FF00A0ADDE91201FFF717
:101EB000F5FE149B1093CDE90E0118461599FFF716
:101EC000EDFE0E9B0F9A119198420B46934181466D
:101ED00080F08D8020462946FFF7E0FE109A0AFB2D
:101EE00009F3934214BF002606F001060E9B1293DD
:101EF0000F9BCDE91339119B1593089BB8F1000F87
:101F000014BF002707F0010701330AFB10485FFAEE
:101F100088F8089304460D46C7E7B81C48F100014D
:101F200000F03AF9069B83428CBF00200120B9EBF8
:101F300000006AF10002CDE9120200273E46A6E742
:101F4000129B139A013B42F1FF32CDE91232012775
:101F500088E7B9F13E0FF0D84FF0FF33A9F1200028
:101F600003FA09F203FA00F0C9F1200123FA01F1A2
:101F700002430A4303FA09F327EA030728EA02089F
:101F800057EA08070CBF012700276BE700FB02FC9C
:101F9000A1FB0012013362448C4275EB020CF5D2B6
:101FA000069A13440D9A1344012B0B9AB8BF0123D0
:101FB0009A42A8BF1A4693466FE70A2100220123DE
:101FC0000846E9E70AFB03F0A2FB0A2301310344B8
:101FD000944275EB0300F5D2594511DDBBF1000FBA
:101FE00002D154EA05030BD00123059372E70A22BC
:101FF00000230121ECE700BFCCFBFFFFCDCCCCCC14
:102000007EB34FF00A0A149B15990F931846FFF7F9
:1020100045FE0F9B0E910AFB00F29A42814620D1A9
:10202000DDE91201FFF73AFE10900F912046294694
:10203000FFF734FE0F9B109A1292CDE913390E9BD5
:102040001593089BB8F1000F14BF002707F0010794
:1020500001330AFB10485FFA88F8089304460D46DE
:10206000D1E7069B089A13449946002F58D0B8F13F
:10207000050F55D114F0010348D1059A32B9DDE9B5
:1020800014239D4208BF94425DD0059B18194FF060
:102090000A0445F10001002201262546A04271EB09
:1020A000020753D2E3B1B3451ADA0C9B63B10D9A20
:1020B00006EB09031A4422EAE2730B9A9A42A8BF7C
:1020C0001A46964293460BDD05304FF00A024FF058
:1020D000000341F10001D4F763F809F10109013E61
:1020E0005E45A8BF5E4637B20FFA89F9079B09FA29
:1020F00086F607F10508013E98444FF00009B945FE
:102100002BDB079B0A9A1E601A71FAE5059B2BB917
:10211000DDE914239D4208BF944209D00123B5E7AD
:10212000059B53B9DDE914239D4208BF944204D1B5
:10213000099B002BF2D1002EF0D0B8F1040F94BF10
:1021400000230123A2E74FF00408F1E705FB02F7A3
:10215000A4FB054201363A44A0E70A220023D4F743
:102160001FF8303208F8012D09F10109C7E700BF57
:10217000014B5843800C704741340100014B5843D8
:10218000000D7047FB2E0B00024B5843C00C013072
:10219000704700BF4F9312000A4A70B503464FF0D4
:1021A000CC3600204FF0333506FB03F402FB01442C
:1021B000A3FB023121449D4275EB010401D30130A0
:1021C000F2E770BDCDCCCCCC2DE9F04F1A23354EC3
:1021D000B0FBF3FA03FB1A0389B004460D4606EB85
:1021E0000A1653B9D6E90023C1E90023D6E9020152
:1021F000C5E9020109B0BDE8F08F2B4A02EBC30329
:10220000D3E9008904AB0093D6E90223404649464E
:1022100018F06AFC06AB0093D6E9002383460F460C
:102220004046494618F060FCDDE9066216EB0B06F5
:1022300052EB07084FF0000328BF0123814633B15A
:10224000049B059A013342F10002CDE90432204695
:102250000391FFF799FF07461A2000FB0AF0FFF7EA
:1022600093FF3F1A3246434603990097484618F0B9
:1022700056FC4FEA141C0D4A640004F01E0352F889
:102280002C40DC4004F00304241841F10001C5E9AE
:102290000041DDE9042300973046414618F03FFC39
:1022A000A6E700BFA8B50600D8B4060020E80600DF
:1022B0002DE9F04F1A27DFF8ECA000F11905B5FB66
:1022C000F7F56F433A1A4FEA051B89B004460E46EC
:1022D0000AEB05150AD1D5E90023C1E90023D5E9A8
:1022E0000201C6E9020109B0BDE8F08F2B4B03EBF8
:1022F000C203D3E9008904AB0093D5E90223404629
:10230000494618F0F1FB5AF80B206B68013ACDE909
:10231000020106A963F1000300914046494618F006
:10232000E3FBDDE906528A4602996D18039952EBE8
:1023300001084FF0000328BF0123814633B1049BFD
:10234000059A013342F10002CDE904323846FFF725
:102350001BFF07462046FFF717FF3F1A2A46434652
:1023600000974846514618F0DAFB4FEA141C0C4A15
:10237000640004F01E0352F82C40DC4004F0030417
:102380000134241841F10001C6E90041DDE90423CC
:1023900000972846414618F0C2FBA2E7D8B40600D1
:1023A00074E8060078B60600704701207047F8B55B
:1023B000064608460F461446D3F71EFF054654B19D
:1023C000013C84422246394628BF0246304618F076
:1023D000CAF8002333552846F8BDD5F79FBED5F778
:1023E0009DBED5F7B7BE10B5837A04681A44C37A88
:1023F0001944437A14B901FB032010BD13FB01F308
:10240000134442689BB2934204D254F8230008B1AB
:102410000138F2E76FF01500EFE7084307D1824279
:1024200001D10020704743F820000130F7E76FF03A
:102430001500704708B50020D6F72CF80120D6F714
:1024400029F8002008BD0021D6F75EB8012303FA61
:1024500001F103691B68194218BF82F0010212B131
:102460008368DB68184783681B69FBE70369187892
:10247000704770B50669456800246B68A34205D8AB
:1024800001233370BDE87040D6F72EB92B6803EBFB
:10249000C40153F8340009790122FFF7D7FF08B9C6
:1024A0000134EAE76FF0040070BD70B50669456855
:1024B00000246B68A34205D800233370BDE8704048
:1024C000D6F712B92B6803EBC40153F8340009792D
:1024D0000022FFF7BBFF08B90134EAE76FF0040000
:1024E00070BD08B529B1012906D1FFF7C2FF002050
:1024F00008BDFFF7DAFFFAE76FF08500F8E782B072
:1025000008B502A9006881E80C00FFF76AFF43687C
:102510001878EDF73FFF00284FF0000001DBD6F7F9
:1025200085FEBDE8084002B0704783681B6803B1B0
:1025300018476FF08500704783685B6803B11847E0
:102540006FF08500704783689B6803B118476FF090
:102550008500704782B08DE80C00002002B0704703
:1025600070472DE9F04186B005460E46174698465D
:10257000D5F780FE041E12DB012302930DF1170331
:102580000193BDF8303000933A4643463146284621
:102590008DF8174003F01EFF06B0BDE8F0816FF024
:1025A0001200F9E71FB501240294CC680194BDF82C
:1025B0001840009403F00EFF04B010BDF0B591B0C8
:1025C0001D46BDF85830EE180C46B6B2142EE4681D
:1025D00011463DD814202A4600FB034017F0C3FFE4
:1025E0000B2E32D9264416F8011C71BB20220DF1A6
:1025F0001D0017F0E0FF01238DF81C30D4F80330E4
:10260000CDF82D30D4F80730CDF831302378CDF81F
:102610003530A3788DF83A3004F10B0110220DF11A
:102620001D00FFF7C4FED6F783FC0AAE84460FCE2A
:102630006C460FC496E8030044F8040B07AF217002
:1026400097E80E00604600F01FF8284611B0F0BD74
:102650006FF00600FAE77047086070470020704787
:1026600000B589B002F02AFD6946D6F7ADFB09B086
:102670005DF804FB00B589B002F020FD6946D6F78D
:10268000A3FB09B05DF804FB84B02DE9F0419AB0DA
:1026900021A880E80E009DF88430012B04D0022B85
:1026A00071D06FF085004BE00DF185030593DDF8E7
:1026B000953006931822DDF899300793002108A879
:1026C00017F079FFDDF89D7017F081FE4FF47A73F3
:1026D000A0FB030C03FB01CCC40B9DF8A23044EA21
:1026E0004C444FEADC3CCDE909740DF15008CDF8BB
:1026F0002CC053B308AE0FCE0EAD0FC596E8030045
:1027000085E80300CDE90F74CDF844C00EAE0FCEBE
:1027100044460FC495E8030084E803000598FFF7DA
:1027200060FE00282CD083689C68002CB9D01AABBE
:1027300013E90F008DE80F0005A898E80C00A047EA
:102740001AB0BDE8F04104B0704708AD0FCD0EAE31
:102750000FC695E8030086E80300CDE90F74CDF8B5
:1027600044C00EAC0FCC45460FC596E8030085E883
:1027700003000598FFF735FE10B18368DC68D4E7E5
:102780006FF01500DCE79DF88500D5F7C1FDD7E7B0
:1027900030B585B00546D6F715F8044668B10D2268
:1027A0000021684617F007FF63688DF80130237A2F
:1027B0008DF802306846D6F729FC2846D6F728F867
:1027C0000346F0B10168012903D06FF0850005B020
:1027D00030BD0022CDF80920CDF80120CDF805202C
:1027E0008DF80010021D03CACDF80100CDF80510C8
:1027F0001288ADF809201B7E8DF80B306846D6F79D
:1028000005FC2846D6F77AF808B90020DFE7002350
:10281000CDF80130CDF80530CDF8093003238DF81F
:10282000003003788DF801306846D6F7EFFBECE70F
:1028300008B5D6F705FCBDE80840D5F7F3BF08B5E5
:10284000D8F78EFA01F00DF9D6F786FC002008BD06
:10285000F8F75CBD00EBC100408840087047F8B550
:102860000346FFF7F7FFB0FA80F0C0F11F0003EB5B
:10287000800CCA00DCF81060171D0C4606328DB2C1
:1028800056B9012101FA00F0D9680143D960CCF8AA
:102890001040DD539D52F8BDF1000431585AD85311
:1028A00003EBC0009E52C5805D52F4E710B500EB0B
:1028B000C104E388994202F104010AD1012303FA19
:1028C00002F2C36823EA0203C360002340F8213008
:1028D00010BDA28840F8213000EBC20100EBC3001C
:1028E000CB808280F4E708B50346FFF7B3FFB0FA68
:1028F00080F2C2F11F021846BDE80840FFF7D6BFBC
:102900002DE9F843B1FA81F5C5F11F0900EB8908FB
:102910000346D8F810200E46C2B10327D8F810405D
:1029200018462146FFF796FFB04206D34A4618469E
:10293000FFF7BCFF2046BDE8F88303EBC404013F6A
:10294000E088C8F8100001D08242E7D1C5F120022A
:102950004FF0FF349440DA681440EBD094FAA4F2BC
:10296000B2FA82F2111D53F821402146DFE738B553
:102970000346FFF76FFF0D46044611461846FFF762
:1029800069FF03EBC5050444600068801846FFF743
:1029900061FF014423F8314038BD38B50346FFF7E5
:1029A00059FF0C46A51A511A03EBC404054448000C
:1029B000608003EBC2006C00448023F8321018469C
:1029C0001146FFF747FF014423F8315038BD38B5B1
:1029D0000546FFF73FFF0C46014405EBC1035B884A
:1029E000DA070AD42846FFF77EFF21462846FFF77C
:1029F00031FF22182846FFF7BAFF35F83410611A64
:102A000005EBC1035B88DB070CD42846FFF76BFF9F
:102A100035F834102246611A2846FFF7A8FF35F82A
:102A20003430E41A21462846BDE83840FFF717BF86
:102A300061B100680439091A21F007030344C90889
:102A40005A8822F001025A80FFF7C1BF704770B563
:102A5000056809B9002070BDAB68B3EBD10FF9D997
:102A60000B31CC0821462846FFF74AFF06460028CE
:102A7000F0D001462846FFF7EDFEA04207D93219F3
:102A80002846FFF78AFF11462846FFF7E8FE05EBC8
:102A9000C6021046538843F0010353800430DAE73E
:102AA0002DE9F84301F1FF3919EA010906680F46DB
:102AB00014460CD04B420B40042B1A464F4628BFFD
:102AC0000422994664B900252846BDE8F883042904
:102AD00004D8BDE8F8431146FFF7B9BF0422F1E777
:102AE000B368B3EBD40FEED904F10B013944891A62
:102AF000C9083046FFF704FF80460028E3D009F1FB
:102B0000040505EBC0057B1E35441D44B5FBF7F5F8
:102B10007D43A5EB09052C442B1F07349B1B24F098
:102B20000704A41BB0EBD30F4FEAD3074FEAE4042A
:102B300008D201463A463046FFF72FFF414630465D
:102B4000FFF78DFE39463046FFF784FE3844844255
:102B500007D230462246FFF720FF21463046FFF7D6
:102B60007EFE06EBC706738843F001037380ABE774
:102B70002DE9F74F91460468009098460E4631B90A
:102B80004246494603B0BDE8F04FFFF789BFB8F1B0
:102B9000000F06D1FFF74CFF0027384603B0BDE811
:102BA000F08FA368B3EBD80FF6D90D1F2D1BED08DE
:102BB000EF003A1D22442946B21A2046FFF74AFE8A
:102BC0000192019908F10B020A4403464FEAD20A26
:102BD000B9F1000F03D009F1FF310E4240D19A45FF
:102BE0000FD010D2274405EB0A0229462046FFF7F2
:102BF000D4FE7B8843F001037B8011462046FFF71B
:102C0000E6FE3746C9E705EB030B04EBCB01498829
:102C1000CA0725D459462046FFF71CFE18445045E4
:102C20001ED32046AAEB0308FFF75DFE5946204657
:102C3000FFF710FE404508D905EB0A022046FFF7D2
:102C4000ACFE11462046FFF70AFE27445A462946A5
:102C50002046FFF78CFE7B8843F001037B80D0E7A2
:102C6000009842464946FFF71BFF0746002893D0CD
:102C700029462046FFF7EEFD019BC3EBC002043A54
:102C80004245314628BF4246384617F06CFC009852
:102C90003146FFF7CDFE80E7043A2DE9F041CC1D27
:102CA000114424F0070421F007010E1BF708B7FABE
:102CB00087F2C2F12405AD004FF000080735C2F1DC
:102CC0002002ED0804604146A760C4F80C80920021
:102CD00004F1100017F06FFC6B0043F001036380F8
:102CE00004EBC5027B1B5900A4F800805180A21997
:102CF00024F83550A2F80280A35304EBC7032946F9
:102D00005A8842F001025A802046BDE8F041FFF7A0
:102D1000A6BD002070470FB407B504A951F8040BF5
:102D20000191D6F751FA03B05DF804EB04B0704797
:102D30000FB407B504A951F8040B0191D6F744FA72
:102D400003B05DF804EB04B0704708B5EFF31183EE
:102D5000202383F31288BFF36F8F01F0C3F8F0B51F
:102D600064230546042600200A2769B9F0BD9A426B
:102D7000B2FBF3F40CD2012B0AD048B903FB1422A6
:102D8000D2B20A24B3FBF4F3013EF0D12E70EDE78A
:102D9000303405F8014BB2FBF3F4013903FB142284
:102DA0000130B3FBF7F3C9B2C0B2D2B2DBB2DCE799
:102DB000A0F13003DBB2092B02D80B700020704762
:102DC000A0F16103052B02D85738C3B2F5E7A0F193
:102DD0004103052B01D83738F7E76FF0150070472E
:102DE000F7B5054601F0010000EB51069E424FEA9F
:102DF000510703D90026304603B0F0BD58B12878FA
:102E00000DF10701FFF7D4FF0028F3DB9DF8073031
:102E100002F8013B013501351744BA42EBD015F8F1
:102E2000010C0DF10701FFF7C3FF0028E2DB9DF85D
:102E300007402401E4B2147015F8020BFFF7B8FF45
:102E40000028D7DB9DF807301C4402F8014BE4E76B
:102E5000036800220BB9184670478B4210D10B68EB
:102E600042B942680360914200D1436000230B6085
:102E70000120704713604368994208BF4260F5E73C
:102E80001A461B68E6E7038B13F0070305D10368B6
:102E9000002B0CBF002003207047022B05D1408B74
:102EA000B0FA80F0400980007047012B05D103681B
:102EB000002B0CBF0020052070470020704710B584
:102EC0000C4600B111B96FF0150010BD081D00F0DF
:102ED000D3F80028F9D1A368032BF6D9F3E72DE93D
:102EE000F0410D4607461946281D90461E4600F043
:102EF000D7F8044638B13346424629463846A446F8
:102F0000BDE8F0416047BDE8F08110B4EFF31182F5
:102F1000202484F31288BFF36F8F41615DF8044B66
:102F20000121D6F799B938B50C46054658B151B1CB
:102F30000B6843B14B6833B11C22002117F03BFBF7
:102F40002C61002038BD6FF01500FBE770B5054619
:102F50000E46FFF7B4FF041E14DBEFF311822023AB
:102F600083F31288BFF36F8F6B8B2C8B4FF6FF713F
:102F70008B4204F0070407D182F31188BFF36F8FEF
:102F80006FF00A04204670BD022C0CD101336B8314
:102F900082F31188BFF36F8F002322463146284603
:102FA000FFF79DFFEEE7062C14D8DFE804F00413CA
:102FB0001313041A0400002333606B683BB9C5E99E
:102FC0000066ACB902212846D6F746F9DAE71E605A
:102FD0006E60F6E782F31188BFF36F8F6FF0040421
:102FE000D0E782F31188BFF36F8F6FF08504C9E7D4
:102FF00082F31188BFF36F8FC4E710B5EFF311822E
:10300000202383F31288BFF36F8F048B04F007042F
:10301000022C0AD0012C0CBF6FF004006FF0850069
:1030200082F31188BFF36F8F08E0438B013B9BB2A3
:10303000438323B92146D6F70FF9204610BD204619
:10304000EEE738B5A8B1A1B1EFF31185202282F3E4
:103050001288BFF36F8F048BFFF7FAFE30B104F0D4
:10306000070085F31188BFF36F8F38BD6FF07700CD
:10307000F7E76FF01500F8E7034640B1426802F049
:103080000302022A06D0032A04D0012A05D06FF0D9
:10309000150070471A68002AF9D000209860704720
:1030A00010B54268816002F00302022A03464FF025
:1030B000000407D0032A02D05C60002001E01868F9
:1030C0005C6010BD18685C600028F6D0FDF79CFFBE
:1030D000F3E7704773B50446019116461D46F3F7B2
:1030E000EFFE01992186090C84F83210666284F89B
:1030F000525002B070BD13B504460191F4F7A6FA20
:10310000BDF804209DF80630A4F8212084F823306F
:1031100002B010BDF0B599B00D4604A9064614469C
:103120001F4614F0AAFD1E9B1F99CDE900541C44B4
:103130003D446A4604A8013D013C0295039408F011
:103140007DFF04A9304614F0B9FD19B0F0BD2DE99A
:10315000F04198B00D46DDF8788004A90646144683
:103160001F4614F08AFD1F9BC8F81C30CDE900549F
:103170006A46414604A83D4444340295039408F04D
:10318000DAFE04A9304614F099FD18B0BDE8F081CC
:103190002DE9F04198B01C461E9E884604A91746AA
:1031A000054614F06AFDF461A188E28841443A447E
:1031B0000139013A0291039231466A4604A8CDE9E9
:1031C000008708F0C2FD04A9284614F077FD18B066
:1031D000BDE8F081FCF78EBD4068704770B40668AA
:1031E0008489806A0D0C16FA81F105FB041184684C
:1031F0002468A44670BC60472DE9F0431C46C36AAE
:103200001D686D4289B006468846174605F02005C0
:103210001CB9204609B0BDE8F083AC42A14628BFE6
:10322000A9464B466A4641463046FFF7D7FF00287D
:10323000F0D16B46484502D1241A8044E8E713F8E0
:10324000012BBA4201D10130F4E70120E2E70B681B
:1032500003F580330B60C0891A0CB0EB134F04BF29
:10326000A3EB02430B60704738B5828903680D0CED
:10327000090C04462D04806A02FB013100F021FD97
:1032800050B9E26AA389527929462046FFF7B4FF74
:10329000002818BF6FF0050038BD10B50146044680
:1032A0000722FF20D5F774FFE07110BD0368012BE2
:1032B00081BFC91801F1FF315B42194008467047D0
:1032C0002DE9F0410C4605460821C06AFFF7EEFFE4
:1032D000072207462146FF206688B4F80480D5F708
:1032E00057FFE379834208D1A8894644C01BB04206
:1032F00094BF00200120BDE8F0810020FBE738B535
:1033000005460C46FFF7DCFFA0B1A08898B92288DB
:103310004FF6FF739A420DD1E86A0821FFF7C6FF06
:103320006288AB899B1AB3FBF0F202FB1030B0FA53
:1033300080F0400938BD0020FCE7F7B504460D4693
:10334000C06A0821FFF7B2FF296807460823204614
:10335000FFF744FF0646002836D12B683B442B601C
:10336000A28999B2D21B91422ED11A0C03BFE289D5
:1033700002F1FF3203EB0241A3F5803129600823FB
:103380006A462046FFF72AFFE8B9E36A5A796B4696
:1033900013F8011B8A420CD101300828F8D1636868
:1033A00005E02B68BDF802201B0C1B0413442B60A6
:1033B0000AE069462046FFF7A2FF0028F1D129461E
:1033C0002046D6F73DFA0646304603B0F0BD2DE95B
:1033D000F043074689B090461E461BB9002009B04D
:1033E000BDE8F0833C688389080C14FA81F100FB86
:1033F0000314FB6A1D686D4235400CD0B86A8368BF
:103400002146D3F804902B46C8470028E7D1761B05
:10341000E4D02C44A84432464146684617F0A3F84D
:10342000FD6A2A686979921B0DEB060017F0C3F854
:10343000B86A2B688268214655686A46A847CEE775
:1034400010B50A46082341680446FFF7C0FF08216B
:103450000246E06AFFF72AFF63681B1A63601046A2
:1034600010BD13B54FF6FF7300220446ADF80030CF
:103470008DF806308368ADF804206846ADF8023058
:10348000FFF70BFF69462046FFF7DAFF02B010BDD9
:103490002DE9F04F044695B0C06A0821FFF706FFFA
:1034A00063681B0C1B04054603A920460393FFF722
:1034B000CEFEDDF80CB0A6895E44761B06AA082372
:1034C000314620460496FFF789FE021EC0F2A9800D
:1034D000E36A06AA5979002312F8010B814240F0F1
:1034E0008F800133082BF7D1A36862682B449A427E
:1034F0007ED259462046FFF7B7FE024691E0BDF85E
:103500001A30360C36041E44049608AA04A9204634
:10351000DDF810A0FFF711FF0246002840F081807F
:1035200008A92046FFF7CCFE18B9019B5345ECD102
:10353000DAE7636805930AAA05A92046059EFFF706
:10354000FCFE024600286CD1BDF82820BDF82030D2
:103550009A4227D06268059B9A42ECD1B245E4D1E9
:10356000BDF82430002BE0D0BDF822704FEA1A439A
:103570001B041F4408A8A368ADF82230FFF78DFE96
:10358000E36ABDF824901E68764206F02006B9F181
:10359000000F0ED108A92046FFF752FF024600286F
:1035A000C3D03EE00AA92046FFF78AFE0028D1D00A
:1035B000D4E74E45B04628BFC8460CAA4346394614
:1035C0002046FFF70BFE024658BB4346A1680CAAF3
:1035D0002046FFF7FCFE41460246E06AFFF766FE22
:1035E000A3680344A360E2B9A9EB08094744CEE706
:1035F0002046FFF736FF024600283FF47AAF10E07E
:10360000731B06A920460193FFF779FE00287FF47B
:1036100076AF04A92046D6F713F9024600283FF4F6
:1036200074AF104615B0BDE8F08F2DE9F04F1D4680
:1036300091B0037C029104460092002B00F0BD8003
:10364000C26A08211046FFF731FE29460190104654
:10365000FFF72CFEA389019AA3EB8203AB42074636
:10366000C0F0AE801DB1009B002B00F0A980636804
:10367000059306AA05A92046DDF814A0FFF75DFE14
:10368000064600283DD1BDF81830029A934206D074
:103690006268059B9A42ECD1002D38D131E006A931
:1036A0002046FFF70DFE0028F2D0BDF81A80BDF8C5
:1036B0001C3055B39D422AD1E36ADDF800B01B6887
:1036C0004FEA1A4A5B424FEA0A4A03F02003D04409
:1036D0000393AA46039B534528BF534608AA414675
:1036E00020469946FFF77AFD00284DD14A4608A9A1
:1036F000584617F0E6F850B9BAEB090AC844CB446B
:10370000E8D1304611B0BDE8F08F002BF9D0002F82
:103710003DD1B84604F1140A4FF0FF324FF0FF33A9
:103720005046FCF76FFAE3899E4243D0A168626875
:1037300008EB01039A422FD3029BADF82030FF2300
:103740008DF82630009AADF822102B462046ADF8B1
:103750002450FFF73CFE29460746E06AFFF7A6FD26
:10376000A3680344A36057B908A8FFF796FD08A90A
:103770002046FFF765FE002814BF07462F46504637
:10378000FCF7B8FA3E46BCE7C1DC0646B9E7019B48
:103790001F441FFA87F8BDE72046D6F783F807468F
:1037A0000028ECD12046FFF773FE07460028E6D13B
:1037B0000136B8E76FF01B07E1E76FF00C06A0E7F2
:1037C0006FF015069DE700231A46FFF72EBF2DE97F
:1037D000FF471E46037CBDF8309004460F469046D6
:1037E000002B4ED0C06A0821FFF760FDA389A3EB30
:1037F0004003B34248D3D4F804A0CDF804A0002578
:103800004D455146DDF804A00BD96368534520D1DE
:10381000BDF80830BB421CD06FF0010004B0BDE819
:10382000F08702AA01A92046FFF787FD0028F5D1FD
:10383000BDF80830BB4206D102A92046FFF740FD83
:1038400008B10135ADB26268019B9A42D8D15146A8
:10385000DEE7BDF80C30002BDED0A945DCD8BDF882
:103860000A00090CB3424FEA014128BF3346014424
:1038700042462046FFF7B2FC0028CFD1BDF80C002D
:10388000CCE76FF00C00C9E76FF01500C6E713B581
:1038900000240094FFF79BFF02B010BD406930B1D7
:1038A000BFF35B8F0068BFF35B8F00F001007047D0
:1038B00043690BB900207047BFF35B8F1A68BFF3F1
:1038C0005B8F1007F6D591B142F01001BFF35B8F0B
:1038D00053E8000F904204D143E8001CBCF1000FF4
:1038E000F6D1BFF35B8F0CBF01200020704722F0A0
:1038F0001001EBE7406930B1BFF35B8F0068BFF3A5
:103900005B8FC0F300107047406930B1BFF35B8F2D
:103910000068BFF35B8FC0F3C000704743693BB1E1
:10392000DB682BB15B691879B0FA80F04009704709
:103930000120704770B5044642690D46FFF7EEFF5F
:1039400010B90323137170BD03212046A847002836
:1039500002DA10F1860FF6D120462B460121BDE890
:1039600070401847704770B54C680368A34201D295
:10397000012070BD8A682244934201D30020F8E7F9
:10398000D1E903254E69B54203D36FF00B038B6178
:10399000F4E71B1B42F835304368086902EBC002AC
:1039A00053600B6901330B61E2E737B50C46C0B2D7
:1039B00001A91546D6F75AF900280CDB019850B139
:1039C00021462A46D6F778F904460198FFF7CAFF40
:1039D000204603B030BD6FF01504F9E710F0700F0A
:1039E00008D100F07F0310F0800F18BF10330120C2
:1039F00098407047002070472DE9F84306460F466F
:103A00009046994604254B46424639463046EDF7E6
:103A100035F910F10B0F044603D1FCF717FF013DF8
:103A2000F1D12046BDE8F8832DE9FF41D1F80C80A3
:103A3000054640461F460C461646D2F7DDFBBDF84C
:103A40002830009380B2CDE901803B4632462146C2
:103A5000284602F0BFFC04B0BDE8F08170470020AA
:103A600070470020D7F738B800221146D6F7FABFC2
:103A70000021D7F787B8034610B508460AB10021E0
:103A8000116053B1D0B1411E11F8010F80B113F88C
:103A9000014BA04201D13D28F6D100200EE00133B8
:103AA00013600AE03D2808D0B0FA80F0400905E034
:103AB00018782F28F6D1002AF1D1012010BD10B5B9
:103AC00009B100230B6058B103461A781C46013334
:103AD0002AB13D2A03D02F2AF7D101B10B60201A59
:103AE00010BD2DE9F341DDF82080019007460C461A
:103AF00015461E46B8F1000F07D0D8F8001081B95E
:103B0000D8F804E0BEF1000F14D101A93846D7F768
:103B10007BF858B1C768019833462A462146B84712
:103B200004E001AAFFF7A7FF0028E9D1002002B0B6
:103B3000BDE8F081D8F80830019808932A4633464A
:103B40002146F44602B0BDE8F041604708307047B6
:103B500010B5134614460A4681880068FFF797FEA1
:103B6000A042A8BF204610BD2DE9F04F97B00446F3
:103B700001929A46894600297CD0DAB1BAFA8AF6CF
:103B80007609258F0135ADB2A84604F1080B6F1EEA
:103B9000BFB2B7F5004F26D04A2303AA394658468C
:103BA000FFF775FE002807DA10F1020F08BFB846CC
:103BB0003D46ECE70126E4E700F158030DEB030076
:103BC000002300F84C3C03A94846D2F703FB002829
:103BD000EED126B339465846FFF7F5FD002805DA41
:103BE00017B0BDE8F08FBEB30020F9E705F57F51AF
:103BF0003F3189B25846FFF7E6FD0028F0DB238FFE
:103C0000BB42F1D12246013B22F8383F4FF400413C
:103C100002235846FFF709FD00EAE070E0E7B846E6
:103C2000B8F5404F29D0238F434504F1080515D33B
:103C300008F58041019A534689B22846FFF7F5FC02
:103C40000028CDDB002ECFD04846D2F7D5FA4A4621
:103C5000034641462846DDE70126E1E722460223E6
:103C600022F8388F4FF400412846FFF7DEFC002889
:103C7000DEDAB5E76FF01500B2E76FF00B00AFE7E3
:103C800073B5C36B03630446C3B100F10806304645
:103C9000D5F734FE054670B902230DF106024FF444
:103CA00000413046FFF7F3FD0028ACBFBDF80630F9
:103CB0004FF400432387284602B070BD6FF0120511
:103CC000F9E72DE9F0418768FB6804460D46164682
:103CD0009847BB682BB1324629462046BDE8F041E3
:103CE00018476FF05700BDE8F081012801D1EFF3CC
:103CF0000583FBF73DBD01460068FFF7F6BF08B539
:103D0000D7F7ECF8BDE80840D7F70CB9002101203F
:103D1000FFF7EBBF61B662B680F31188BFF36F8F18
:103D2000704772B6002383F31188BFF36F8FBFF320
:103D30004F8F30BF62B6BFF36F8F704772B60023EC
:103D400083F31188BFF36F8FBFF34F8F20BF80F3D2
:103D50001188BFF36F8F62B67047202809D9B0F180
:103D6000004F08D80138B0FA80F0C0F11F004000C1
:103D70007047082070473E20704770470023038239
:103D80004369C3607047416A8968D7F78FBDEFF315
:103D90001182202383F31288BFF36F8F00230B60FF
:103DA000436833B9C0E9001182F31188BFF36F8F04
:103DB000704719604160F7E710B50346EFF31181D2
:103DC000202282F31288BFF36F8F006828B15C68ED
:103DD00002681A60A04208BF5A6081F31188BFF3DD
:103DE0006F8F10BD027A0132027270470346184687
:103DF0005B68002BFBD17047426810B52AB10B46B7
:103E00001C465B68002BFBD16260416010BD10B5A1
:103E1000044620B90B7A01330B72084610BD0346E5
:103E200018465B68002BFBD1FFF7E6FF2046F5E75D
:103E300010B508B14B6843604C68002308464B60DE
:103E4000D7F7B2FD204610BD83680B44036070476E
:103E500003680B6043684B6083688B60704783889E
:103E6000026819448180D018704730B4848805688E
:103E7000A3188380281930BC16F075BB10B5838851
:103E800002685C1C8480D154D01810BD03460068C1
:103E90009A88401A11441860998070478288521A93
:103EA0000346828000680844186070470346006833
:103EB0009A88521A01449A801960704710B50368B5
:103EC0001C880221FFF7EAFF204610BD02688068C7
:103ED000101A70478388C2888168D21A03685B1AF7
:103EE000D01A704708B500224FF480214FF00050DF
:103EF000F8F7F0FA4FF080430122C3F80025BFF332
:103F00004F8F20BFFDE730B585B014460A888B7807
:103F1000ADF8002005460D2200210DF103008DF8BB
:103F2000023016F048FB6A4669462846E9F7D2F99E
:103F300028B9BDF800209DF802302280A37005B09A
:103F400030BD13B50C4601AA0331FFF7DCFF48B9B9
:103F5000032201A9204616F0B4FCB0FA80F0400913
:103F600002B010BD0020FBE770B5CE1C05460C4624
:103F700030460321E9F7ACF960B9637903F03F03F8
:103F800043F040036371224631462846BDE8704045
:103F9000FFF7B9BF70BD70B50D4600210446FFF7AD
:103FA0008EFD0D2818D1237B302B13D0312B13D14C
:103FB000012305F8063B04F10C062A46204601239E
:103FC00002210234FEF70CFFB44205F1FF35F4D1B3
:103FD000002070BD0023ECE76FF01500F9E7D6F77D
:103FE000BFBE0020704710B50C46017822788A4287
:103FF0008AB00FD06946D7F759FF05A92046D7F7F1
:1040000055FF10220DF115010DF1010016F059FCBC
:104010000AB010BD012A06D0022A07D072B9408822
:104020006388C01AF4E740686368FAE71022611CED
:1040300001300AB0BDE8104016F043BC6FF0150027
:10404000E6E7042A0AD0102A0DD0022A4FF0000316
:1040500015D103700B884380012070470123037042
:104060000B684360F8E7022300F8013B01F11003FD
:1040700051F8042B40F8042B9942F9D1ECE718468B
:104080007047012310B50621044600F8013BE9F70B
:104090001FF918B9A37963F03F03A37110BD0B6832
:1040A00003608B8883808B798371037823F002030C
:1040B000037070470078C0F34000704738B504467D
:1040C000807AD7F7C9FB6169054649B1637ADB0796
:1040D00004D4436A1B6820469B68984700236361A9
:1040E00021462846BDE8384015F008BF2DE9F041CB
:1040F00001F10C080C46054600F10C01404617463C
:104100001E46FFF7A5FE4046FFF7E0FE012310FA2A
:1041100087F068826B722F8239464046FFF7BEFEF9
:10412000E3687360628A0023E360728163823460B3
:104130002846BDE8F08138B5D1E90032DA600B6875
:104140004A895A820C4605460868D7F72DFC204656
:104150001022002116F02FFA2846BDE83840FFF75C
:10416000ADBF438A23B9C068B0FA80F040097047F8
:10417000002070477047D0F89C3083B15A7BD1073C
:104180000DD5D2060DD51B7B102B14BF03230423A2
:104190004372807A98428CBF00200120704702232E
:1041A000F6E70323F4E70F2807D80D280BD80528D6
:1041B00008BF032018BF02207047132803D01A2815
:1041C00008BF0120F6E70120704710B50346BFF392
:1041D0005B8F53E8000F40EA010243E80024002C03
:1041E000F7D1BFF35B8F10BD38B5C3681D78B3F846
:1041F000010065B90F21D9F7A1FE044638B129465F
:10420000D9F718FE2046BDE83840D9F7E9BD38BDDA
:1042100008B5C36801211888D9F790FE18B1BDE828
:104220000840D9F7DDBD08BD01210C30FFF73EBEC7
:1042300037B5C5680121B5F80100D9F77FFE0446FE
:1042400070B32B781A2B19D1C378012B24D14FF4DA
:1042500080410430FFF7B9FF43040FD4D4F888300D
:1042600000936946D4F8903001932046DAF7ECFACF
:10427000204603B0BDE83040D9F7B2BD2B785BB91A
:10428000B5F80330A4F88630B5F80530A4F88C30C2
:10429000B5F80730A4F88E302046D9F7A1FFE7E73C
:1042A00003B030BD38B5C5680121B5F80100D9F7B4
:1042B00045FE044698B12B783BB9D5F80330C0F8D9
:1042C0009430D5F80730C0F89830201D4FF4803175
:1042D000FFF77BFF2046BDE83840D9F781BD38BDE8
:1042E00030B402EBC303044608469A4201D130BC05
:1042F0007047114611F8085BA54206D1018A537830
:104300009942F4D330BC536818470A46EDE7BFF32F
:104310005B8F50E8003F0B4040E80032002AF8D1A4
:10432000BFF35B8F704710B5D8F75CFF6FF080016B
:104330001030FFF7ECFF0020D7F75AFE044648B1D3
:104340003C2303730021D9F775FD2046BDE81040DA
:10435000D9F746BD10BDC0F307231070000E53708F
:10436000D0700023C1F30720090E937013715071B0
:104370009371D17170472DE9F843C7683A780123EA
:1043800003EB8203028A93423FD9BDE8F88307EB2F
:1043900085030F21B3F80100B3F80360D9F7CEFD10
:1043A000044660B100F1C00836B12046D9F716FCCA
:1043B000FBF722FD63693BB92046D9F711FD0135B2
:1043C0003B789D42E3DBE0E7A1691A6862618B42BA
:1043D00008BFA261C3F80090226A9AB9C4E9073302
:1043E000BFF35B8F58E8003F013B48E80032002AEA
:1043F000F8D1BFF35B8F00212046013ED9F7FAFBCD
:10440000B6B2D1E713602362EAE70025A946D7E7F1
:104410000120704781767047704738B5C568012123
:10442000B5F80100D9F78AFD044688B1E878D7F7D6
:104430005BFF84F8A0002879D7F756FF84F8A10025
:104440002046D9F717FF2046BDE83840D9F7C8BC49
:1044500038BD10B503884288934219D8052B17D967
:10446000B2F5486F14D88388B3F5FA7F10D2C088AC
:10447000A0F10A0189B240F67644A14208D801337E
:104480009BB25343B3EB800F34BF0120002010BD1B
:104490000020FCE738B5C3680F21B3F801001D7890
:1044A000D9F74CFD044620B365B12846D7F726FF5F
:1044B000294602462046D9F76FFF2046BDE838401E
:1044C000D9F78EBC8378012BEFD102F03EFD204658
:1044D000FFF751FE0028E8D10520D7F70FFF05218F
:1044E00002462046D9F758FF0521204600F03BFD43
:1044F000E3E738BD70B5C6680F21B6F8010035781E
:10450000D9F71CFD044688B34DB12846D7F7F6FE0F
:10451000294602462046D9F73FFF204603E0F378BC
:10452000C27A9A4203D1BDE87040D9F759BC82786B
:10453000C372012A05D00020D7F7E0FE0021024611
:10454000E8E70BB102F001FD2046FFF714FE00285A
:10455000F1D10520D7F7D2FE052102462046D9F732
:104560001BFF0521204600F0FEFCD6E770BD40F29F
:10457000C130704708B5DDF7F5F818B1C0890038CB
:1045800018BF012008BDF0B5C5682F8887B001218C
:10459000B8B2D9F7D3FC064658B302ACD5F802201E
:1045A000D5F8063001946989009102F065FB10B3DB
:1045B000122142F21A00D7F75BFE0546B0B1122174
:1045C0000C30FFF74CFC0346224623F8027B06AF73
:1045D000144603CCBC4218605960224603F108031C
:1045E000F6D1294642F21A00D7F744FF3046D9F7F0
:1045F000F7FB07B0F0BD022142F21B00D7F738FEEF
:1046000004460028F2D002210C30FFF728FC214696
:10461000078042F21B00E7E770B506460D4642F2FE
:1046200021000321D7F724FE044660B103210C309A
:10463000FFF715FC06808570214642F22100BDE897
:104640007040D7F717BF70BD73B5C368D9789A7833
:104650001E8842EA0122ADF8002059791A7942EA0F
:104660000122ADF80220D9799A7942EA0122ADF807
:1046700004201A7A5B7AB4B242EA0323012120466D
:10468000ADF80630D9F75AFC054628B90221204674
:10469000FFF7C2FF02B070BD6946D9F711FE38B905
:1046A0001E212046FFF7B8FF2846D9F799FBF1E70E
:1046B0000E2142F22000D7F7DBFD04460028F3D09C
:1046C0000E210C30FFF7CBFB00230680C0F80A3028
:1046D000BDF800304380BDF802308380BDF804305F
:1046E000C380BDF806300381214642F22000D7F78F
:1046F000C1FED9E773B506460D4601AA002142F274
:104700002F00D7F733FF044648B90198C368B3F8C0
:1047100001203280B3F803302B80D7F745F92046CB
:1047200002B070BD70B506460D4640F2064003214A
:10473000D7F79EFD044668B103210C30FFF78FFBCD
:104740000680857021460022BDE8704040F2064098
:10475000D7F70CBF6FF0680070BDC06803781BB15D
:104760003C2B03D1FFF7DFBDD8F74CB8704738B505
:104770000221054642F21600D7F77AFD044668B1D9
:1047800002210C30FFF76BFB2B88038021460022AF
:10479000BDE8384042F21600D7F7E8BE6FF0680077
:1047A00038BDF8B507460E4642F2220006211546EE
:1047B000D7F75EFD044678B106210C30FFF74FFBBA
:1047C0003B8803804680858021460022BDE8F84072
:1047D00042F22200D7F7CABE6FF06800F8BD2DE99B
:1047E000F0478146884642F2320007219DF820A01A
:1047F00017461E46D7F73CFD0546A0B107210C30F1
:10480000FFF72DFBB9F80030038080F80280C770F5
:104810000671A0F805A029460022BDE8F04742F243
:104820003200D7F7A3BE6FF06800BDE8F08708B587
:1048300000200021D7F742FE18B1BDE80840D7F7A5
:1048400013BEBDE80840D9F7EDBB033138B5C9B296
:1048500005460E20D8F712F9032104460C30FFF765
:10486000FEFA01230370A0F80150204638BD70B550
:1048700005460E460F200421D8F700F9042104460E
:104880000C30FFF7ECFA012206704270458020469A
:1048900070BD08B5072216F014F8B0FA80F0400990
:1048A00008BD0B6803608B8883808B7983717047A8
:1048B000BFF35B8F0068BFF35B8F7047F8B50F469F
:1048C000144630BB272142F22700D7F7D1FC05461A
:1048D00010B327210C30FFF7C2FA3946FFF7E1FF8A
:1048E00006462246C31D04F1100152F8040B43F89A
:1048F000040B8A42F9D11022002106F1170015F0AD
:104900005AFE29460022BDE8F84042F22700D7F7B8
:104910002DBE6FF01500F8BD6FF06800FBE7037A5D
:104920005B07024605D501462A3211F8010BFFF755
:10493000C5BF704738B50121054642F22D00D7F7B3
:1049400097FC044658B129460C30FFF797FA2146E8
:104950000022BDE8384042F22D00D7F707BE6FF0C5
:10496000680038BD10B400F11003BFF35B8F53E84B
:10497000002F22F4004143E80014002CF7D1BFF3CC
:104980005B8F130404D55DF8044B012100F0D3B90B
:104990005DF8044B70472DE9F041D1F8048086B0F2
:1049A00004460D46B8F1000F1DD1037A5B071AD5F6
:1049B0000E68411C701CFFF76CFF2A361622414618
:1049C0000746684615F0F7FD10226946304615F097
:1049D00078FF30B1102204F12A01304615F071FF42
:1049E00000B107B16C6006B0BDE8F08100F11002C3
:1049F00008B503461046FFF75BFF010611D5BFF36C
:104A00005B8F52E8000F40F4004042E800010029AB
:104A1000F7D1BFF35B8F18460021BDE8084000F0D6
:104A20008AB908BD10B50C4630B919B1DCF758FE8B
:104A300000B1441C204610BD0024FBE718B111B1A1
:104A40000846D8F793B86FF01500704713B50446C1
:104A500080B106216846E8F73BFC48B99DF805306F
:104A6000694603F03F0320468DF80530FFF7E6FF67
:104A700002B010BD6FF01500FAE7003818BF012032
:104A80007047037AD90704D523F001030372D8F7DE
:104A9000C3B8990704D523F002030372D8F752B9BB
:104AA000704700207047034610F4004F0CBF0720EA
:104AB0000620DA0348BF00F005009B0348BF00F062
:104AC000FB007047BFF35B8F0068BFF35B8F7047DD
:104AD00010B50346BFF35B8F53E8000F00EA0102F5
:104AE00043E80024002CF7D1BFF35B8F10BD2DE904
:104AF000F74F0C46202100909246D7F7B9FB0546A8
:104B0000002850D020210C30FFF7A9F920220021E5
:104B1000814615F050FD09F1010B04EBCA0A00268D
:104B2000D4F800800023626893420CD30834A24575
:104B3000F6D1009889F800600022294603B0BDE84C
:104B4000F04FD7F713BD98F8012098F800C0B01CBB
:104B500011181F2908D9BCF1090FC0F11F021AD181
:104B6000002A18DD4FF0080CD7B2791C0BF806109C
:104B7000711CC9B25BFA80F00BF801C0D8F80410C0
:104B80000193023715F0EFFC019B3744FEB201336D
:104B900008F10808C7E72846D6F706FF6FF01500AA
:104BA00003B0BDE8F08F6FF06800F9E7012310B49F
:104BB00003FA01F104466AB1BFF35B8F54E8003F8A
:104BC0000B4344E80032002AF8D1BFF35B8F5DF855
:104BD000044B70475DF8044BC943FFF779BF2DE9DB
:104BE000F04F87B005469DF84860DDF840909DF88D
:104BF00044A00C4690460021102202A81F4615F042
:104C0000DAFCEEB9CDE90248012202A942F208001D
:104C1000FFF76DFF044678B9BAF1000F3ED11035A9
:104C2000BFF35B8F55E8003F43F0040345E80032D3
:104C3000002AF7D1BFF35B8F204607B0BDE8F08FA5
:104C4000D7F70EFC8346E4B937BB5846D1F7D4FA00
:104C50000923012ECDE901B48DF800308DF8010053
:104C6000CDF80C80D0D1CDF810D005960222CCE73B
:104C700014F83320083A012A25D901339845F7D191
:104C8000E2E70023FAE717F83320083A012A1AD995
:104C900001339945F7D1D8E70023FAE7022E4FF008
:104CA000010208BF059202A908BF324642F209007C
:104CB00008BFCDF810D0CDE90279FFF718FF002822
:104CC000ADD00446B8E76FF01504B5E7436813F0BC
:104CD00008000AD05A0307D403F4C063B3F5806F09
:104CE00014BF0220012070470120704770B50646AE
:104CF00086B00D4642F20A000121D7F7B9FA044600
:104D0000B0B10C3095B10121FFF7B8F806F11002EF
:104D100003A9204600950723D7F798FA00222146D9
:104D200042F20A00D7F722FC06B070BD2946EBE735
:104D30006FF06800F8E7FFF7D9BF183015F0C8B971
:104D4000D8F7B8BB0368D90444BF43F48063036059
:104D500003689A0444BF43F400630360704701F1A1
:104D60002003013813F8012D00F8012F8B42F9D1EF
:104D7000704700230B60436813B9C0E90011704706
:104D8000196041607047D0F8B000003818BF0120AA
:104D90007047084689691160C2691A60C27A0021A9
:104DA000183015F008BCBFF35B8F0068BFF35B8F52
:104DB000704773B50446CDE900320D4622B9D0F8EC
:104DC000A8606B4601AAB0472846D6F7EDFD019BC7
:104DD00023B100996FF06D022046984702B070BD74
:104DE0002438D8F783BE036800220BB918467047F1
:104DF0008B4210D10B6842B942680360914200D1E6
:104E0000436000230B6001207047136043689942A0
:104E100008BF4260F5E71A461B68E6E710B504468E
:104E2000006918B1D6F7C0FD0023236110BD70B52D
:104E30000D46012116460446D8F7DCFE002128461F
:104E4000FFF7E8FA012E16D0022E16D1236913B10E
:104E50002046FFF7E3FF2846FEF7C4FF20612269E2
:104E6000138A012B28D82088FFF7D6FA012128467B
:104E7000FFF7D0FA07E0206918B92046FFF7CEFF08
:104E800001E02E8A26B92846BDE87040D6F78CBDD1
:104E90000C30FFF71FF8864207D92169002220460F
:104EA00000F08DFA00232361EDE720692A8AE96882
:104EB0000C30FEF7DAFFD2E7D26816880436B6B2B5
:104EC000B342D0D32846D6F76FFD21690B8AB3428F
:104ED00004D92046BDE87040FFF7A0BF002323613E
:104EE00020460122BDE8704000F069BA10B50346C3
:104EF00000F1C8021046FFF756FF80B1BFF35B8F89
:104F0000411C52E8004F844204D142E8001CBCF12D
:104F1000000FF6D1BFF35B8FECD1184610BD0346EE
:104F2000FBE72DE9F84307460E46904600244FF074
:104F3000D009B44203D100231846BDE8F88309FB29
:104F40000470FFF7D3FF034658B1457B012D02D013
:104F5000073D012D03D81A884245EDD01846D8F7F1
:104F60003FFF0134E5E710B5437B023B0446062BC7
:104F700016D8DFE803F009041515150B09000173B5
:104F800000212046D8F756FF002010BD0088FFF70B
:104F9000C9FB0028F9D1637B072BF5D10821F0E785
:104FA0006FF07F00F1E710B50446D0F89C0028B9F7
:104FB000207A04F17001DCF7D5FB38B1E278C389BF
:104FC0002AB913F0210F14BF0120002010BD13F0E7
:104FD000240FF8E738B5037A8B420446154615D1FD
:104FE00000F170010722284615F06BFC80B1E378D0
:104FF000072243B904F17E01284615F062FCB0FA9D
:1050000080F0400938BD04F17701F5E70020F9E7A9
:105010000120F7E708B5D9F727FA10B1D8F7E0FE75
:10502000012008BD20B18378194214BF012000205F
:10503000704710B50A4603210446FFF7F3FF78B323
:10504000637B072B2FD102F07F03120613D5BFF32A
:105050005B8F221D52E8000F40F4004042E800013F
:105060000029F7D1BFF35B8F2046A372DBF7E8FF7F
:1050700098B9002010BD627A9A42FAD2A27A9A4276
:10508000F7D2BFF35B8F221D52E8000F20F40040DF
:1050900042E800010029E5D0F6E7637AA372E9E768
:1050A0006FF01500E6E76FF07F00E3E708B5032136
:1050B0000246FFF7B7FF00B1507A08BD08B50121DD
:1050C0000246FFF7AFFF08B102F1700008BDF8B566
:1050D00007460D4642F213000E21D7F7C9F80646DF
:1050E000D0B10E210C30FEF7BAFE0E22044600218C
:1050F00015F061FA3B8823802B8863806B88A3803E
:10510000AB88E380EB88238131460022BDE8F8407C
:1051100042F21300D7F72ABA6FF06800F8BD704763
:10512000704710B400F14C030122BFF35B8F53E8CA
:10513000001F43E80024002CF9D1BFF35B8F41B975
:10514000034653F8482B8164D2F8B41031B9C2E950
:105150002C3300685DF8044BD8F7A0BD0B60C2F893
:10516000B430F6E710B50368D3F8B02042B1D3F8F5
:10517000B4401168C3F8B010A24208BFC3F8B4101D
:105180004C300023BFF35B8F50E8002F40E8003124
:105190000029F9D1BFF35B8F10BD70B5D0E90035A0
:1051A00004464BB3D3F8B020483000216AB1904296
:1051B00034D1A26C51BBD3F8B410C3F8B0208842EC
:1051C00001D1C3F8B4200023A36404F14C030022EE
:1051D000BFF35B8F53E8001F43E800200028F9D19C
:1051E000BFF35B8F04F13006236BD3B96B680BB14F
:1051F0002046984700232360E3680BB12046984778
:105200002B6AB3B12046BDE8704018470A60D3F856
:10521000B420904208BFC3F8B410D4E71146126816
:10522000C4E7002200233046FAF7B4FDD6F7BCFBF2
:10523000DAE770BD38B5406B30B150F8084904B1B9
:10524000083CFFF7AAFF04B938BDA5682DB1204678
:10525000083DFFF7A2FF2C46F7E72046BDE838409F
:10526000FFF79BBF38B5436B0D46BBB1184650F8EE
:10527000084904B1083C53F8043C9B680BB129462B
:1052800098475CB12046A468436824B19B68083CF9
:10529000002BF4D1F6E79B68002BF0D138BDF8B5B0
:1052A0000E4600210746154600234FF4803208467B
:1052B000D9F74CFA044630B104210C30FEF7CFFD8B
:1052C0000770467045802046F8BD38B50546006831
:1052D00098B1407B072810D1087A012810D1C87AEC
:1052E00007280DD98A61CB6105F1300014F0FBFD70
:1052F0002846FFF716FF002038BD6FF07F00FBE760
:105300006FF01500F8E7406B30B1838B8B42A0F152
:10531000080001D08068F7E7704710B54AB989B234
:10532000FFF7F1FF28B143689B6913B1BDE8104056
:10533000184710BD38B50D460521FFF7E4FF0023DF
:105340001A462946FFF7C1FF044610B12846D6F792
:105350002BFB204638BD38B50B8A032B05460C467F
:1053600021D9042104F10C00FEF7A0FD238A428814
:105370009A4218D14178B1B10378012B13D0132B85
:1053800011D0022201202D68FFF789FF044650B199
:1053900002210C30FEF763FD0023037043702146A9
:1053A0002846FFF7C7FF002038BD406B30B1838926
:1053B0008B42A0F1080001D08068F7E7704738B54C
:1053C0000B8A032B05460C4604D82046BDE838401E
:1053D000D6F7EABA042104F10C00FEF767FD418814
:1053E0002846FFF7E2FF0028EFD0436821465B69BB
:1053F0009847EAE770470346006828B15968026891
:105400001A60884208BF5A6070470346002003B9FB
:1054100070471A8A5B681044F9E710B5D46823789E
:10542000023113B92170012010BD8B42FBD0038AD9
:10543000023B038200201061F6E70620704773B537
:105440001446014605464FF49572206801F051F864
:10545000207500BB237A2068ABB1A3F11802534238
:1054600053419B000193638A0093AE68238AE268EC
:105470002946B047002808DB238A83420ED1002347
:105480002375012008E00223ECE710F1FF0F05D39C
:105490004042C0B22075002002B070BD0E20F9E776
:1054A0001FB5CDE90123002300931A46DAF7D8FC93
:1054B00005B05DF804FB2DE9F04F91B01668804609
:1054C0000F46002542F601030068D6F804908DF8D7
:1054D0002C500BA91446ADF82E30FEF784FD0028A1
:1054E00000F089804FF42053D8F800008DF82C503C
:1054F0000BA9ADF82E30FEF776FD38B1A3681BB1CD
:105500005A88BA4200D25F8001200EE061680846E6
:10551000FFF77BFF728B738D9A4294BFC0EB020042
:10552000C0EB0300032803D8002011B0BDE8F08FC2
:105530000846FEF75BFC05466068FFF766FF728D64
:10554000738B05F10C0B9A4294BFC0EB020AC0EBBF
:10555000030A5846FEF7BEFC824544D26068FFF756
:1055600054FF728D738B9A4294BFC0EB0200C0EB64
:10557000030070B96368987AD6F76EF900220023A9
:10558000FEF701FC05460028CED001466068FEF714
:105590003EFC00230093D8F80460102302AA414681
:1055A0004846B047061E26DB227CE068B2421ED089
:1055B00001460BA8FEF745FDE8B1F2B202A906A824
:1055C000FEF73FFDB8B106A90BA8FEF70CFD90B998
:1055D00000236374042105F10C00FEF740FCA06079
:1055E0000780A3688FE75846FEF774FCC1E702A95D
:1055F00015F067F9EBE70023A36085E7F8B593683A
:10560000166805460F46144663B9506801210C30F0
:10561000FEF725FCA0602B681B78002B14BF02232B
:1056200001230370A3681B78012B03D0022B1FD02A
:1056300000201CE02B681B78002BF9D16068042146
:105640000C30FEF70CFCE06007802A68E3685288A3
:105650005A806168728D738B088A9A4294BFC0EB3E
:105660000200C0EB0300042894BF00200120F8BD15
:105670002B681B78022BDBD1606812210C30FEF7FF
:10568000EEFBE06007802B68E268591C02321133A0
:1056900051F8040B42F8040B9942F9D16168728DFC
:1056A000738B088A9A4294BFC0EB0200C0EB0300E0
:1056B0001228D9E770B405686A6A52B3136803B157
:1056C000A83BA2F1A8040022114600E0A83B8442B6
:1056D00007D0668D648BB14238BF3146A24238BFD5
:1056E00022461C462BB1D3F8A830002BEED18442C1
:1056F000EFD1438D408B8B4201D890420BD982422F
:1057000038BF02469942286838BF194670BCDAF79C
:10571000EFBF1146EDE770BC7047D06803780431E5
:1057200013B90170012070478B42FBD091680B8A3E
:105730000020043B0B82106170472DE9F04F0446B6
:1057400085B0104690469946FFF75FFE638B628DE9
:10575000934228BF134683428B4640F2938063688E
:1057600003934046FEF742FB4FF0000A06464046D0
:10577000FFF74BFE628B638D06F10C079A4294BFD4
:10578000C0EB0205C0EB03053846FEF7A3FB8542DC
:1057900017D24046FFF739FE628B638D9A4294BF61
:1057A000C0EB0205C0EB03058DBB98F80A00D6F7E5
:1057B00053F800220023FEF7E6FA064630B95746B2
:1057C00036E03846FEF786FB0546EDE701464046E3
:1057D000FEF71DFB4046FFF718FE628D638B06F156
:1057E0000C079A4294BFC0EB0205C0EB0305384694
:1057F000FEF770FB85421FD24046FFF706FE628D22
:10580000638B9A4294BFC0EB0205C0EB0305F168BD
:10581000328ACDF80090DBF8047003980A44ABB2EA
:105820005946B847071E0CDABAF1000F18BF5746A1
:10583000384605B0BDE8F08F3846FEF74BFB05460D
:10584000E5E70E9BB3B9394606F10C00FEF707FBFE
:105850004046FFF7DAFD638D628B934228BF134603
:10586000B9448342BA441FFA89F9A8D9AF423FF438
:105870007EAFA4E70F9A0E9B394630469847002822
:10588000E1D19CE70027D3E70368002203B9704702
:105890008B420FD10B683AB942680360914200D144
:1058A000436000230B60704713604368994208BF50
:1058B0004260F6E71A461B68E8E706207047BFF328
:1058C0005B8F50E8003F43F0080240E800210029C8
:1058D000F7D1BFF35B8FC3F3C000704773B5166891
:1058E000054600237068137314462946952200F07C
:1058F00000FE207380B9CDE900002946A388A26884
:105900003046FFF71AFF002809DA10F1FF0F26BF13
:105910004042C0B20E202073002002B070BD0120B2
:10592000FBE72DE9F34116680746002370681373FF
:1059300014463946952200F0DCFD0546207308BB6D
:10594000A068718B728D038A914294BFC3EB0103EF
:10595000C3EB0203012B15DD02210C30FEF77FFAA9
:10596000CDE900558046A388A26839463046FFF746
:10597000E4FE031E0ADA13F1FF0F26BF5B42DBB21F
:105980000E232373002002B0BDE8F081A8F8003098
:105990000120F8E72DE9F04104468868FFF735FD5E
:1059A000638B628D934228BF134683420D461DD3FD
:1059B000E165D1F8088000278F60FAF7F7FE4146CD
:1059C0002046D9F765F9064638B1C5F80880E7657D
:1059D000FAF700FF3046BDE8F081618D638B994294
:1059E00028BF1946284600F01BFFF1E76FF0790643
:1059F000F0E738B5BFF35B8F0B68BFF35B8FDB0756
:105A0000054617D550F8040CA0B1AB6D93B904301E
:105A1000FFF7F1FC044668B10146281FFFF7BAFF03
:105A2000002807DA55F8043C5A6822609A685C60DE
:105A300002B99C6038BD2DE9F041446A07463CB389
:105A400054F8A86906B1A83E00231D4607F10408D2
:105A500001E034461646E26D9AB905B98BB9404665
:105A6000FFF7C9FC054658B101462046FFF792FFF3
:105A700000280DDA7B682B60BB687D6003B9BD60D0
:105A800023462EB1D6F8A820002AE2D0A83AE0E7B3
:105A9000BDE8F08170B504460E460022002308469A
:105AA000FAF778F9054658B101462046D9F7F0F8DB
:105AB000044618B12946304614F020FA204670BD3D
:105AC0006FF00104FAE7F8B50546071F00F154032B
:105AD00050F8044CBFF35B8F53E8001F21F0040122
:105AE00043E80012002AF7D1BFF35B8F04B3AB6D1C
:105AF0008BB963687BB1201DFFF77DFC014606462C
:105B00003846FFF747FF002812DA63683360A3685E
:105B1000666003B9A66005F15C013846FFF7BAFF7D
:105B200030B104F10C013846BDE8F840FFF7B2BFD0
:105B3000F8BD38B504460D46D9F7AAF830B1294664
:105B400004F16000BDE8384014F0CDB938BD2DE94E
:105B5000F041884617460121042205461E46D8F723
:105B6000D5FE044670B104210C30FEF778F980F8B8
:105B70000080A0F80170C67021462846BDE8F041BB
:105B8000FFF7D7BFBDE8F08137B50C46054601F1F8
:105B90000C00FEF793F9228A0192E2680092034614
:105BA000132212212846D9F77DF903B030BD37B54D
:105BB0000C46054601F10C00FEF780F9228A01929D
:105BC000E26800920022034611462846D9F76AF996
:105BD00003B030BD08B5437B072B01D0002008BDC2
:105BE0000421FFF7E2FB0028F8D0BFF35B8F436D81
:105BF000BFF35B8FDB07F1D550F8040CEFE770B50E
:105C00000E461546FFF7E6FF78B1436A6BB11846BA
:105C100050F8A83903B1A83B691C428D448BA242BD
:105C200028BF2246914202D93BB9002070BD2A46C6
:105C30003146BDE87040D8F769BED3F8A84004B13A
:105C4000A83C18462346E8E707B5CA681388528877
:105C500000920C210D22D9F7BDFA03B05DF804FBC8
:105C600007B5CB6800221B8800920A210B22D9F7C6
:105C7000B1FA03B05DF804FB2DE9F041CB681F8851
:105C8000BBB2162B05461BD90321D9F76BF9064683
:105C9000C0B102210C30FEF7E2F800244FF04108B9
:105CA00080F80080447031462846FFF742FF2846BE
:105CB000A5F81A806F85FFF7FDFC2046BDE8F0814E
:105CC0000420FBE70E20F9E7DAF746B80A8AC9682C
:105CD0000023D9F71FBC70B5054650F8043C55F8B1
:105CE00004690446002B32D031B1836D7BB31B7C39
:105CF000DA072CD505231DE03046DAF70DFD737A5F
:105D0000012B24D0A46D14B3237CDB071FD5E368DB
:105D1000002BEFD06269617C2846D8F7F7FD064674
:105D200038B1D4E90512E368984750B13046D5F749
:105D30003BFE0E23002228461146BDE87040D9F7ED
:105D4000E9BB31462846D8F7A3FF0028EED170BD45
:105D500030B5054689B055F8043B04461868FFF78E
:105D6000ADF96946D8F740FE2846D9F70DFC6068C2
:105D70001321FFF7F8F809B030BD10B5044688B01C
:105D800054F8783D1868FFF799F96946D8F72CFE62
:105D90002046FFF7DDFF08B010BD70B50E46FFF7D7
:105DA00019FF044628B93046D5F7FEFD6FF07F0095
:105DB00070BD00F10C052846314614F094F8606A75
:105DC00038B150F8A84904B1A83C2946FFF762FE53
:105DD00020B90020ECE71C466FF00100002CF8D041
:105DE000D4F8A83023B90230F5D020461C46ECE7A1
:105DF000A83BF8E738B505460C46FAF7D7FC284625
:105E0000FFF7E8FE20B9FAF7E5FC6FF07F0038BD38
:105E10000023236083683BB9C0E90144FFF70BFE10
:105E2000FAF7D8FC0020F2E71C608460F6E7012056
:105E3000704708B5FFF7CEFE98B1436A8BB1BFF348
:105E40005B8FA83B03F1580252E8000F20F00800D6
:105E500042E800010029F7D1BFF35B8FD3F8A830E7
:105E6000ECE708BD08B50421FFF79FFA30B1BFF396
:105E70005B8F406DBFF35B8FC0F3C00008BD106047
:105E80000020704710B5029CA36833B1B1F5807F44
:105E900028BF0E21CAB221469847A37DE268013B84
:105EA000DBB2A37522B11BB92046BDE810401047F4
:105EB00010BD1060918000207047002070470B6873
:105EC00003608B8883808B7983717047F0B587B0CE
:105ED0000026BDF830500196174631460D2202A823
:105EE0001C4614F068FB0F2D12D82544102D12DC2F
:105EF0002246394601A814F036FB04F118036B441E
:105F000001A803F8146CD6F787FA204607B0F0BD55
:105F10006FF00604F9E76FF00C04F6E708B5072206
:105F200014F0CFFCB0FA80F0400908BD10B503783A
:105F30009342044607D10130FFF7F0FF002814BF59
:105F40002046002010BD0020FCE710B50346BFF33B
:105F50005B8F53E8000F40EA010243E80024002C65
:105F6000F7D1BFF35B8F10BD10B50346BFF35B8F56
:105F700053E8000F00EA010243E80024002CF7D1A7
:105F8000BFF35B8F10BDBFF35B8F0068BFF35B8F08
:105F9000704770B50D46064611F8010BD8F764FA44
:105FA000044610B12C89D7F71BFF6B89A34207D099
:105FB000EB686C8123B121463046BDE8704018473C
:105FC00070BD38B5BDF81040A24215460CD84CB192
:105FD0006BB1A21A8A42A8BF0A4694B22246591946
:105FE00014F0C1FA204638BD6FF00600FBE76FF0F1
:105FF0000D00F8E730B585B0C96814461D46D9F7DD
:106000003BFC00B10089ADF80E0002230093BDF8FF
:1060100020200DF10E0329462046FFF7D2FF05B0E0
:1060200030BD1FB50C461946E3681C781046BDF814
:1060300018203CB110240133069404B0BDE8104090
:10604000FFF7BFBF5B88ADF80E30022300930DF160
:106050000E03FFF7B6FF04B010BD30B585B01D4686
:10606000002314468DF80C30D9F7D8FB10B1037A11
:106070008DF80C3001230093BDF8202003AB294696
:106080002046FFF79EFF05B030BD2DE9F0411446D4
:106090001D46BDF81870D6F7E3F90646D0F7ACF800
:1060A00080B2069033463A4629462046BDE8F04184
:1060B000FFF787BF30B585B014461D46FEF757FA87
:1060C0000223ADF80E000093BDF820200DF10E0361
:1060D00029462046FFF775FF05B030BD10B5D9F74A
:1060E00017FB044640B1014611F8010BD5F718FE25
:1060F000002323606360A360002010BD70B500F131
:10610000700605463146007AFEF734FA04463146F9
:10611000287A1CB1BDE87040FFF7E0BFD9F7F8FA64
:1061200010B104604460846070BD022A10B508D1CB
:10613000002300F170011A46007AD9F7F1FB022022
:1061400010BDFFF7DBFFFAE737B504460D46D9F778
:106150009DFA024688B1037A8DF804300C30FFF7BF
:1061600012FF00F001008DF80500022301AA294664
:106170002046D5F7DDFD03B030BD0346F7E7F0B5A7
:1061800007683D7889B0064614462DBB7B88B3F579
:10619000245F04D01AD8A3F52053032B1CD8ADF8E4
:1061A0000A1002220DF10A01204612F0E3FE48B95E
:1061B0007B88ADF80A3002220DF10A01204612F068
:1061C000D9FE68B16FF01502A26506E003F55643EB
:1061D000FF339BB2042B12D90125284609B0F0BD2C
:1061E000009003AA776813233146B847021EEBDB01
:1061F00003A9204612F0BEFE0028EDD0E2E7ADF87C
:106200000A1002220DF10A01204612F0B3FE002806
:10621000D8D17B88ADF80A3002220DF10A01E8E7F7
:1062200008B50C3029B10121FFF78FFEC0430840AB
:1062300008BD6FF00101FFF797FE00F00100F7E7DE
:1062400010B50446FFF7ECFF38B121460122BDE846
:10625000104011F8010BD9F723BB10BD2DE9F04117
:106260001F46BDF81830012B064690462DD83B44FA
:10627000012B3D462CDCD9F7D1FA044618B9D9F7E1
:10628000CDFA044638B397B1217A98F8002000235C
:1062900021FA03F0C70703D522FA03F0C0071DD582
:1062A0000133032BF4D102F007021143217206F1EE
:1062B0007001601CFFF703FE337A23700121204632
:1062C000FFF7BEFF2846BDE8F0816FF00605F9E74D
:1062D0006FF00C05F6E76FF01005F3E76FF01205AD
:1062E000F0E770B504461546FFF7A1FD48B120461A
:1062F000D9F794FA28B1037ADB0702D50121FFF719
:106300009FFF85B9207A04F17001D9F701FA02469E
:1063100048B101468560BDE8704011F8010B0423C7
:106320000832D5F7EFBC70BD2DE9FF41884616460F
:106330001F46044628B96FF01505284604B0BDE88D
:10634000F08102A9FDF727FE05460028F3D101A937
:106350002046FDF7B4FB0198D0B902A90020D9F777
:1063600095F9044648B9D9F759FA044678B3002399
:1063700000F8013B02A9FFF7A2FDB8F1000F22D0FF
:10638000022269463846B047002808DA0546D4E7B5
:106390000A222946FAF786FE0028DED0CBE79DF8D0
:1063A00000302372022804D000212046FFF748FF66
:1063B000C3E79DF801100129F6D801F0010120463C
:1063C000FFF72EFFB9E72046D9F784FBB5E76FF05A
:1063D0000B05B2E738B5BDF81010BDF81840059DA3
:1063E000A14210461A460CD84CB16DB1631A9A42BC
:1063F000A8BF1A4694B22246294414F0B4F82046A5
:1064000038BD6FF00600FBE76FF00D00F8E713B53D
:10641000044610B9002002B010BD00238DF80430EE
:10642000006842F6030301A9ADF80630FDF7DBFD75
:106430000028EFD1E36898880028ECD12046D9F7EE
:10644000DFFC013080B2E6E770B5CC6888B0084662
:106450001E46A3798DF80C301546FFF7D8FFADF82E
:106460000D00246823786BB96388ADF80F300523DD
:106470000093BDF8302003AB31462846FFF7A1FD5D
:1064800008B070BD631C0DF10F02113453F8041BEA
:1064900042F8041BA342F9D11323E9E71FB5CDE964
:1064A0000123002300931A46D9F7DAFC05B05DF802
:1064B00004FBD9F7C3BD1FB50C461946E368104667
:1064C0001A788DF8082093F901208DF809205A8850
:1064D000ADF80A201A79DB88ADF80D3007238DF866
:1064E0000C200093BDF8182002ABFFF76AFD04B042
:1064F00010BD38B54C8AD3070546C4F30E0404D545
:1065000014F0950F2AD04B6843B3900704D514F4C8
:10651000957F25D08B681BB3144014F4DE7F0DD01B
:10652000EB7A2BB92846FEF73EFDD8B9052038BDD9
:1065300014F0300F04D114F4C07F07D10020F6E727
:106540002846FEF7B3FD0228F5D8EFE7D5F89C30D2
:10655000002BEBD05B7BDB06E8D5EFE70220E6E71C
:106560000320E4E70F20E2E72DE9F041437B072B0E
:1065700086B005460C46174640F0848000238DF80F
:106580001430206842F6030305A9ADF81630FDF774
:106590002AFD90B96668002E74D00090012304AAE9
:1065A0002146B04701286DD19DF8103013F0300F0F
:1065B00068D02046D9F7D8FD0446002320688DF81E
:1065C000143005A942F60213ADF81630FDF70BFDA5
:1065D00018B12046D9F7C8FD0446002642F6021835
:1065E00020688DF8086002A9ADF80A80FDF7FBFC71
:1065F000F0B9002320688DF8143005A942F6021383
:10660000ADF81630FDF7EFFC00283BD16668002E90
:1066100038D00090022305AA21462846B047022818
:1066200030D1BDF814301F4214BF012000202AE0F1
:1066300020688DF80C6042F6030303A9ADF80E3014
:10664000FDF7D1FC0028D4D020688DF810604FF4FD
:10665000205304A9ADF81230FDF7C5FC0028C8D0BE
:1066600020688DF8146042F6010305A9ADF81630D4
:10667000FDF7B9FC0028BCD02046D9F775FD0446CB
:106680000028ADD1002006B0BDE8F081F8B5144671
:106690000F46942261680646FFF72BFF20BB616816
:1066A00001223046FFF760FF08B3A2891B210232A6
:1066B0003046FFF7A4FA0546E0B1A1890C3002315B
:1066C000FDF7CDFB20F8027BA289A16813F04BFFF8
:1066D000D4E9041228460123D8F7BAFF29463046E8
:1066E000BDE8F840FFF759BB4FF0FF30F8BD6FF041
:1066F0001500FBE76FF00B00F8E72DE9F0410546C8
:106700008846D9F78BF80446E0B1037ADB0719D540
:1067100000F10C073846FFF736FC10F0010611D1E6
:10672000B8F1000F0FD06FF002013846FFF71CFCE4
:1067300010F0020F284609D0FFF77BFB012120460D
:10674000FFF77EFD01263046BDE8F081FFF76FFBC5
:106750000028F8D02846FFF785FB0028F3D06FF01B
:1067600002013846FFF700FC2846E5E7F8B5064683
:106770000F46D8F7ABFF394604463046FDF7FAFE20
:1067800068B364B304F108056FF001012846FFF710
:10679000EBFBC20703D539463046D9F7D5FF6FF07A
:1067A00002012846FFF7E0FB830703D53946304650
:1067B000FFF7CAFC2846FFF7E6FB80B9234603F83B
:1067C000010BC4F80100C3F80300BFF35B8F55E869
:1067D000003F45E80002002AF9D1BFF35B8FF8BD06
:1067E00010B50446A0F1170110F8180CFFF7BEFF12
:1067F00014F80C0CA4F10B01BDE81040FFF7B6BF74
:1068000038B5044659B100F170052946007AD9F728
:106810009BFF207A2946BDE83840FFF795BC38BD7C
:1068200070470720704708B50621FEF7BEFD00B18E
:10683000EC3808BDBFF35B8F0068BFF35B8F084186
:1068400000F00100704710B50346D9B1C88910F0B7
:10685000240F17D01A7D5C7B097BA24228BF2246F9
:10686000914201D9002010BD820604D4187A003864
:1068700018BF0120F7E70521181DFFF7DBFF0028EF
:10688000F4D1EFE70120EEE701238B40DB43BFF3B8
:106890005B8F50E8002F1A4040E800210029F8D112
:1068A000BFF35B8F704707207047002370B51A460F
:1068B0000446EC300D46FEF708FD20B12846BDE841
:1068C0007040D5F771B804F5A0704FF47022BDE8A0
:1068D00070400023F9F746BD01238B40BFF35B8F67
:1068E00050E8002F1A4340E800210029F8D1BFF3F7
:1068F0005B8F704708B50E21FFF7EEFF002008BD43
:1069000038B505460B4604300D21FFF793FFA0B1C3
:10691000DC68D5F8EC300220197A03F1700200F03F
:1069200096FB80B1224600F12A0304F1100152F8CF
:10693000040B43F8040B8A42F9D128460921FFF7DA
:10694000CBFF002038BD0820FCE770B5051D0E46C2
:1069500028460421FFF76EFF68B1002200210023C2
:106960000846D7F7F3FE044640B904212846FFF74E
:10697000B3FF204670BD4FF47022EFE701210C30C9
:10698000FDF76DFA0670F4E738B504210446FFF709
:10699000DCFF054698B110210C30FDF760FA04F1D8
:1069A000270304F1370253F8041B40F8041B9342F9
:1069B000F9D120462946FFF778FF002038BD08208E
:1069C000FCE72DE9F04790B004460CAD1022002101
:1069D000284613F0F0FD237A052B1ED8DFE803F0DC
:1069E000060303061D21D4F8D8300C93D4F8EC30FC
:1069F00004F1470204F1C707CDE9017204F1370839
:106A000003F17E0204F12709009277334A4641469A
:106A100004F19700DAF7B8FE98B1082010B0BDE88D
:106A2000F087D4F8E430002BE0D02E4603F11007B5
:106A300018685968324603C20833BB421646F7D17C
:106A4000D4E7D4F8EC3003F177027E3308AE01933B
:106A500004F111030292009303962B4642464946E5
:106A6000384600F0ABFB0028D7D1237A052B0FD195
:106A7000D4F8E010002948D00B46AC4601F1100EC6
:106A800018685968624603C2083373459446F7D1C3
:106A9000D4F8EC3003F17E0277330DF1100A019344
:106AA00004F10A0302920093CDF80CA02B464A464B
:106AB0004146384600F082FB0028AED110225146F4
:106AC00004F1B70013F0FDFE20BB0D212046FFF7B7
:106AD0003CFF07460028A0D010210C30FDF7BFF97D
:106AE00032460346164603CEAE421860596032461F
:106AF00003F10803F6D139462046FFF7D6FE201DE4
:106B00000121FFF7E9FE002088E71022284613F054
:106B100052FDBDE70B2081E770B5D0F8EC30DB7893
:106B2000012B044619D1CD68061D10213046FFF710
:106B3000ABFE2B4604F1B70205F1100153F8040B2C
:106B400042F8040B8B42F9D107213046FFF772FE61
:106B500028B109213046FFF7BFFE002070BD0A2191
:106B60003046FFF767FE0028F3D12046BDE87040AD
:106B7000FFF727BF70B5061DCD6804460B213046D0
:106B8000FFF782FE2B4604F1170205F1100153F8BE
:106B9000040B42F8040B8B42F9D1237A012B09D064
:106BA000022B13D120460421FFF796FEBDE870406A
:106BB000D9F794BF0A213046FFF73CFE0028F1D0F8
:106BC00030460021FFF788FE002070BD0820FCE75A
:106BD00007207047072070470720704730B5012312
:106BE00003FA01F1CA43BFF35B8F50E8003F03EAA9
:106BF000020440E80045002DF7D1BFF35B8F194236
:106C000014BF0120002030BD70B500F170060446AD
:106C10000D4607220968304613F053FE40B96B68F1
:106C20001A6822679A88A4F874209B7984F87630D1
:106C300070BD38B50446031D0025BFF35B8F53E8D4
:106C4000002F43E800510029F9D1BFF35B8F04F511
:106C5000A07013F03DFA2572BFF35B8F54E8003F3C
:106C600044E80052002AF9D1BFF35B8F204601218E
:106C7000BDE83840FFF730BE2DE9F84FDDF82C8035
:106C8000BDF82890044692461F46FFF7CCFD054606
:106C900000285AD0061DB9F1000F27D15AEA070380
:106CA00024D103213046FFF7C5FDD0B30121304682
:106CB000FFF7C0FDA8B32C7D6B7B9C4228BF1C4610
:106CC000224605F14701404613F04DFC0F2C06D833
:106CD000C4F11002002108EB040013F06CFC3046F4
:106CE0000121FFF7F9FD0120BDE8F88FD4F89C30B1
:106CF000F3B904F1700B217A5A462020DAF7D4FC5C
:106D0000C4F89C0030B9217A5A460120DAF7CCFC4D
:106D1000C4F89C00B9F1000F0AD15AEA070704D061
:106D200006E0D4F89C30002BE3D0D4F89C1071B965
:106D30000F213046FFF77EFD20B1022206212046BA
:106D4000D7F72AFB2846FFF774FF0020CCE7CB8952
:106D50009B06EDD50C7B1A312246B4E76FF0850017
:106D60007047F8B5031D06460F4618460221FFF787
:106D700061FD044620B1B6F8E840B4FA84F4640931
:106D800003211846FFF756FD58B139463046DAF769
:106D90001BFA052194B1D6F8EC00FEF7E4F80020C8
:106DA000F8BD01211846FFF745FD0028EDD10F2160
:106DB0001846FFF73FFD0028E7D1EAE73046FFF726
:106DC000C4FD054688B101210C30FDF748F8234683
:106DD00007702246294606F1EC00FEF776FA0028F5
:106DE000DDD02846D4F7E0FDD9E76FF06800D7E79B
:106DF00070B504460820D9F741FD0546E0B1061DEF
:106E000008213046FFF740FDBCB30721FFF73CFDEA
:106E1000234605F1970204F1200153F8040B42F8D0
:106E2000040B8B42F9D10A213046FFF703FD70B104
:106E300009213046FFF750FD0720D9F71FFD044612
:106E4000E8B1D9F76DFD0146C8B1204612E0102126
:106E50003046FFF7EFFC09210028EAD13046FFF762
:106E6000E9FC0028E8D02846FFF7ABFD01460028E2
:106E7000E2D02846FFF775FFDEE70B21F9E770BD8A
:106E80002DE9F0410E460446D0F8EC80D9F704FD18
:106E9000F768261D05460A213046FFF79FFE38B1E8
:106EA0006DB920463978DAF78FF90020BDE8F08116
:106EB0000B213046FFF792FE0028F1D1F1E76B6914
:106EC000002BEED040469847EBE770B50446A0F1A2
:106ED000EC0650F8543BE83CD3F89C5013F0F8F81B
:106EE00003212046FFF7A6FCA0B108213046DAF7BF
:106EF0006BF93DB1EB8913B16B7B9B0702D528463B
:106F000000F0B9F830464FF4BC72BDE87040002183
:106F100013F051BB01212046FFF78CFC0028E4D17F
:106F20000F212046FFF786FC0028DED1E1E710B5EF
:106F300008210446A0F5A070DAF746F9A4F59E7082
:106F40000421BDE81040FFF7C7BC70B50446FFF749
:106F50006AFC0546002863D0061D03213046FFF772
:106F600069FC00285CD0D4F89C0008B100F083F8DC
:106F7000207A04F17001DAF735FBC4F89C0028B9D7
:106F800028460821BDE87040FFF7EBBE0E213046D1
:106F9000FFF750FC28B1D4F89C20537B43F0020348
:106FA00053732A7AD4F89C10032A4B7B39D8002AD1
:106FB0003ED0D4F89C20537B43F0010353732B7DC8
:106FC000697BD4F89C208B4228BF0B4613730521A4
:106FD0003046FFF72FFCD4F89C305A7B88B342F040
:106FE00010025A730D213046FFF724FCC0B1D4F8CB
:106FF0009C00202100F03BF8D4F89C3005F14702BA
:107000001A33573552F8041B43F8041BAA42F9D12E
:10701000D4F89C20002313615361D4F89C2013837F
:1070200070BD053A012A03D843F020034B73C0E733
:1070300023F020034B73D4F89C20537B23F00103EF
:10704000BCE722F010025A73EAE7D5F7E5BD70B548
:1070500004460D461646DAF727FB38B9314628466E
:10706000DAF7C0FA10B1C3891C43C48170BDC3896B
:107070001943C181704710B5037A5B07044601D5F7
:10708000D5F760FE214611F8010BD4F7DFFE20464C
:107090004022BDE81040002113F08DBA70B50646BD
:1070A00090B01446184626B3342203A9A047051E03
:1070B0001FDB01A93046FCF76EFF0446C8B96946DC
:1070C0003046FCF7FCFC009868B9ADB901AA294626
:1070D0003F20DAF7E9FA18B14022294613F06BFA9B
:1070E000204610B070BD0A222146F9F7DBFF0028C8
:1070F000EBD06FF01504F3E701A90020DAF772FA7C
:10710000034698B1342D02D0FFF7B5FFF1E703AA8B
:107110000C330FAE154603CDB542186059602A46B0
:1071200003F10803F6D128681860D9E76FF00B0463
:10713000D6E701460246342311F8010B0C32D4F78E
:1071400077BE531E1944024411F8013900F8013B7F
:107150009042F9D1704710B5431E00F1100207307C
:1071600013F8011F12F8014D1C7083421170F7D102
:1071700010BDF0B597B014460E462022014605A872
:107180001D461C9FFFF7DDFF202231460DA8FFF7AB
:10719000D8FF2146102201A88DF85450FFF7D1FFE7
:1071A0003B46412205A901A8DAF784FB044610B941
:1071B0003846FFF7D0FF204617B0F0BD2DE9F04369
:1071C00097B00446164605A810221D46DDE91F9813
:1071D000219FFFF7B6FF1022314609A8FFF7B1FF44
:1071E000102229460DA8FFF7ACFF1E99032211A813
:1071F000FFF7A7FF4946D9F8010011F8013B8DF8C8
:10720000473012908B88ADF84C30062212A8FFF759
:1072100098FF4146062211F8013B8DF84E30D8F810
:107220000130CDF84F300DF14F008B88ADF8533061
:10723000FFF787FF2146102201A8FFF782FF3B4698
:10724000412205A901A8DAF735FB044610B93846F2
:10725000FFF781FF204617B0BDE8F0832DE9F0412C
:1072600006460D4617461C46ABB1D0F80880D8F844
:1072700000309847002D11DB84420FD8031BAB422E
:107280000CD3D8F808E023463A4629463046F4465F
:10729000BDE8F04160471846BDE8F0816FF0150089
:1072A000FAE74368D3E90203C01A70472DE9F041B9
:1072B0000C4646680546006990461F46E9F752F8B5
:1072C000002C15DBD6E90231E2195B1A9A420FD87D
:1072D000D6E90003E118737C19443B464246FFF7A8
:1072E000BDFF04462869E9F74BF82046BDE8F08168
:1072F0006FF01504F6E72DE9F8430D1ED0F8049061
:10730000064690461C462DDBEA18D9E902315B1A85
:107310009A4227D80069E9F725F8D9E9007299F867
:107320001130B4B1D7F8089015441D443846D9F847
:1073300000309847002D12DB844210D8031B9D4279
:107340000DD82346D9F80490424629463846C84706
:1073500004463069E9F714F82046BDE8F8836FF079
:107360001504F6E76FF01504F6E738B545680446EE
:107370000069E8F7F7FF2B8A2069002B0CBF6FF03C
:1073800085050125E8F7FCFF284638BD38B5446877
:107390000569206812F0CDFB78B1206883681B680E
:1073A0009847002808DBD4E901321344834207D808
:1073B000281D12F0C8FC002038BD6FF01200FBE75A
:1073C0006FF01500F8E7F0B50569476885B0102241
:1073D00000210646684613F0EEF800242846E8F738
:1073E000C1FF2C702546BB68A34205D83069E8F779
:1073F000C7FF284605B0F0BDD7E9000121441B1B9B
:10740000102B28BF10236A46FFF728FF051EEDDB6F
:10741000BB681B1B102B94BFE4181034E3E710B5B6
:107420000369C0E905330023C360837F044613B1B9
:10743000407AEAF7D1FA0123237700236377E377D1
:10744000A37710BDF8F7DEBBF8F754BC03780279D8
:1074500003F00F011AB959B14FF0FF3070470829F6
:10746000FAD8012A04D183F0080040F3C000704725
:1074700043F3C000704738B50446E8F79BFF054664
:1074800060B1037A6BB120460024EAF729FB284655
:10749000AC77FFF7C4FF2C72204638BD6FF01500A3
:1074A000FBE76FF07700F8E770B504460E46154627
:1074B000E9F760FC30B906B925B12046BDE8704057
:1074C000E9F7A0BC70BDC343C3F3C01300F00F00C5
:1074D00000EB0310704708B5E9F716FD818208BD7F
:1074E00008B5E9F711FDEFF31183202282F312882A
:1074F000BFF36F8F02690A60027B2AB9807D83F334
:107500001188BFF36F8F08BD0420F8E710B403465D
:107510000838BFF35B8F50E8002F511C40E800147F
:10752000002CF8D1BFF35B8F1AB95DF8044BEAF772
:1075300073BB6FF00F025DF8044B9A6670470369E6
:10754000C9B20C2201FB0233186C00F0070070472F
:1075500070B5C9B20369EFF31185202484F3128852
:10756000BFF36F8F0C2606FB0134246C14F0C004AB
:1075700008D0A24206D085F31188BFF36F8F4FF079
:10758000FF3070BD06FB013301221A6485F31188B8
:10759000BFF36F8F436803EBC1035B68984700201C
:1075A000EFE78022FFF7D4BFF8B5069F0469C9B2A0
:1075B000EFF31186202585F31288BFF36F8F0C251A
:1075C00005FB0144256C05F0070CBCF1010F0CD143
:1075D000276486F31188BFF36F8FC4E90E234368D5
:1075E00053F8313098470020F8BD05F0C005AF4290
:1075F00086F31188BFF36F8F0CBF6FF077004FF0E9
:10760000FF30F1E713B580240094FFF7CDFF02B0FF
:1076100010BD10B40069CBB21C2403FB0400002190
:107620005DF8044B10470020F4F7E4BF002010F091
:10763000A5BE1046F8F7E0BB6FF085007047022941
:1076400014BF6FF08500002070471FB5CDE9001210
:107650000146012351F8040BCDF808D00393836849
:1076600002AA1C680023A04700EAE07004B010BD25
:10767000014651F8040B83685B6818476FF085007A
:1076800070470020704708461146D5F727B82DE906
:10769000F3411C469046002382682360A36053692F
:1076A0000D4601AA69469847019B5A1E019223B9CB
:1076B0006FF0150002B0BDE8F0810098A26847683D
:1076C0002168676085B9A8EB02030668B34228BF4A
:1076D00033461A4403FB07112160A26002689A42F4
:1076E00006D808300090DFE76B1AB3FBF7F3ECE73E
:1076F0000020DFE713460022FFF7C9BF2DE9F0475E
:10770000836886B05B698846914601A902AA9847BA
:107710000024A2462546029BAB4202D806B0BDE833
:10772000F087019F07EBC50700267B6804933A6842
:10773000B2420AEB060302D801359A46EBE70394FE
:107740000593494603A8C0470028E7D0049B0136AB
:107750001C44ECE710B50C4610F0A6FE0023C4E96B
:107760000003184610BD38B505460C4610F09CFEC7
:10777000002D07DBA84205D9401B84428CBF0020A6
:10778000012038BD0020FCE770B50D46284619469B
:1077900016461C46FFF7E7FF38B124B122462946BA
:1077A000304612F0E0FE002070BD6FF01500FBE7E0
:1077B00043685B68D3F810350B600020704743685E
:1077C0005B6802EA010021EA0201C3F80805C3F878
:1077D0000C150020704743685B680020C3F808154B
:1077E000704743685B680020C3F80C157047436816
:1077F0005A68D2F8043521EA03000B40C2F80805A4
:10780000C2F80C350020704710B503695868F8B10C
:10781000884219D19C6808685860A14200D19860DC
:10782000002008602AB15A680A609A68596002B953
:107830009960002010E0814206D1086820609868B5
:107840008142EDD19C60EBE7044600680028F2D14C
:10785000002AE8D16FF0150010BD13B54FF080522B
:107860000829136E526E28BF082112BA00921BBA63
:107870000C460A466946019312F075FE204602B096
:1078800010BD70B50B680546006898420C460AD0DA
:1078900041F8040B066983685B68984740B96368E0
:1078A0003268534063602B796068D84000F0010073
:1078B00070BD70B403460C46DA880068197922431B
:1078C000056986682B6801248C4012F0010F14BFF3
:1078D0002343A3432B60336870BC184703460A4612
:1078E00000681979012303FA01F103691B68194241
:1078F00018BF82F0010212B18368DB681847836801
:107900001B69FBE7036911B1D960002070476FF074
:1079100015007047F8B505460E4600240C276B6825
:10792000A34201D80020F8BD2868314607FB0400B7
:10793000FFF7D4FF0028F6D10134F0E72DE9F04F2E
:107940000669446885B005464FF000094FF00C0BFE
:1079500063684B4537D84FF00009C84623699945FD
:10796000C0F093802869B8F1000F00F096806B6832
:107970009A69D0E91231D31841EBE271C0E91231B2
:10798000C90341EA534140F2E732DB0300F110043E
:10799000981841F10001B0F57A7F71F1000377D3B7
:1079A0004FF47A720023CEF7FBFB6FF00102121A3C
:1079B0004FF0FF3363EB01032046F8F7D3FC0020C0
:1079C00005B0BDE8F08F27680BFB09770121384629
:1079D000FFF784FF0028F3D1CDE9020004F108038A
:1079E00082460193B368534508D800213846FFF713
:1079F00075FF0028E4D109F10109A9E7706894F83E
:107A000020C0BA6821690BFB0A008368BCF1000F33
:107A100013D101FB032802A9FFF733FF0028CFDBB6
:107A2000306D019BA26914BF0121002100EB4800C9
:107A300012F03EF80AF1010AD4E701FB0238EAE746
:107A4000326D0AFB039302EB430B584612F068F8C1
:107A500040B1584612F060F8F7680346524649466E
:107A60002846B847B8F1000F0DD1584612F04CF82F
:107A700000F001080AF1010AD4E904325245DFD8C6
:107A800009F101096AE70120F2E74FF0000AF3E784
:107A90006FF001024FF0FF338EE74FF09861EBF784
:107AA000CBF900288BD168680121FFF733FF86E707
:107AB00050F8100CFFF742BF10B54FF40011044608
:107AC0000069EBF7B9F9014620B96068BDE81040DC
:107AD000FFF720BF10BD10B504460069103012F04A
:107AE000F7FA2046BDE81040FFF7E6BF10B551F8A1
:107AF000043C1C692068FFF7DFFF12F068FC4FF4BC
:107B00007A72A0FB020302FB0131C00B40EA414044
:107B1000C90BC4E91201002204F110000023BDE8E2
:107B20001040F8F71FBC70B50446066912F04FFC10
:107B30004FF47A75A0FB053205FB0121DB0B43EA0C
:107B40004143C90BC6E912312046BDE87040FFF73A
:107B5000F5BE30B543681360057A446804EBC5048C
:107B6000A34202D36FF0010030BD5C798C4201D09A
:107B70000833F0E70020F7E74368586870474FF094
:107B8000FF324FF0FF33F8F73DB8F8F7B3B82DE9FF
:107B9000F041D0F80480044600691F460E461546A1
:107BA000FFF7EDFFD8F800103A463144284612F0AE
:107BB000DAFC2069FFF7E9FF0020BDE8F0812DE93C
:107BC000F041D0F80480044600691F460D46164671
:107BD000FFF7D5FFD8F800003A463146284412F0A6
:107BE000C2FC2069FFF7D1FF0020BDE8F08138B565
:107BF000456804460069FFF7C2FF6A6828680021EB
:107C000012F0D9FC2069FFF7C0FF002038BD08B58D
:107C1000006912F098F8002008BD0022012103201D
:107C2000D3F798BB002201212F20D3F793BB10B5C7
:107C30000B6813B91360184605E003685C681CB153
:107C400014600368186810BD083303600B68013BBB
:107C50000B60EDE713B501AA0446FFF77AFF002891
:107C600005DB019B226819791868EBF7A3F902B0CC
:107C700010BD012970B50C4606D14368D86B0021B0
:107C8000FFF7E8FF002070BD61B90669456896F806
:107C90006D3023B12846F5F759FC86F86D40E86B46
:107CA0000121EDE76FF08500EDE703460A46006825
:107CB0001979012303FA01F103691B68194218BFFE
:107CC00082F0010212B18368DB68184783681B6980
:107CD000FBE710B504460068D0B18368C3B149B171
:107CE00001210830FFF7E1FF23681869BDE8104063
:107CF00011F01ABF12B98388DB0409D4006911F0AE
:107D000013FF20680021BDE810400830FFF7CDBF09
:107D100010BD10B5012200210446FFF7DAFFA36968
:107D200033B9636004F11000BDE81040F8F764B89F
:107D300010BD10B5006903688B4206D190F86C4005
:107D400034B9FFF7E6FF204610BD6FF01500FBE7E2
:107D50006FF00F00F8E738B505690446296405F1AE
:107D60002800F8F749F8002285F86C2020691146B0
:107D7000BDE83840FFF7ADBF38B502780346002AAA
:107D800052D10C69A26E32B9606E6FF07301BDE81A
:107D90003840FFF7E0BFE06D40B1216E31B1DB68E4
:107DA00023B1834202D0616F12F0DDFBA36DA56E9B
:107DB0009BB19D4211D85B1BA3654BBB636C083321
:107DC0006364A36C013BA36404F1580204F148010D
:107DD00004F14400FFF72BFF6065236E9BB19D42C9
:107DE00011D85B1B2366CBB9E36C0833E364236DC6
:107DF000013B236504F1600204F1500104F14C00E1
:107E0000FFF715FFE065606EBDE83840EBF748BA54
:107E1000636D002BE1D02B446365DEE7E36D002B3F
:107E2000F1D02B44E365EEE738BDF8B50C460546C6
:107E300010F037FB0022214606462846F4F71CFFC7
:107E400003212046EBF736FC00F023F807462B68A9
:107E50009B5953B100262146284610F020FB2046AE
:107E60000121EBF727FC3046F8BD00F012F8C01BEB
:107E70000628ECD96FF07306EDE700F150039B0084
:107E80009BB203F1804303F5883300221A601B681C
:107E9000704708B5EBF7D4FC08BD70B50646002066
:107EA000F2F724F8002504460CB9284670BD204698
:107EB0000DF0A2F901280AD020460DF0A3F9864260
:107EC00008BF25462046F2F711F80446ECE72546A0
:107ED000EBE72DE9F047037FDC070546884692462D
:107EE00002D50020BDE8F087C668BEB137464FF026
:107EF000010931462846D047B8420446F1D03E46F3
:107F0000ACB92B7F1907ECD5B9F1000FE9D02846A1
:107F1000C047044636B14FF00009F1E71A07F6D41E
:107F200088470446002CDCD026464FF00009206824
:107F300000F0F7FB030638D4276837BBEB68A34291
:107F4000CFD073B128461E68FFF7A7FF1421024661
:107F50003046EBF7CFFE0128C3D1EB68186801F07B
:107F6000B6FDEC6028462468FFF797FF1321024610
:107F70002046EBF7BFFE0128B3D1EB68186801F08B
:107F8000A6FD2B69A3B90120ACE70121384600F01A
:107F9000BCFB20B9384603F03FF80746CDE7012186
:107FA000384600F0B2FB0028C8D037462646A0E786
:107FB00028469847E7E770B5064600F0B4FB04464C
:107FC000002838D0C368E3B11B68B34219D1037FDE
:107FD000DA0744BF6FF3000303770EF0EFFDE368A9
:107FE000834229D120460EF0ECFDE368984223D16C
:107FF00005682046FFF751FF142102462846EBF79B
:1080000079FEE36823B11B68B34204BF0023E36039
:1080100020460EF0D3FD054668B12B68B3422946D1
:1080200020461CD10EF08AFD2846F3F7A9FCB36860
:108030000BB100225A6070BD237FC3F3C00543F02B
:10804000080323775B07204606D4EBF7C1FD237FA7
:1080500065F3C3032377D4E7EBF7CEFDF7E70EF024
:10806000B3FDD8E770B50D46044618B30846FFF7D0
:10807000A2FFAB6813B9284600F083FDAB68204629
:108080005C600EF03FFD0646A0B1056020460EF094
:1080900095FD86420ED1237FC3F3C00543F008034C
:1080A00023775B07204606D4EBF792FD237F65F329
:1080B000C303237770BDEBF79FFDF7E710B1C068EE
:1080C00000B10068704710B1007FC0F340007047F6
:1080D0002DE9F3414E680C462EB33046ECF716FB03
:1080E0000746304601F0BCFE102280460021304693
:1080F000B56902F016FC2B18A3EB0803A361013B42
:1081000023620190122200213046756902F009FCB9
:108110000544E81B60610138E0614BF67633636229
:1081200002B0BDE8F08141F67603F8E72DE9F04FA3
:10813000B0F828B08B4589B00446884607D00A4677
:10814000594602F049FC814620B9A4F8288009B0BC
:10815000BDE8F08F204601F0BAFC2046A4F8288044
:1081600002F063FD4FF42070F3F7F8FB00266FEA8E
:108170000803074603960793628DC2F30513B342C3
:108180001AD9039B202B17D0E16801EBC60CF00035
:10819000DCF80430C3F3170E9BB20593059D079BD3
:1081A0002B423AD19CF8073013F002030AD0013673
:1081B000C2F305139E42E7D3039A14233E4603FB02
:1081C000027565E00A58117A1268FF2921D002EB86
:1081D0008100994221D910F801ABBAF1660F1ED186
:1081E00052F8233004E0662B02F1080211D14B68EB
:1081F0000EF47F02069200211A6812F801A0BAF16B
:10820000000F0AD0039A202A07D03A464FF0000EFA
:1082100019E013781146002BE5D10136ACE70133A4
:10822000D7E7107A50450BD15068049000F47F05D1
:108230000698854204D1BDF81000059DA8421BD2C6
:108240000EF1010E143203987045EAD11422424314
:10825000DD68BD52B8181A6942809A68C2601A680F
:10826000525C02725A680261DCF80420C2F3170201
:108270004260039A013203920131BDE771680096B2
:1082800043465A4601F47F012046ECF777FE143648
:10829000B542F3D13846F3F773FB09F0FD03012B28
:1082A00008D1FF224FF47021204609B0BDE8F04FFD
:1082B000ECF748BDB9F1020F7FF449AF204601F059
:1082C00006FC204609B0BDE8F04F01F011B82DE9D9
:1082D000F041A6B005460EF01EFA064628460EF0FE
:1082E00016FA1A2E044674D128460EF018FA0378AE
:1082F000022B054609D02D220021204602F011FB59
:1083000006460A9020B102232B7026B0BDE8F0810A
:1083100001460C22204602F004FB682207460A9020
:108320003146204602F0FDFA692280460A90314625
:10833000204602F0F6FA0A9063690A93A3690B9348
:10834000E3690C930246236A0D9341460AA80DF097
:108350008AFB68683A460AA90DF05BFC08B901235C
:10836000D2E71D223146204602F0DBFA0690C0B269
:10837000FC28F4D95F223146204602F0D2FA06905A
:10838000C0B2FC28EBD920223146204602F0C9FABF
:108390000690C0B240B125223146204602F0C1FA13
:1083A0000690C0B2FC28DAD926220021204602F02D
:1083B000B8FA069020B1827A002303309A4201D89D
:1083C0000023A1E703EB8301415CFC29C7D90133FA
:1083D000F4E71D2E39D1284600F0C8FF05460AA84B
:1083E000EFF734F90AAA002120460E9500F08AFC26
:1083F00035220021204602F094FA069028B19DF81B
:10840000713043F020038DF871306822002120463E
:1084100002F087FA6922064606900021204602F003
:1084200080FA069063690693A3690793E36908934A
:108430000246236A0993314606A80DF014FB06AAEA
:108440000AA9284603F0FAFD5FE7202E7FF45DAF0E
:10845000284600F08BFF06AA064602A9204601F036
:10846000B3FD02A80DF0F5FA002800F0AF800AA8CD
:10847000EFF7ECF81D224FF48031204602F051FA5C
:108480000190C0B202288DF8480010D91C224FF488
:108490008031204602F045FAC0F30722C0F30743BB
:1084A00001908DF849008DF84A208DF84B3032222A
:1084B0004FF48031204602F034FA0190C0B2022815
:1084C0008DF8700017D930224FF48031204602F029
:1084D00028FA002801901B9040F3C08031224FF40D
:1084E0008031204602F01DFAC0F307430190ADF839
:1084F00066008DF868303E224FF48031204602F04D
:1085000010FAC3B2022B01908DF8943023D93C228B
:108510004FF48031204602F004FA002801902190A7
:1085200040F3A08042224FF48031204602F0F9F956
:108530003D22019024904FF48031204602F0F1F961
:10854000C0F30722C0F3074301908DF881008DF836
:1085500082208DF883304FF48031204602F035FBC5
:10856000FC280BD89DF8483013FB00F3C3F3072316
:108570008DF848308DF870308DF894309DF870206B
:108580009DF8483013439DF89420134324D00C22C7
:108590004FF48031204602F0C4F90190119002A8F6
:1085A0000DF057FA30B1002302AA0AA930460C9305
:1085B00003F044FD06A80DF04CFA68B1012306AAA9
:1085C0000AA930460C9303F039FD05E006A80DF02A
:1085D00040FA00287FF44BAF30220021204602F001
:1085E000A0F90A9000283FF490AE352200212046E1
:1085F00002F097F90A9000283FF487AE00250AA8F8
:10860000EFF724F80AAA294620468DF848508DF83D
:1086100063508DF880508DF894500E9600F072FBE8
:1086200068222946204602F07CF969220746069016
:108630002946204602F075F9069063690693A369FE
:108640000793E36908930246236A0993394606A80B
:108650000DF009FA06AA0AA93046F3E600238DF8C0
:10866000703048E700238DF8943074E770B5436AA2
:10867000194288B004460D4632D0EBF7B9FBEA0642
:1086800006460CD504AA6946204601F09DFC6946C1
:10869000204601F0F1F904A9204601F0EDF9636AE2
:1086A00023EA05036362EB070AD5204601F00FFABF
:1086B000204602F0B1FC01F005F8204601F002F876
:1086C0002046EBF795FB864202D115F0C07F07D01C
:1086D000204602F0A1FC08B0BDE8704000F0F2BFF7
:1086E00008B070BD038D43EA010231EA030302D0F2
:1086F0001146FFF71BBD7047038D0A461A4223EA55
:10870000010101D0FFF712BD7047436A99430CBFC6
:10871000012000207047436A194214BF0120002045
:108720007047008D7047806800B140687047F0B5B1
:10873000084689B00D460DF0EEFF064628460DF0BE
:10874000E6FF012E044605D1202109B0BDE8F04026
:10875000FFF7C8BF033E2F2E5AD8DFE816F04C00B3
:10876000590059005900590059005900590030006A
:108770001301590015015900590063005900ED001B
:108780002C0159005900930198019A018D01830130
:1087900059008D01590059008D01590059005900A7
:1087A0005900590059005900590059005101590008
:1087B0007C0159005900590059002E015300202115
:1087C000FFF79AFF28460DF0AAFF0CF02CFDF8B930
:1087D000636A1E071CD5238DDD074FF0010120467B
:1087E00033D4FFF77FFF00222321204609B0BDE8E4
:1087F000F040EBF77FBA2021204609B0BDE8F040F9
:10880000FFF77ABF02F01AFC00250646B54201D1F7
:1088100009B0F0BDA3681B6853F8250000F052FFB3
:108820000135F3E7436A180715D5284600F0A6FD81
:10883000132802D101212046D3E71128FAD01428A9
:1088400001D0122804D101212046FFF755FFCAE7C5
:108850000A28DDD0C7E703F40163B3F5016FD7D170
:10886000204600F0C2F90028D2D12046EBF74EFF97
:1088700007462046EBF7A2FF0646284600F07EFD9D
:1088800012280DD1204601F0E6FA0546204600F0F8
:108890004AFF011EB8BF0331002205EBA1010EE023
:1088A000112812D1204601F0D6FA0546204600F0E4
:1088B0003AFF011E00DA03310022A5EBA101204698
:1088C00009B0BDE8F040ECF773B813281BD120467F
:1088D00001F0A6FA8107D5D0002F01DC002ED1DDF2
:1088E000204601F0B3FA0546204600F019FF011EAC
:1088F000B8BF0331002205EBA101204609B0BDE855
:10890000F040ECF741B8142882D1204601F088FAF3
:108910008207C7D0002F01DC002EC3DD204601F006
:1089200095FA0546204600F0FBFE011EB8BF033154
:108930000022A5EBA101E0E7436A5B0502D5012116
:1089400001F026FB2046FFF7EEFEFFF7BCFB0646D4
:10895000F1F7D6FA10B92846EBF73AFA0CF04CFCCE
:10896000022808D0042814BF022106212EB141F0AC
:1089700008012046E9E60621F8E72046FFF7B2FEA7
:10898000082139E74021F4E74021FFF7B5FE2046F2
:1089900001F03DFA02287FF43BAF04AA6946204665
:1089A00001F012FB6946204601F066F804A9204652
:1089B00001F062F82CE70E211EE70A22002101F0E7
:1089C000B0FF1622049005460021204601F0A9FFC1
:1089D000049080B208B9EDB215B1204600F072FEE5
:1089E000204602F02BFB00250646B5423FF410AFAF
:1089F000A3681B6853F8250000F064FE0135F4E716
:108A00000122002101F08DFF02220490002107467F
:108A1000204601F086FF0A220490002106462046E7
:108A200001F07FFF1622049005460021204601F048
:108A300078FF049080B240B9EDB235B96FF0404391
:108A40009F4202D09E427FF4E3AE204609B0BDE8CB
:108A5000F04000F037BE90F82A3043F0020380F86F
:108A60002A30F2E7002100F0D7FB0146284609B082
:108A7000BDE8F04000F08EBC284609B0BDE8F040EB
:108A8000FFF725BC2021FFF737FE4021B4E6102177
:108A90006FE71021B0E610B508460C46F2F7B8F9BA
:108AA0000020ECF749F92046ECF70EFA0120ECF72C
:108AB00043F900212046F1F7E1FF2046FFF733FE9E
:108AC00010B12046FFF777FAA3687BB1186820B190
:108AD000F2F756FFA36800221A60A06808300DF074
:108AE000FAFDA068F2F74CFF0023A36010BDF0B5BB
:108AF000436A31EA030389B004460D4626D0EBF7FA
:108B000077F9E907074623D4636A2B43636220465B
:108B1000EBF76EF9874202D115F0C07F07D02046EF
:108B200002F07AFA00F0CEFD204600F0CBFDEB0615
:108B30000CD504AA6946204601F046FA694620464B
:108B400000F09AFF04A9204600F096FF09B0F0BD9E
:108B5000204600F0BCFF636A2B436362238D9A07B3
:108B6000D5D52046FFF7DFFD06460028CFD0EBF72E
:108B70002FF83046FFF7A2FA0028C8D000F0A7FF70
:108B8000C5E710B5836804467BB93420F2F7E6FEEA
:108B9000A06050B1438E43F470734386A26892F88C
:108BA000323043F0030382F8323010BD70B50E68E6
:108BB000336805460C461BB10B60FFF7F7FF2660D4
:108BC000736823B121462846BDE87040184770BD40
:108BD00010B50446206883680BB121469847236886
:108BE0001B680BB12360F5E710BD006838B190F841
:108BF000203013F00303F8D0013B5842584170472E
:108C0000006838B190F8203013F00C03F8D0043B22
:108C100058425841704738B50446B0B300F052FD91
:108C20000020ECF789F820460EF0DBFF2146206893
:108C3000FFF7BCFF0120ECF77FF8FF224FF4702113
:108C40002046ECF77FF8204600F0B3FDEAF7BAFFC4
:108C5000024638B12046FFF7D3FF18B1214610462F
:108C6000FFF700FA204602F0D7F9054668B1224620
:108C70002A21EBF73FF8224628462B21EBF73AF85A
:108C80002046BDE8384000F022BF38BD30B51C2278
:108C900085B004460D4601F044FE294602462046B2
:108CA00001F073FE0346DAB2002062F30700C3F35B
:108CB000072262F30F20C3F3074363F3174005B0A5
:108CC00030BD30B5582285B004460D4601F029FE6E
:108CD00029460246204601F058FE0346DAB200203B
:108CE00062F30700C3F3072262F30F20C3F30743C5
:108CF00063F3174005B030BD0AB901F066BF92F8C2
:108D000038007047F0B5C2E9000187B01446126917
:108D100006460D46FFF7F0FF074675B102280CD84E
:108D2000002384F8203084F83B3084F8483084F8FD
:108D3000583084F86C3007B0F0BD0C22294630461C
:108D400001F0EFFD94F820300590E0615BB31D2247
:108D50002946304601F0E5FD0590C0B2022884F8AE
:108D6000200020D929463046FFF790FFC0F30723A3
:108D700084F82100C0F3074084F82300294684F8D2
:108D800022302622304601F0CCFD01460590002815
:108D900000F00781C37A1A0700F003810C2204F166
:108DA00024000EF092FD94F8483073B33022294627
:108DB000304601F0B6FD0590606430B3322229469A
:108DC000304601F0AEFD0590C0B2022884F848009C
:108DD0001BD934222946304601F0A3FD94F84930CE
:108DE000059060F3040384F8493031222946304667
:108DF00001F097FD29460246304601F0C6FDC0F35A
:108E000007430590E08784F8403094F8583053B316
:108E100038222946304601F084FD0590206510B3C4
:108E20003A222946304601F07CFD0590C0B2022866
:108E300084F8580017D93B222946304601F071FDCD
:108E40003922059060652946304601F06AFD2946C1
:108E50000246304601F099FDC0F307430590A4F89F
:108E60004A0084F84C3094F83B306BB328222946F2
:108E7000304601F056FD0590206328B3292229468B
:108E8000304601F04EFD0590C0B2022884F83B0048
:108E90001AD9206B02F08EFE022840F0D5805A22AB
:108EA0002946304601F03DFD294605906063304675
:108EB000FFF707FFC0F3072384F83800C0F307402B
:108EC00084F8393084F83A0094F86C30002B41D0A3
:108ED0003C222946304601F024FD0590E06500283B
:108EE00038D094F86C30022B34D93E2229463046D3
:108EF00001F017FD0590C0B2022884F86C0029D952
:108F000040222946304601F00CFD412205902066A2
:108F10002946304601F005FD42220590606629464B
:108F2000304601F0FEFC3D220590A0662946304601
:108F300001F0F7FC294602460590304601F025FD78
:108F4000C0F30722C0F3074384F8590084F85A207D
:108F500084F85B30FC2F3FF6EEAE94F8203013FB24
:108F600007F31B1284F8203094F83B3013FB07F30F
:108F70001B1284F83B3094F8483013FB07F31B12A4
:108F800084F8483094F86C3013FB07F31B1284F814
:108F90006C3094F8583013FB07F31B1284F85830E8
:108FA000C9E620222946304601F0BBFC94F82F3058
:108FB000059060F3030384F82F301B073FF4F3AEF2
:108FC00029463046FFF762FEC0F3072384F82400E9
:108FD000C0F3074084F8253084F826002322294670
:108FE000304601F09EFC29460246304601F0CDFC99
:108FF000C0F30743C0F3072284F82B30059084F8B0
:10900000290084F82A2029462122304601F089FCD3
:109010002222059084F828002946304601F081FC80
:109020002422059084F82D002946304601F079FC71
:109030002522059084F827002946304601F071FC6E
:10904000059084F82C00AEE62A222946304601F02D
:1090500068FC29460246304601F097FCC0F30743FE
:109060000590208784F83A302B222946304601F0BB
:1090700058FC2C22059084F83C002946304601F02B
:1090800050FC0590003818BF012084F83D001BE714
:1090900073B5C2E900011446592206460D4601F097
:1090A00040FC0190C0B2022884F8500054D92269D3
:1090B00029463046FFF720FEFC289FBF94F8503029
:1090C00013FB00F0001284F8500094F85030022B8B
:1090D00042D929463046FFF7F4FDC0F3072384F850
:1090E0003000C0F3074084F8313084F832005B224E
:1090F0002946304601F015FC5C2201902064294687
:10910000304601F00EFC5D220190E06329463046B6
:1091100001F007FC94F85430019060F3020384F8E6
:1091200054305DB167222946304601F0FAFB94F8CD
:109130005430019060F3C50384F854305A22294614
:10914000304601F0EEFB5E22019060622946304617
:1091500001F0E7FB84F8520002B070BDF7B5C2E938
:1091600000011446442205460E4601F0DAFB019048
:10917000C0B2022884F84C004CD9226931462846F6
:10918000FFF7BAFDFC289FBF94F84C3013FB00F0AA
:10919000001284F84C0094F84C30022B3AD94FF46A
:1091A0008073002205F11407C4E90B23636338467A
:1091B0000CF0C0FF00EBD0704010206438460CF07B
:1091C000BEFF00EBD0704010606446223146284656
:1091D00001F0A7FB4522019084F84B003146284658
:1091E00001F09FFB31460246284601F0CEFBC0F35A
:1091F00007430190A4F8480084F84A3056B167222A
:109200003146284601F08DFB94F84D3060F302039F
:1092100084F84D3003B0F0BDF7B53C2205460E464C
:1092200001F07FFB0446019080BB002438223146C8
:10923000284601F076FB0746019090B13A2231466C
:10924000284601F06EFB0190C0B2022809D93B22EA
:109250003146284601F065FB0744BC420190B8BF87
:109260003C4631466822284601F05BFB69220746EE
:1092700001903146284601F054FBB842B8BF384649
:109280000028C8BF2418204603B0F0BD3E22314656
:10929000284601F046FB0190C0B20228C5D94222FF
:1092A0003146284601F03DFB04EBD47464100134D0
:1092B0000190044440223146284601F032FB41220D
:1092C000074601903146284601F02BFB002801900B
:1092D000B8BF4042002FB8BF7F42B842ACBF24188D
:1092E000E41924EAE474A1E7806800B1C06A704719
:1092F00037B50446FFF7F8FF002301AA05461B21F6
:1093000020460193EAF7F6FCA268019B42B1D362C2
:10931000019BAB4202D0204600F0D9FB03B030BD28
:10932000002BF5D02046FFF72CFCA368019ADA62E7
:10933000EEE7806818B190F83300C0F38100704701
:1093400010B50C4670B90B68186868B1C3684BB1AA
:109350000023E360C36821469847207EC04300F0A5
:10936000010010BD0068F0E70120FAE783681C3BAC
:10937000052B01D80DF0D3B90020704708B58368DC
:10938000112B01D0002008BD0DF0C9F90028F9D03B
:109390000068F8E710B583681B2B0C4606D10DF06A
:1093A000BEF90368A342ACBF0360046010BD00B9FE
:1093B000704783682BB193F8333003F00C03082B0C
:1093C00001D04068F3E70120704707B5272200214C
:1093D00001F0A7FAC0B203B05DF804FB73B5122226
:1093E0000021064601F09DFA30220446019000213A
:1093F000304601F096FA34220546019000213046AD
:1094000001F08FFA430748BF6419204602B070BDCF
:109410002DE9F04F8BB0924605916E220021044653
:109420001D4601F07EFA6C22089000210646834614
:10943000204601F076FA6D22012808900746814601
:109440004FF000012046B8BF012701F06AFA012859
:1094500080460890B8BF4FF001082EB9B9F5807F5B
:1094600002D1B0F5807F6AD06F220021204601F042
:1094700058FA702208900021204601F052FA089B09
:10948000099003F0C042B2F1005F19D123F0C04946
:109490006FF06042914513D0B9F1805FA4BFC9F16C
:1094A0007F6909F57F2904F11400A8BF09F6FF7947
:1094B0000CF040FE642309FB00F090FBF3F00890F1
:1094C000099B03F0C042B2F1005F19D123F0C049FB
:1094D0006FF06042914513D0B9F1805FA4BFC9F12C
:1094E0007F6909F57F2904F11400A8BF09F6FF7907
:1094F0000CF025FE642309FB00F090FBF3F00990CB
:109500006269089B13440893A269099B1344099359
:109510004DB14FF6FF73C6F1000BFA184344B2FB8E
:10952000F7F7B3FBF8F808AB85F00105CDE9008348
:10953000059802953B465A4651460CF025FD0BB066
:10954000BDE8F08F73B511220021064601F0E9F95C
:109550003022044601900021304601F0E2F9342225
:10956000054601900021304601F0DBF9C30748BFF2
:109570006419204602B070BD73B510220021064662
:1095800001F0CFF93022044601900021304601F06D
:10959000C8F93422054601900021304601F0C1F996
:1095A000830748BF6419204602B070BD73B513220B
:1095B0000021064601F0B5F9302204460190002151
:1095C000304601F0AEF934220546019000213046C4
:1095D00001F0A7F9030748BF6419204602B070BD27
:1095E00037B500230C4601AA0821054601F0ADF964
:1095F000012804D1019BA34203D103B030BD002850
:10960000FBD100222146284601F0D3FCF5E737B50F
:1096100000230C4601AA0921054601F096F901280C
:1096200004D1019BA34203D103B030BD0028FBD17C
:1096300000222146284601F0C3FCF5E738B5044670
:109640001546FFF7CDFF29462046BDE83840FFF715
:10965000DEBF37B500230C4601AA0121054601F003
:1096600074F9012804D1019BA34203D103B030BD9A
:109670000028FBD100222146284601F08CFCF5E7AA
:1096800037B500230C4601AA0221054601F05DF919
:10969000012804D1019BA34203D103B030BD0028AF
:1096A000FBD100222146284601F07CFCF5E738B5C5
:1096B00004461546FFF7CDFF29462046BDE8384051
:1096C000FFF7DEBF08B590F82A2042F0010280F8CB
:1096D0002A2001F099FC90F82A2042F0040280F838
:1096E0002A20EBF7A9FDBDE808400022382102F04E
:1096F00019B870B5044615461E46002201F067FCF5
:10970000324629462046BDE87040FFF797BF4369BF
:109710000B6083694B60C3698B60036ACB607047E1
:1097200014300CF007BD14300CF009BD70B50446C0
:10973000FFF754FE06462046FFF738FF054604F1C2
:1097400014000CF0F7FC801B401B70BD70B5044684
:10975000FFF712FF06462046FFF7F4FE054604F128
:1097600014000CF0ECFC801B401B70BD38B5436945
:109770000B6083694B60C3698B60036ACB600C46E6
:109780000546FFF72BFE2368034423602846FFF7B6
:109790000DFFA3681B1AA3602846FFF7EDFE636860
:1097A000034463602846FFF7CDFEE3681B1AE360BD
:1097B00038BD37B501220021044601F0B2F802227B
:1097C000054601900021204601F0ABF86FF04043C0
:1097D0009D42019001D0984205D12046FFF772FFCB
:1097E000012003B030BD0020FBE72DE9F0478146A2
:1097F0000D4616469A4601F021FC00278046474553
:1098000001D1BDE8F087D9F808301B6853F827402C
:10981000BAF1000F13D163692B446361A369334428
:10982000A361E3692B44E361236A33442362324634
:10983000002329462046FFF7D8FF0137DFE74FF422
:1098400080212046FEF761FF0028E4D0F5E72DE9EE
:10985000F04704460D4616461F4603F0010903F083
:10986000020A6CB32046FFF764FD0AF0FF0380464E
:10987000BAF1000F15D0B9F1000F07D0204601F062
:10988000CBFB3B4632462946FFF7E1FFB8F1020F1A
:1098900016D13246294620460123BDE8F047FFF79E
:1098A000B7BD022804D1324629462046FFF7B0FD55
:1098B000B9F1000F04D0204601F0AEFB0446D0E71A
:1098C000BDE8F08770B50C4688B009686668A56881
:1098D0000091CDE90161E16801350131CDE9065121
:1098E0001346039104226946CDE90456FFF7AFFF02
:1098F000069B049D02980099AB421A46A8BF2A46CF
:109900008242A8BF02468A42D4BF22602160AB4295
:10991000B8BF2B468342B8BF0346059D8B42ACBF00
:10992000A360A160079B03980199AB421A46A8BFA8
:109930002A468242A8BF02468A42D4BF6260616062
:10994000AB42B8BF2B468342B8BF03468B42ACBF85
:10995000E360E16008B070BD2DE9F0410D4688B0CC
:1099600001210446FEF7D1FE002874D1204601F003
:109970004BFB0646EBF760FC0746ECF76DFC8642B6
:1099800055D12046FFF7B0FC63690093A3690193AA
:109990006E46E36902930246236A0393014630460A
:1099A0000CF061F83246294628460CF076F8074656
:1099B000002850D02046FFF7FAFC002850D196E846
:1099C0000F0085E80F00204601F026FB0DF110087E
:1099D0000446002C40D001212046FEF796FED0BB65
:1099E00004F1140696E80F0088E80F004FF4801188
:1099F0002046FEF78AFE38B12046FFF775FC024686
:109A0000014640460CF02FF82046FFF7D0FC68BB1B
:109A100096E80F0088E80F004246294628460CF0D9
:109A20003CF8C0B1204601F0F7FA0446D1E73846C9
:109A3000ECF71CFC8642A4D03846ECF735FC864295
:109A40009FD03846ECF71CFC86429AD03846ECF79B
:109A500021FC864295D00027384608B0BDE8F08149
:109A6000012229462046FFF72DFFACE7012241469F
:109A70002046FFF727FFCFE730B585B00C460546F7
:109A8000EBF7DAFBECF7B6FDF8B1236800936368F7
:109A90000193A36802936946E36803932846FFF79E
:109AA0005BFF90B1AB6853B193F8333003F00C0314
:109AB000082B04D10522114668460BF0D4FF284636
:109AC000EBF7BAFB694601F0C7FC05B030BD30B515
:109AD000044685B0FFF708FCD4E90623256A6169CE
:109AE000121A0344091A284400910390694620463B
:109AF00001920293FFF7C0FF05B030BD2DE9F0439E
:109B0000456889B004460E4617469DB14FF4802142
:109B1000FEF7FBFDD5F81490002847D0AB69B1449F
:109B20001F442846FFF75AFC09EB00062846FFF7BA
:109B300023FD07446369F61AA369FF1A56EA07036F
:109B400031D02046FFF7C3FF63690093A3690193F7
:109B5000E3690293236A03936DB104A92846FFF7D2
:109B600005FE002204A968460CF053F8804620B98F
:109B7000284600F053FD4FF00008636933446361E9
:109B8000A3693B44A361E3693344E361236A3B4433
:109B900023623A46002331462046FFF726FE9DB950
:109BA0002046FFF794FF09B0BDE8F083284600F097
:109BB0004DF9A9EB00092846B144AE6900F04BF914
:109BC000A6EB00084744ACE722462A212846EAF7DC
:109BD00091F82046FFF77BFF002204A904F114004E
:109BE0000CF017F8B8F1000F01D10028DBD028469F
:109BF00000F014FDD7E7034608465A690A609A69DF
:109C00004A60DA698A601A6ACA609B681BB19A6AFC
:109C100011460BF028BF704730B50446084601F0E6
:109C2000C041B1F1005F12D120F0C0416FF060453A
:109C3000A9420CD0B1F1805FA2BFC1F17F6101F5F3
:109C40007F2101F6FF715943642091FBF0F002F08F
:109C5000C041B1F1005F12D122F0C0416FF0604508
:109C6000A9420CD0B1F1805FA2BFC1F17F6101F5C3
:109C70007F2101F6FF715943642291FBF2F2A24267
:109C8000A8BF22469042B8BF104630BD70B504460A
:109C900001F0D4F900250646B5421FD194F82A30C8
:109CA000D9070DD56FF3000384F82A302046EAF770
:109CB000FFF92046EAF7D6F815B12046F0F7A8F9E3
:109CC00094F82A309A0711D56FF3410384F82A30AB
:109CD00020460021BDE8704000F0C1BCA3681B68AD
:109CE00053F82500FFF7D2FF0135D5E770BD07B562
:109CF000272200F016FEC0B203B05DF804FB90F816
:109D00005C301B0704D5006800220E21E9F7F2BF82
:109D1000704773B512220021064600F002FE302281
:109D2000044601900021304600F0FBFD3422054638
:109D300001900021304600F0F4FD430748BF64194C
:109D4000204602B070BD73B511220021064600F016
:109D5000E8FD3022044601900021304600F0E1FD8C
:109D60003422054601900021304600F0DAFDC30799
:109D700048BF6419204602B070BD73B5102200219F
:109D8000064600F0CEFD3022044601900021304608
:109D900000F0C7FD3422054601900021304600F056
:109DA000C0FD830748BF6419204602B070BD73B57B
:109DB00013220021064600F0B4FD30220446019033
:109DC0000021304600F0ADFD34220546019000210F
:109DD000304600F0A6FD030748BF6419204602B0D4
:109DE00070BD38B504460D46FEF7CBFEA26892F86A
:109DF000323003F00301A94208D065F3010382F871
:109E000032302046BDE83840FFF761BE38BD836878
:109E100023B193F8320000F003007047032070472D
:109E200083681BB1588EC0F3831070470F207047B2
:109E3000806818B190F83200C0F3810070478068E4
:109E400018B190F83200C0F301107047806808B173
:109E5000006A40427047806808B1406A40427047DB
:109E6000FFF7F9BF51EA020370B504460D461646E6
:109E700019D0FEF786FEA268136A2B441362A2680B
:109E8000536A334453622946012332462046FFF782
:109E9000ACFC00220F212046E9F72CFF012803D15A
:109EA0002046FFF714FE012070BD08B50346FFF7FA
:109EB000D2FF421818460021BDE80840FFF7D2BF84
:109EC00008B50346FFF7C2FF002201441846BDE86B
:109ED0000840FFF7C7BF2DE9F047984651EA020353
:109EE00005468946924651D0EAF7A6FB2846FFF779
:109EF000ADFF00210746A9EB00092846FFF7F7FE52
:109F000001282ED0B9F1000F3CDA2846EAF7FEFB13
:109F100004462846EAF752FC204420EAE070444216
:109F20004C45B8BF4C462846FFF795FFBAEB000AF0
:109F3000814629D52846EAF79DFB09EB000626EA6B
:109F4000E67676425645B8BF5646391909EB060201
:109F500051EA02031AD043462846BDE8F047EAF723
:109F600083BCB9F1000F0DDD2846EAF7CFFB0446AC
:109F70002846EAF723FC044424EAE4744C45A8BFCD
:109F80004C46D0E70024CEE70026DEE7BDE8F087A8
:109F900073B504460E46EAF74FFB00232046CDE991
:109FA000003301F039F82146054614340DB902B0EA
:109FB00070BD33466A462046EAF70EFD284601F09A
:109FC0002BF829460546F1E72DE9F04F93B04FF005
:109FD000FF360D46174600221146044633462846F2
:109FE00000960BF026FD00221146334638460096B7
:109FF0000BF01FFD10212046FEF787FB8046C0B303
:10A000002046FFF704FF834698B30020EFF76EFF6A
:10A01000BBF1020F824629D02046FFF71CFF814684
:10A020002046EAF727FB0D902046EAF76FFB0B90DE
:10A030002046EAF7C3FB04902046FFF7F1FE10F03C
:10A040000C0F00F003061FD19EB1BBF1010F40F0D1
:10A05000178146464FF0000832E050460BF0E3F817
:10A060008442D9D05046EFF741FF8246BAF1000F43
:10A07000F3D113B0BDE8F08F002EFAD050460BF0AC
:10A08000C5F80328F5D1E4E7BBF1010FF6B200F003
:10A09000EA80BBF1030F40F0D280B9F1000F0BDC76
:10A0A0000D9B002B08DC002EE3D00B9B002BD0DC9B
:10A0B000049B002BCDDCDCE7002E40F0D88000268E
:10A0C0004FF480312046FFF712FE10220C904FF41F
:10A0D0008031204600F025FC1122089011904FF4A9
:10A0E0008031204600F01DFC1222099011904FF49F
:10A0F0008031204600F015FC132211904FF480317E
:10A100008346204600F00DFC012211904FF480316F
:10A110008246204600F005FC03224FF48031039074
:10A120001190204600F0FDFB0A9011900790204608
:10A13000FFF7F9FA05902046FFF7F2FAB8F1000FA1
:10A14000039B069008BF0023002E02934FF01D02D0
:10A15000039B4FF4803108BF002320460E9300F08C
:10A16000E0FB1190C0B2012840F29580B8F1000FD9
:10A1700040F09D80002E3FF47CAF069B0B9E1E445A
:10A18000049BF6183FF475AF236A099A9B1A039A49
:10A19000EB609B1A01336B6063692B60E369AB6012
:10A1A000069BA3EB0B07029BA7EB0A07FF1A0A9B70
:10A1B000002BD8BF069B4FF00000DEBF7B4393FB14
:10A1C000F6F30793ECF718F84FF00A0808FB00F0D5
:10A1D000EF2840F368810020ECF70EF808FB00F050
:10A1E0005030A02390FBF3F0079B834213DC002048
:10A1F000ECF702F84FF00A0808FB00F0EF2840F3F4
:10A2000054810020EBF7F8FF08FB00F05030A0234A
:10A2100090FBF3F30793069B6169F61A002E00F397
:10A220004E810C9B012B594440F04181029B0B4411
:10A23000591E2960E369A3EB0A03AB6019E7BBF180
:10A24000020F7FF416AF50460AF0E0FF0C287FF4AF
:10A2500013AF002E3FF433AF50460AF0D7FFC31EB2
:10A260005E425E412CE7003E18BF012628E70B9BAB
:10A27000002B0EDC049B002BD4BF002601261FE719
:10A28000BBF1030F3FF411AFBBF1020F7FF4F1AE4E
:10A29000F4E6464614E732224FF48031204600F0BF
:10A2A00040FB1190C0B201283FF660AFE1E6059B8C
:10A2B00099440D9B19EB03093FF45CAFA3697B60E4
:10A2C000236AFB600C9B012B53D16369039A5B44A7
:10A2D0003B601344013BBB60089A059BA3EB02085B
:10A2E000099BA8EB03080E9BA8EB03030F930A9BA3
:10A2F000002BDABF059B0F9ADDF828804FF0000095
:10A30000DCBF534393FBF9F8EBF776FF0A22504387
:10A31000EF2837DD0020EBF76FFF0A225043503063
:10A32000A02290FBF2F0804511DC0020EBF764FFE7
:10A330004FF00A0808FB00F0EF2825DD0020EBF7BE
:10A340005BFF08FB00F35033A02293FBF2F8059B60
:10A35000A269A9EB0309B9F1000F18DC089B1344AB
:10A360007B60236A099A9B1A0E9A9B1A013BFB6039
:10A3700000E7E369039AA3EB0A03BB609B1A01336E
:10A380003B60A9E70120CEE74FF00108DFE7059B1E
:10A390000F994345A8BF4346A1EB03080D9908FB5D
:10A3A00001F191FBF9F90899A8EB09084244511809
:10A3B0000B44013B7960FB60A3699A422FDA089A4B
:10A3C0001A447A6000209046EBF716FF4FF00A0916
:10A3D00009FB00F0EF285EDD0020EBF70DFF09FB25
:10A3E00000F05030A02390FBF3F0FB6880449845C8
:10A3F00015DD0020D7F80480EBF7FEFE4FF00A09C8
:10A4000009FB00F0EF2848DD0020EBF7F5FE09FB23
:10A4100000F05030A02390FBF3F04044F8600E9A17
:10A42000236A9B1A099AA3EB0208FB6843457FF74E
:10A43000A1AEC7F80C800020EBF7DEFE4FF00A0952
:10A4400009FB00F0EF282ADD0020EBF7D5FE09FB21
:10A4500000F05030A02390FBF3F07B68A8EB0008DD
:10A460009845BFF687AE0020D7F80C80EBF7C4FE06
:10A470004FF00A0909FB00F0EF2812DD0020EBF78E
:10A48000BBFE09FB00F05030A02390FBF3F0A8EBDB
:10A49000000078606EE60120A7E70120BDE70120FB
:10A4A000DBE70120F3E701209EE60123B2E6296005
:10A4B000E369029AA3EB0A039B1A013BBDE6DDE9BF
:10A4C00006239A42A8BF1A46049BBF1A7B4393FBFC
:10A4D000F6F6BF1B0F440C9901290BEB070363D160
:10A4E00002990B442B601344013BAB606669BE428A
:10A4F00027DD5E440E442E600020EBF77DFE0A2728
:10A500007843EF284CDD0020EBF776FE784350309F
:10A51000A02390FBF3F0AB6806449E4211DD0020BF
:10A520002E68EBF769FE0A277843EF283ADD002012
:10A53000EBF762FE78435030A02390FBF3F0064423
:10A54000AE60E469AB68A4EB0A04A3427FF791AD67
:10A55000AC600020EBF750FE0A267043EF2859DD6F
:10A560000020EBF749FE70435030A02390FBF3F03E
:10A570002B68241A9C42BFF67CAD0020AC68EBF738
:10A580003BFE0A267043EF2846DD0020EBF734FE41
:10A5900070435030A02390FBF3F0241A2C6068E540
:10A5A0000C98B8E70120CAE72B601344013BAB606D
:10A5B0006669BE4226DD5E442E600020EBF71CFE7D
:10A5C0000A277843EF2821DD0020EBF715FE7843BA
:10A5D0005030A02390FBF3F0AB6806449E4211DD9F
:10A5E00000202E68EBF708FE0A277843EF280FDDDE
:10A5F0000020EBF701FE78435030A02390FBF3F0EE
:10A600000644AE60E469029BE41A9BE70120E3E79D
:10A610000120F5E70120ABE70120BEE710B588B0C7
:10A6200004AA69460446FFF7CFFC68460BF011FA0E
:10A6300018B904A80BF00DFA78B168460BF009FAC6
:10A6400018B169462046FFF717FA04A80BF001FA83
:10A6500018B104A92046FFF70FFA08B010BD2DE984
:10A66000F0410446FFF7EBFB8846064698B92046C2
:10A67000FFF7F1FB07462046E9F7FCFF051E0ADA63
:10A68000002F08DD6A42BA424346A8BF3A46314627
:10A690002046EAF7E9F82046FFF7CAFB074620BB49
:10A6A0002046EAF733F806462046EAF787F83946A7
:10A6B00005462046FFF71BFB01280ED0002D14DABB
:10A6C000002E12DD6942B14243463A46A8BF3146E8
:10A6D0002046BDE8F041EAF7C7B8002E05DA002DA4
:10A6E00003DD43463A463146F2E7BDE8F08170B5F6
:10A6F000047A0368FF2C0ED003EB8405002084420B
:10A700000ED800200BE0884203F1080303D16368F0
:10A710001360012003E018781C460028F3D170BDB7
:10A7200015F8016B8E4202D153F82030F0E701306A
:10A73000E5E72DE9F84F0F4611461A468B0890F8C9
:10A740002A501F2B28BF1F234FF00109064609FA84
:10A7500003F907F47F0A05F008050024738DC3F39D
:10A760000513A34205D84FF0FF35681C18BF012020
:10A770001CE0F06800EBC4034FEAC40C93F807E058
:10A780001EF0020F14D00DB10134E7E75B6803F44B
:10A790007F035345F8D150F80C00436819EA030FC2
:10A7A000F2D0FFF7A4FF0128EED10120BDE8F88F19
:10A7B000BFB2FB431FFA83FB4FF0FF35738DC3F32A
:10A7C0000513A342D1D9F36853F8340003EBC40C4A
:10A7D000436819EA030F07D0DCF80430C3F3170C01
:10A7E00003F47F039A4503D0A84601344546E5E7C4
:10A7F0001CEA0B0F1FFA8CF8F6D1A845F4DDFFF721
:10A8000076FF0128F0D14745EFD1CEE7F8B50746EE
:10A8100000F014FC00240646B44200D1F8BDBB6829
:10A820001B6853F824502846FFF751F900223221C3
:10A830002846E9F75FFA2846FFF749F92846FFF767
:10A84000E5FF0134E8E770B5438D0446C0680D4666
:10A85000C3F305130022934203D80ED000EBC200CD
:10A8600070BD00EBC201CE79B60704D54968C1F3CB
:10A870001701A942F2D00132EDE7628D013303F0F6
:10A880003F0363F309126285D900F1F783F8668DFF
:10A89000E060C6F30516013EE06818D10822314693
:10A8A0000DF009F90C20E668F1F750F83060E36824
:10A8B00018680CF035FCE268D37943F00203D371D9
:10A8C000E3685A6865F317025A60E068C8E700EB6E
:10A8D000C60313E9030083E80300DCE770B5037ADD
:10A8E0000568FF2B04461AD005EB83050026237A62
:10A8F0009E4212D215F8010BF0F784FB830605D4B3
:10A900000136F4E7F0F77EFB820601D5012070BD29
:10A91000013415F834000028F4D10020F7E70024B2
:10A92000F7E737B5058D0023009329436B4614469E
:10A93000EAF770F9012805D0204603B0BDE83040A1
:10A94000F0F70ABB009803B030BDF0B5458D002488
:10A95000C5F30515A54201D80020F0BDC76807EB77
:10A96000C4064FEAC40C96F807E01EF0010F0AD0A7
:10A970007668C6F317069E4205D157F80C00BDE86D
:10A98000F0400CF05FBC0134E4E77FB50E46019265
:10A990000546F0B16122FFF7C4FF04460390C0B141
:10A9A0000368B3B1622231462846FFF7BAFF10F0C0
:10A9B000FF0203900DD02368019920469847C0F309
:10A9C00007238DF80400C0F307408DF805308DF89B
:10A9D0000600019804B070BD2DE9F7430025074635
:10A9E0002E466FEA01086FEA02097B8DC3F3051357
:10A9F000AB4240F28780FB6803EBC502E900D079E7
:10AA000084077CD4928818EA020F0CBF0120002032
:10AA100019EA020F0CBF0122002290426FD05C584D
:10AA200001AA102120460CF00DFC002869D101AAD2
:10AA3000112120460CF006FC002862D101AA122147
:10AA400020460CF0FFFB00285BD101AA1321204611
:10AA50000CF0F8FB002854D101AA152120460CF077
:10AA6000F1FB00284DD101AA142120460CF0EAFB8D
:10AA7000002846D101AA162120460CF0E3FB00284D
:10AA80003FD101AA6A2120460CF0DCFB002838D116
:10AA900001AA6B2120460CF0D5FB90BB01AA012135
:10AAA00020460CF0CFFB60BB01AA022120460CF02F
:10AAB000C9FB30BB01AA042120460CF0C3FB00BB3C
:10AAC00001AA052120460CF0BDFBD0B901AA062140
:10AAD00020460CF0B7FBA0B901AA072120460CF0D4
:10AAE000B1FB70B901AA302120460CF0ABFB40B994
:10AAF00001AA682120460CF0A5FB38B102260135D9
:10AB000073E70326304603B0BDE8F08301AA69214C
:10AB100020460CF097FB0028F0D101AA6E212046B8
:10AB20000CF090FB0028E9D101AA6C2120460CF022
:10AB300089FB0028E2D101AA6D2120460CF082FB9E
:10AB40000028DBD101AA3A2120460CF07BFB00282B
:10AB5000D4D101AA3B2120460CF074FB0028CDD1B2
:10AB600001AA382120460CF06DFB0028C6D101AAAD
:10AB70003C2120460CF066FB0028BFD101AA3E21F3
:10AB800020460CF05FFB0028B8D101AA40212046E6
:10AB90000CF058FB0028B1D101AA412120460CF04D
:10ABA00051FB0028AAD101AA422120460CF04AFB01
:10ABB0000028A3D101AA482120460CF043FB00281D
:10ABC0009CD1012E38BF012699E773B55F22054657
:10ABD0000E46FFF7A6FEC4B2022C019003D8002453
:10ABE000204602B070BDFC2C9ABFC4EB0424C4F311
:10ABF0000724FF241EB9284600F00EFA05462DB999
:10AC0000022CECD9FD2C28BFFF24E9E75F220021AC
:10AC10002846FFF786FE0190C0B20228DFD9FC2843
:10AC20009CBF4443C4F30724E5E737B56E220021F7
:10AC30000446FFF776FE0546019020B1A368002B7D
:10AC40004ED102252EE001466C222046FFF769FE18
:10AC5000B0F5807F0190F1D16D2229462046FFF7A3
:10AC600060FEB0F5807F0190E8D129467122204630
:10AC7000FFF757FE014601900028DFD172222046DF
:10AC8000FFF74FFE054601900028D7D1014660220C
:10AC90002046FFF746FE0190C0B2FF280BD0A36804
:10ACA00033BB01252046FDF76CFFA36893F83320E2
:10ACB00065F3830219E0294673222046FFF731FE2F
:10ACC000014601900028EAD167222046FFF729FEBD
:10ACD000019010F0FF00A368E2D113B903B030BDBA
:10ACE000022093F8332060F3830283F83320F5E7E2
:10ACF0000120F6E72DE9F84F04461FFA82F902F425
:10AD00007F050F4611B30E7A1DB90846FFF7E6FD21
:10AD1000C0B9003E18BF01267642F6B20022904626
:10AD20004FF6FF7A638DC3F30513434510D8002A0D
:10AD300065D0002E63D029462046FF22BDE8F84F9B
:10AD4000EAF700B82046FEF7C2FEE2E7FF26E5E795
:10AD5000E06800EBC801D1454B684FEAC80BC3F36C
:10AD6000170303D01FFA83FCCC450BD1B5F5702F28
:10AD700003D003F47F039D4204D137B150F80B3068
:10AD8000BB4202D008F10108CCE7CB79990705D581
:10AD90000023FF2229462046E9F778FFE36803EB0A
:10ADA0000B02D27992070DD053F80B0008B10CF0CA
:10ADB000BBF9E36853F80B00F0F7E2FDE36800220B
:10ADC00043F80B20424606E0013200EBC20393E851
:10ADD000030003E90300638DE068C3F3051101F18B
:10ADE000FF3C9445F0D83F3101F03F0161F3091376
:10ADF0006385C900F0F7CEFD0122E06092E7BDE86F
:10AE0000F88F2DE9F74304461E46019200230A46B7
:10AE10000F4606F47F01E9F739FF658DE068C5F359
:10AE200005150023AB4234D3638D013505F03F0592
:10AE300065F30913E9006385F0F7ACFD658DE0600B
:10AE4000C5F30515013DE0684FEAC508002D46D160
:10AE50000822002140440CF02EFE0C20D4F80C9067
:10AE6000F0F77CFD49F83500E36853F835000CF045
:10AE700057F9E3684344DA7942F00102DA71E36892
:10AE800043445A6866F317025A60E36853F8355032
:10AE90000DE000EBC302D90092F807C01CF0010FCF
:10AEA0001BD05268C2F31702964216D145583EB9DC
:10AEB0003846F0F7A7F8830602D52046FEF707FECE
:10AEC000019A394628460CF079F93A46314620462F
:10AED00003B0BDE8F043E9F735BF0133A2E7A8F1BD
:10AEE0000803034400EB0802D9798907B0D193E83D
:10AEF000030082E80300A5E7F8B50F46418D04463C
:10AF00001646C1F305110023994203D80DD100253F
:10AF10002846F8BDE26802EBC302D079C00713D51A
:10AF20005268C2F31702B2420ED1E268394652F8B3
:10AF300033000CF008F905460028E8D03A463146BF
:10AF40002046E9F7FFFEE3E70133DDE770B504686B
:10AF5000A5682279206805F47F052946FFF7E1FC02
:10AF60002679E06000233246206823712946234673
:10AF7000E9F78CFEA16820682671FFF764FCE2689F
:10AF8000217900680CF01AF92279A1682068BDE8DF
:10AF90007040E9F7D7BE82B013460A46012102B0DD
:10AFA000FFF72FBF82B013460A46022102B0FFF717
:10AFB00028BF82B013460A46082102B0FFF721BF1E
:10AFC00082B013460A46092102B0FFF71ABF82B0C9
:10AFD00013460A460A2102B0FFF713BF82B0134698
:10AFE0000A465F2102B0FFF70CBF38B504460D4694
:10AFF0000AF005F910B120460AF01FF9294620464B
:10B00000BDE83840EEF7DEBF034620B118465B6866
:10B01000002BFBD17047704700B1406870478068D3
:10B0200058B10029038E01DAC91805D48B4203D91F
:10B03000036853F82100704700207047806800B112
:10B04000008E704710B5034630B1426822B1926855
:10B05000118E0020814202DC4FF0FF3010BD1468D9
:10B0600054F820409C42F9D00130F3E770B590F8D5
:10B070002B30DB0604462BD4FEF729FD65682046FD
:10B08000ADB1EAF7F9F895F82B4014F010041FD190
:10B090002846FFF7C3FA22462A212846E8F72AFE67
:10B0A000224628462C21BDE87040E8F723BEEAF787
:10B0B000C3F8064660B1D0F8C4329C42204603D0A3
:10B0C000BDE87040EAF7D8B8EAF7D6F8C6F8C45237
:10B0D00070BDFFF7CBBF10B5044600223F2100F042
:10B0E00021FBE36A6BB1226B0AB12046984700232B
:10B0F00023630022626320464021BDE8104000F037
:10B1000011BB236B002BFCD1F3E72DE9F341041DA8
:10B11000076890F8148020460E460BF00BF80546A1
:10B1200020460BF00CF8009603462A464146384666
:10B1300000F0A9FB02B0BDE8F08173B500220C4617
:10B14000143106460AF065FD10B9002002B070BD4A
:10B1500001212046FDF7D9FA0028F6D12046FEF756
:10B16000E8F805460028F0D101465F222046FFF7A7
:10B17000D8FBC3B2FC2B0090E7D96A461A212046BF
:10B180008DF800500196E8F7B5FD9DF80030022BD0
:10B19000DBD02046FFF752FF451E002D05DA9DF853
:10B1A0000030002BD1D12046D0E7A3681B68304681
:10B1B00053F82510FFF7C1FF0028C7D1013DECE788
:10B1C00070472DE9F04F00F118050C46074695E849
:10B1D0000F00C7B00DF10C0888E80F000BA920463E
:10B1E000FEF795FA2046FEF77FF807AE02460146C5
:10B1F0000BA80AF038FC0BAA414630460AF04DFC79
:10B20000E8B396E80F0085E80F003A461C21204677
:10B21000E8F770FD3A461D212046E8F76BFD1E2138
:10B220003A462046E8F766FD4FF480112046FDF7C8
:10B230006CFA38BB04F114020DF13C094146484652
:10B240000AF02BFCB8B12046FFF7F8FE8346D8B9C8
:10B2500096E80F0085E80F003A461F212046E8F7E0
:10B2600049FD3A4620212046E8F744FD3A4621218F
:10B270002046E8F73FFD98E80F0085E80F0047B04B
:10B28000BDE8F08F0BAAD7E799E80F0085E80F001B
:10B290002D2200212046FFF744FB2B9068B94FF088
:10B2A0000009A3681B68384653F8291009F1010901
:10B2B000EAF7EAF8CB45F4D1CAE70C220021204690
:10B2C000FFF72FFB81462B900028E8D004F11406ED
:10B2D0001FA800F05BFE96E80F000DF1980C8CE8BB
:10B2E0000F002BA8CDF8A890EBF75AFD30460AF0D6
:10B2F00021FF824630460AF022FF824503DB3046BA
:10B300000AF01DFF02E030460AF014FF40104845E5
:10B310000346A8BF4B46009396E80F000DF14C0979
:10B3200089E80F00009A9B1A013342464946484675
:10B3300014930AF0B2FB60B34A461021384600F07D
:10B3400021FC00238246A26801931268504652F8FD
:10B350002310EAF799F8019B01339B45F3D152463C
:10B360001F212046E8F7C6FC524620212046E8F778
:10B37000C1FC524621212046E8F7BCFC1FA95046DB
:10B3800000F008FE4A462BA93846CDF8C8A000F0C8
:10B3900097FC96E80F000DF15C0989E80F00009A10
:10B3A0000B461344013B4246494648461A930AF06D
:10B3B00074FB60B34A461021384600F0E3FB0023DB
:10B3C0008246A26801931268504652F82310EAF7A9
:10B3D0005BF8019B01339B45F3D152461F21204668
:10B3E000E8F788FC524620212046E8F783FC5246C5
:10B3F00021212046E8F77EFC1FA9504600F0CAFD37
:10B400004A462BA93846CDF8C8A000F059FC96E86A
:10B410000F000DF16C0989E80F00009A0B461344E8
:10B420001C931E9B49469B1A484642461E930AF0AF
:10B4300034FB00283FF41FAF99E80F0085E80F00A8
:10B440000026A3681B68384653F826100136EAF731
:10B450001BF8B345F5D1FFE670B50E4688B004463B
:10B4600018B9EAF799FE044630B12046EBF7C2F866
:10B4700010B11EB9C4F8606208B070BD0023204648
:10B48000CDE90033EAF798FE013802902046EAF74A
:10B49000A3FE6D46013803902A46314604A80AF0FF
:10B4A000FCFA0028E8D094F83C30072B07D1049B25
:10B4B00023F007030493069B43F00703069394F8D5
:10B4C0003930022B0ED195E80F0004F1400686E8D2
:10B4D0000F000123C4F8603200223821204600F01A
:10B4E00021F9C9E704AA3521204600F01BF90128FB
:10B4F000C2D10026D4F86032B1B28B4215D81F2BCE
:10B5000084BF0023C4F86032D4F860328CBF2A466E
:10B5100004AA04EB0311106808645068486490683A
:10B520008864D268CA640133D4E70431002204EB92
:10B53000011104A80AF06DFB01360028DAD09BE760
:10B5400038B505460BF0E7F8044628460BF0E1F85D
:10B55000382C06D1D0F8040318B1BDE838400CF0FF
:10B560002AB838BD10B504460068E9F765FED0F882
:10B57000C422C0F8CC2203462068C3F8C402BDE848
:10B58000104000222E21E8F7B5BB38B5054600680B
:10B59000E9F752FE044600222F21D0F8C402E8F752
:10B5A000A9FBD4F8CC0200223021E8F7A3FBD4F8A1
:10B5B000CC0228B194F8D8329B0701D5FFF756FD8D
:10B5C00094F8D832002262F30003C4F8CC2284F845
:10B5D000D832C4F8D02228685F21FFF78DFCD4F858
:10B5E000C402BDE83840FEF772BA0022C9B2FFF7C4
:10B5F000F5BCFEF70CB8FDF7F3BFF8B5044628B369
:10B60000E9F71AFE054608B3D0F8C46226B1002255
:10B610002D213046E8F76EFB00222E210027204620
:10B62000E8F768FBC5F8C442C5F8D0723A462F2146
:10B630002046E8F75FFB26B13A4630213046E8F76E
:10B6400059FB2046BDE8F840FEF741BAF8BD2DE9A8
:10B65000F04F87B09A469DF8403004930446EAF7CD
:10B66000F1FD06462046EAF7A7FD80462046EAF7A8
:10B67000B3FD8B461746054631465846EBF72EF884
:10B680001FB131463846EBF729F831464046EAF714
:10B69000FFFF049B81463BB32A4604F51D75CDE9A7
:10B6A00001BA3346414604F5247BCDF80090284684
:10B6B0000592EBF71BF8059ACDF80090334641460A
:10B6C000CDE9017A5846EBF711F8002F29462046BC
:10B6D00014BF5A460022EAF799FD0499204607B0A4
:10B6E000BDE8F04FEAF79CBDBAFBF0F2D5E70023C6
:10B6F00003637047406B003818BF01207047006A31
:10B70000003818BF0120704707B5002300931A4680
:10B710001946EAF7D3FD03B05DF804FB00F5397074
:10B720000AF0BCBF70B588B004460E46154600212D
:10B730001C2201A80CF0BFF9CDE9014404F53974CD
:10B74000012201A92046039605950AF049FF012828
:10B7500004D1002201A920460AF042FF08B070BDC2
:10B7600010B1033020F00300704710B504460846BE
:10B77000EFF70CFB60430730C00810BDF0F700B9CD
:10B780000330F0F7E3B8034608465B69114603B19E
:10B79000184718467047034608469B68114603B190
:10B7A00018471846704730B585692B6987B004463D
:10B7B0000A466BB141B98388C08801380090013BCB
:10B7C00002A80AF036F902AA2B69114620469847CA
:10B7D00007B030BD2DE9F84F07461C200A9E894668
:10B7E00093461D46F0F7BAF8044688B126B92946B3
:10B7F0004846EAF74DFF064633462A46594648462C
:10B80000EAF74EFF3B68804633B92046F0F7B8F8B8
:10B8100000242046BDE8F88F294698478246002834
:10B82000F3D065702368A4F8049003F47F4343F4D5
:10B83000401343F01903A4F806B02681236029467B
:10B84000EAF74CFFC4F80C80C4E9040AA761E0E7FA
:10B8500037B50B8900934B78CA880C468988FFF767
:10B86000B9FF054660B16388C26843F03003438086
:10B87000E368216900699A4228BF1A460CF025F84E
:10B88000284603B030BD2DE9F041069E0D4617460F
:10B890009846044618B900242046BDE8F08101B955
:10B8A000457826B929463846EAF7F2FE0646334679
:10B8B0002A4641463846EAF7F3FEE3688342EAD374
:10B8C0006570A780A4F806802681E5E710B50446D8
:10B8D00060B14388DB0609D583695B680BB14069B9
:10B8E00098472046BDE81040F0F74AB810BD2DE952
:10B8F000F0430446B0F8088089B00E4679B90A468C
:10B90000EAF738FFE288314608FB02F20CF0D3F880
:10B910003146204609B0BDE8F043FFF744BF00239D
:10B92000CDE900338388013B0293C3886A46013B1B
:10B9300004A803930AF0B1F810B304A80AF0FAFBC4
:10B9400000281DDD04A80AF0FAFB002818DDDDE957
:10B9500004122046EAF70EFF07466078EFF716FA62
:10B96000054604A80AF0E6FB45430735DDF81490C8
:10B97000ED10079B4B4506DA31462046FFF713FFD3
:10B9800009B0BDE8F08338462A4600210CF093F850
:10B99000474409F10109ECE72DE9F84F05469146C6
:10B9A0001E460C4671B94378B0F80480DA1F032AAA
:10B9B00011D91EB330460AF0BDFB40453FD1D6E950
:10B9C000001221E008460AF0B5FB8046CEBB6B783A
:10B9D000DA1F032A12D8072B2869D9F8101009D0CA
:10B9E000082B09D0092B14BF4FF4806240220BF0C2
:10B9F0006CFFDEE70822FAE71022F8E7B9F8043016
:10BA000043451CD1002211464846EAF7B3FE0746DB
:10BA1000E4B1D4E900122846EAF7ACFED4F804B049
:10BA2000D4F80CA0064668782C89B9F80890EFF78E
:10BA3000ADF908FB00F50735ED10D34512DDBDE883
:10BA4000F88F30460AF076FB8045B7E7224621465C
:10BA50002846EAF78FFEB5F806A006460AF1FF3A37
:10BA6000A346E0E7394630462A460BF02EFF26442F
:10BA70004F440BF1010BE0E74388194214BF01204A
:10BA800000207047438819434180704730B585B026
:10BA9000CB6802930B6901930B8900934B78CA889A
:10BAA0000C4689880546EAF721FE63886B8005B05D
:10BAB00030BD7047F8B5064654200C46EFF74EFFF0
:10BAC000054600F1080794E80F0087E80F0094E8A6
:10BAD0000F0005F1180787E80F0006F118030FCBD8
:10BAE00005F1380484E80F000123AB64F36B13B94C
:10BAF000F5632846F8BD1A461B68002BFBD115607C
:10BB0000F7E7704710B55022044600210BF0D3FF31
:10BB1000FF2384F8383010BDFF2380F83830704799
:10BB20002DE9F04105460F461C469046FFF7EAFF17
:10BB3000EAF71AF82F64064694E80F0005F1180793
:10BB400087E80F0094E80F002F1D87E80F0094E8A6
:10BB50000F0005F1280787E80F0085F81480D6F854
:10BB6000B03213B1294630469847D6F8AC3233B1DB
:10BB70001A465B6C002BFBD15564BDE8F081C6F81A
:10BB8000AC52FAE7F8B5054650200E461746EFF7D7
:10BB9000E5FE044648B13B4632462946FFF7C0FF62
:10BBA0001DB195F8383084F838302046F8BD00686B
:10BBB000EAF7E0BD38B10078A0F120035F2B04D98B
:10BBC000C0094000704703207047012070472DE9ED
:10BBD000F0438BB00546BDF84870BDF84C80DDF8E9
:10BBE00050901E4673B9B7F5807F0BD1B8F5807FB2
:10BBF00008D1C0E9003301398160541EEC600BB0FC
:10BC0000BDE8F08301240023CDE90413CDE9063219
:10BC1000CDE90812CDE90233CDE9009443463A4616
:10BC2000314602A80AF078FACDE9009443463A4634
:10BC3000314604A80AF070FACDE9009443463A462A
:10BC4000314606A80AF068FACDE9009443463A4620
:10BC5000314608A80AF060FA089B069C04980299ED
:10BC6000A3421A46A8BF22468242A8BF02468A4281
:10BC7000D4BF2A602960A342B8BF23468342B8BF1D
:10BC80000346099C0798039A8B42B8BF0B46013BB9
:10BC900084420599AB602346A8BF03468B42A8BFE8
:10BCA0000B469342D4BF6B606A608442B8BF0446BF
:10BCB0008C42B8BF0C469442B8BF1446013C9DE785
:10BCC0002DE9F0430B6B002B85B007460C4616465A
:10BCD00038DD4B6B002B35DD1146FFF7EBFE0546DB
:10BCE0006C20EFF733FE21466C22E8640BF0EDFD8B
:10BCF00007232B710023AB6430460AF01BFA804601
:10BD000030460AF01CFA04F140030293A38E01931B
:10BD1000238E009305F11809E36A0246414648461E
:10BD2000FFF755FFD6E90012484609F0A9FEE3697E
:10BD300001222946384683F8482005B0BDE8F04383
:10BD4000EAF7E8BE05B0BDE8F0832DE9F043CB6922
:10BD500085B080460C461546002B48D091F84C30F3
:10BD6000022B44D90B6B002B41DD4B6B002B3EDDCE
:10BD70006C20EFF7EBFD07466C2221460BF0A5FD8A
:10BD8000F86907F1200100F0B0FB012805D0384622
:10BD900005B0BDE8F043EFF7F3BD29464046FFF795
:10BDA00089FE0623037100F118090646C764284678
:10BDB0000AF0C0F9074628460AF0C1F904F1400329
:10BDC0000293A38E0193238E0093E36A02463946C1
:10BDD0004846FFF7FCFED5E90012484609F050FE40
:10BDE0003146404605B0BDE8F043EAF793BE05B0E2
:10BDF000BDE8F0832DE9F0410646A0B00C4615469B
:10BE00001F46002B4ED01368059353680693936822
:10BE10000793D3680893CB6A3BB90B6BB3F5807F6C
:10BE200003D14B6BB3F5807F21D028460AF082F90D
:10BE3000804628460AF083F904F140030293A38E5A
:10BE40000193238E00930246E36A414605A8FFF75B
:10BE5000BEFE2968059B6A680B440593069B134444
:10BE60000693079B0B440793089B134408930DF11B
:10BE70002408B26805A9404609F00FFE90B1E169B7
:10BE800000220DA8EBF706FD01280BD13046CDE9C5
:10BE90000187009500230DAA2146EAF71DFF0DA892
:10BEA00000F049FB20B0BDE8F0811F2825D940F201
:10BEB0001C63984221D0A0F58A531F3B012B1CD94B
:10BEC000A0F5C0530B3B032B17D9A0F50053A3F1EA
:10BED0000B02042A11D9283B072B0ED9A0F50153D8
:10BEE0001F3B102B09D94FF6FF63984205D04FF640
:10BEF000FF03C31A58425841704701207047034658
:10BF00003038C0B209280BD9602B84BF203BDBB28C
:10BF1000A3F14102052A02D8373BD8B2704700206E
:10BF200070470379052B0CBFC06C00207047282296
:10BF300000210BF0C0BDF8B50C46064694F8503011
:10BF4000022B114621D9E369FBB11B78EBB1636A7F
:10BF5000DBB1FFF7AFFD05465C20EFF7F7FC5C2295
:10BF6000E86421460BF0B1FC05232B7194F85430A2
:10BF70005B0604D5E069EF6C0BF0F5FDF86129462E
:10BF80003046BDE8F840EAF7C5BDF8BD30220021D3
:10BF90000BF091BDF8B50446007D0F46EEF700FFAB
:10BFA00060B3211D2046FFF785FD05463020EFF7E1
:10BFB000CDFC3022E86439460BF087FCEE6C0B2395
:10BFC0002B713068346198B14FF40021FCF79DFB70
:10BFD00070B130684FF40021FCF748FB222138682B
:10BFE0002A46E7F787FE30684FF40021FCF77FFD13
:10BFF00029462046BDE8F840EAF78CBDF8BD10B5EB
:10C000003022044600210BF056FDFF2384F8203037
:10C010003023636110BD10B504462C2200210BF0C3
:10C020004AFD238D23F4FF5323F01F036FEA1333DC
:10C030006FEA033323852C23636110BD2DE9F04F94
:10C04000CD6D93B007460C46164685B191F86C301D
:10C05000022B40F28D80012D40F08C808B6E002BE6
:10C0600005DC0B6E1BB94D6E003D18BF012594F821
:10C070002030059394F83B30022B7DD9236B003B95
:10C0800018BF0123079394F84830022B76D9636CCC
:10C09000002B73D094F8499019F0200F6ED119F04D
:10C0A0001F0918BF4FF0010994F85830022B68D9C6
:10C0B000236D003B18BF01230693059BFF2B73D113
:10C0C00094F82F301B075ED1002D72D031463846D0
:10C0D000FFF7F0FC82463820EFF738FCCAF84C0036
:10C0E000A26E0AF1180B80461146584609F0BBFCB7
:10C0F000E26D5846114609F0B6FCD4E918125846CC
:10C1000009F0BEFCA646BEE80F00C446ACE80F002E
:10C110009EE807008CE807003823C8F81430E3696C
:10C12000C8F81C3094F85B30B4F85920A8F82020E7
:10C1300088F82230E36DC8F82430A36EC8F82830A0
:10C1400094F86C3088F83430236EC8F82C30636E65
:10C15000C8F8303098F8353065F3000388F835308A
:10C1600003238AF8043051463846EAF7D3FC1DE031
:10C1700000257CE701257AE7002383E74FF00009DB
:10C1800092E7002398E794F82E20002304F127017A
:10C190009A4299D903EB8300085CFF2801D101334F
:10C1A000F6E735B1002591E7002DFBD1059B022B69
:10C1B00058D996E80F000EAD85E80F00636C012B8F
:10C1C0001BDD94F84830FC2B17D9E369ABB194F828
:10C1D00049300246C3F380010A440E920F9AC3F31A
:10C1E00040010A440F92109AC3F3C001521A1092F0
:10C1F000119A03F00103D21A119229463846FFF72B
:10C2000059FC80463020EFF7A1FB0546FFF7F7FE0B
:10C21000C8F84C50A646BEE80F00AC46ACE80F008C
:10C220009EE807008CE8070030236B61E369EB614F
:10C23000B4F82130A5F8213094F8233085F8233064
:10C2400004F1240207CA05F1240383E8070094F8E7
:10C25000203085F82030012388F8043041463846E4
:10C26000EAF758FC079B002B6FD0206BFFF7A2FC6E
:10C27000012805460DF12C0A1CD8206B514600F010
:10C2800034F9012861D194F83D30002B40F0ED8065
:10C29000BDF830200093013A1092BDF83220013AE7
:10C2A00011920EA909223046CDE90E3309F0A1FD05
:10C2B0000EA9DBE00C22002150460BF0FCFB032D05
:10C2C00043D000256FF06043CDE901350095D4E9F6
:10C2D0000C122B4609A80BF0D2F8099B0095013BE4
:10C2E00010930A9B013B092211930EA92B4630465D
:10C2F000CDE90E5509F07DFD0EA93846FFF7DAFBB2
:10C3000080465C20EFF722FB0546EAF7D9FDC8F826
:10C310004C50A646BEE80F00AC46ACE80F009EE8C5
:10C3200007008CE807005C236B61A36B2B861B0C5A
:10C3300085F83230636B6B62236BEB61052388F801
:10C34000043041463846EAF7E5FBB9F1000F33D037
:10C3500031463846FFF7AEFB80462C20EFF7F6FA61
:10C36000A646C8F84C0005468446BEE80F00ACE877
:10C370000F009EE807008CE807002C236B61E3693F
:10C38000EB61E28F94F8403085F822302A8494F8EB
:10C39000483085F82830636C6B6294F8492095F832
:10C3A000293062F3040385F82930022388F8043029
:10C3B00041463846EAF7AEFB069B002B52D096E882
:10C3C0000F000EAD85E80F00D4E914231A4411467E
:10C3D000284609F048FB29463846FFF76BFB8046A4
:10C3E0002C20EFF7B3FAC8F84C00226D08F11806BC
:10C3F00005461146304609F036FB626D304611465F
:10C4000009F031FBA446BCE80F002E460FC69CE89D
:10C41000070086E807002C236B61E36947F6FF728B
:10C4200093421FBF226D9B18626D9B18EB61B4F89D
:10C430004A2094F84C3085F822302A8494F85830F9
:10C4400085F82830236D6B6295F829300F2262F34E
:10C45000040385F82930022388F804304146384621
:10C46000EAF758FB13B0BDE8F08F31463846FFF7C6
:10C4700021FB80466C20EFF769FA0546EAF790FC4D
:10C48000C8F84C50A646BEE80F00AC46ACE80F001A
:10C490009EE807008CE807006C236B61236BEB615F
:10C4A00094F83B3085F84C30A36BA5F848301B0C52
:10C4B00085F84A3094F83C3085F84B3094F83D20AC
:10C4C00095F84D3062F304139AE8070085F84D3073
:10C4D00005F1200383E80700E3696B6696E80F0027
:10C4E000543585E80F00062329E730B595B004469A
:10C4F0004C220D4601A800210BF0DDFA20460494E1
:10C50000FFF758FB29468DF8140001A8EBF700F956
:10C51000003818BF012015B030BD30B404460068A3
:10C520008568134625B10A46AC46214630BC6047B3
:10C53000284630BC704710B50446006878B1C3681F
:10C540000BB121469847EEF7A5F940B1206C30B108
:10C55000616C21B1BDE81040002208F051BF10BD50
:10C56000016070474160704781607047C1607047EB
:10C57000CB10C943C05C01F00701084100F0010085
:10C58000704737B5ADF80400C0F30720FC2802D887
:10C590004C78022C03D8BDF804300B800FE0022841
:10C5A0000DD9FF2C0DD19DF804300A784C70C0F1E4
:10C5B000FF0513FB00F305FB02331B0A0B7003B0EE
:10C5C00030BDD378A34202D1537883420DD0C0F15D
:10C5D000FF03C4F1FF0463436FEA2323DBB2C0EB24
:10C5E00000209371B0FBF3F0D0710C885088BDF837
:10C5F0000430844202D11088984212D0BDF8043031
:10C6000013800B88D07953809DF804300C78C0F1EA
:10C61000FF0513FB00F305FB04331B0A1371937929
:10C6200053719388B9E710B4144685B0022CADF865
:10C6300004101A46C9B216D0032C19D0012C1CD1F3
:10C6400004780C44FF2CA8BFFF24E4B29DF8053009
:10C650008DF80C408DF80D300146039805B05DF85B
:10C66000044BFFF78EBF0478641A24EAE474ECE705
:10C67000047814FB01F4240AE8E705B05DF8044BE4
:10C68000704710B50222002104460BF014FA022272
:10C69000A01800210BF00FFA02220021201D0BF040
:10C6A0000AFAFF23A371E37110BD2DE9F04F8BB09F
:10C6B0004368009383680193C3680293D0E90653EB
:10C6C0000393D0E90443074690F821900668049349
:10C6D00008A88846FFF7D5FF97F82230002B40F0D6
:10C6E000C1804CBBB9F1FC0F23D8019B9C4280F266
:10C6F000BC80AA4600273AE0504609F096FE09F1B0
:10C70000010907F8020C07F801BCC244009B9945D7
:10C7100007F10207F0DB029B1E44039B01341D441A
:10C72000019B9C4280F2A180AA4637464FF0000947
:10C73000ECE74FF0FF0BF3E7B9F1FC0F1F463BD8D6
:10C74000019B9F4280F29180AB464FF0000A4FE080
:10C75000504609F06AFE8DF81D908DF81C0006EB1E
:10C760004701079808AAFFF70CFF0137C244009B56
:10C770009F42EDDB029B1E44039B01341D44B4E742
:10C78000504609F052FE14F809308DF81C008DF85F
:10C790001D3006EB4901079808AAFFF7F2FE09F1E0
:10C7A0000109C244009B9945EADB029B1E44039B9E
:10C7B0001D44049B01371C44019B9F4255DAAA4645
:10C7C0004FF00009EEE7584609F02FFE14F80A3042
:10C7D0008DF81C0013FB09F31B128DF81D3006EBBE
:10C7E0004A01079808AAFFF7CCFE0AF1010AC344E0
:10C7F000009B9A45E7DB029B1E44039B1D44049B60
:10C8000001371C449CE7059809F00FFE8DF81C00C9
:10C8100034B314F80A3013FB09F31B0A8DF81D30EA
:10C8200006EB4A0008AB97F822200799FFF7FBFEBA
:10C83000059B43440AF1010A0593009B9A45E2DBFC
:10C840000CB1049B1C44029B1E44039B0BF1010B87
:10C850001D44019B9B4508DA05954FF0000AECE763
:10C860004B46DBE74FF0000BF3E70BB0BDE8F08F72
:10C870002DE9F04FD0E9044A87B00546D0E90167B9
:10C8800090F81B90D0F80C8004A8FFF7FAFEA86976
:10C89000002C40F08680B9F1FC0F67D909F091FDBA
:10C8A000002E0246286806F1FF3525F00F05A6F197
:10C8B000100ED8BF0025FF21BC4261DA03464FF0BD
:10C8C000000C41E003F8202C03F81F1C03F81E2C79
:10C8D00003F81D1C03F81C2C03F81B1C03F81A2C6E
:10C8E00003F8191C03F8182C03F8171C03F8162C6E
:10C8F00003F8151C03F8142C03F8131C03F8122C6E
:10C9000003F8111C03F8102C03F80F1C03F80E2C6D
:10C9100003F80D1C03F80C2C03F80B1C03F80A2C6D
:10C9200003F8091C03F8082C03F8071C03F8062C6D
:10C9300003F8051C03F8042C03F8031C03F8022C6D
:10C9400003F8011C0CF1100CE64503F12003B9DCDF
:10C950002B4600F1010CB34202DB40440134ABE74B
:10C9600000F813200CF813100133F4E709F029FD47
:10C970008DF80D90D5F800908DF80C00BC420EDBC0
:10C9800007B0BDE8F08F09EB4501039804AAFFF753
:10C99000F8FD0135B542F6DBC1440134EEE7002570
:10C9A000F8E7B9F1FC0F1CD909F00BFDD5F800B080
:10C9B0008DF80C004FF00009B945E1DA002509E0D7
:10C9C000635D8DF80D300BEB4501039804AAFFF76A
:10C9D000D8FD0135B542F3DBC344544409F10109E4
:10C9E000EAE709F0EEFC2B688DF80C004FF0000B25
:10C9F000BB45C5DA00250EE0625D019312FB09F22A
:10CA000012128DF80D2003EB4501039804AAFFF7DD
:10CA1000B8FD019B0135B542EEDB434454440BF1B4
:10CA2000010BE5E72DE9F04F90F82030063B8BB085
:10CA300004460F2B2FD8DFE813F0E20180032E000D
:10CA40002E002E002E002E002E002E00E400ED0001
:10CA5000EB0010002E002E009D02436801938368B6
:10CA60000293D0E90453D0E9067B90F82180066850
:10CA7000D0F80CA0039308A8FFF703FE94F8223027
:10CA8000002B40F0BC80002D3CD1B8F1FC0F1CD82D
:10CA9000029BAB4234DC0BB0BDE8F08F37F81400DA
:10CAA00009F0AAFC013408F8020C08F8019C019B6B
:10CAB000A34208F10208F1DC56445F440135029BB1
:10CAC000AB42E8DDB0460024F1E74FF0FF09F6E79E
:10CAD00037F8140009F090FC4FEA44098DF81C0067
:10CAE0008DF81D80079808AA06EB0901FFF749FD9C
:10CAF0000134019BA342EBDC56445F440135C7E798
:10CB00000024F6E7B8F1FC0F1C4621D8029BA34293
:10CB1000C1DD4FF0000939E037F8180009F06CFC6E
:10CB200015F808308DF81C004FEA48098DF81D30C3
:10CB3000079808AA06EB0901FFF723FD08F1010891
:10CB4000019B4345E8DC039B56445F441D4401348C
:10CB5000029BA3429FDD4FF00008F1E74FEA490135
:10CB600037F81900049109F047FC15F809300499C9
:10CB70008DF81C0013FB08F31B128DF81D3007986D
:10CB800008AA3144FFF7FDFC09F10109019B4B455F
:10CB9000E4DC039B56445F441D440134B6E74FEA8E
:10CBA000490337F81900059309F026FC8DF81C009D
:10CBB0001DB315F8093013FB08F31B0A05988DF80F
:10CBC0001D3094F82220079908AB3044FFF72BFD65
:10CBD00009F10109019B4B45E1DC0DB1039B1D44AB
:10CBE000049B56445F4401330493049A029B93428E
:10CBF0007FF751AF4FF00009ECE74346DEE7002333
:10CC0000F2E7032120460BB0BDE8F04FFFF74DBD22
:10CC10000421F7E74368019383680293C368039391
:10CC2000D0E90453D0E9066A90F82180076804939C
:10CC300008A8FFF726FD94F82230002B40F0DD8095
:10CC4000002D48D1B8F1FC0F20D8029BAB427FF7F2
:10CC500022AFB146002436E0D8F8000009F0FCFB12
:10CC600098F803308DF81C008DF81D3007EB440157
:10CC7000079808AAFFF785FC013408F10408019B16
:10CC8000A342E9DC039B56441F440135029BAB429F
:10CC90007FF701AFB0460024F1E7D9F8000009F0B2
:10CCA000DBFB99F803308DF81C0013FB08F31B1213
:10CCB0008DF81D3007EB4401079808AAFFF761FCC7
:10CCC000013409F10409019BA342E6DC039B5644AD
:10CCD0001F440135B9E7B8F1FC0F1C4629D8029B67
:10CCE000A3427FF7D8AEB3464FF0000944E0D9F82D
:10CCF000000009F0B1FB15F8082099F803308DF811
:10CD00001C0013FB02F31B128DF81D3007EB4801CA
:10CD1000079808AAFFF735FC08F1010809F1040992
:10CD2000019B4345E3DC039B1F44049B56441D4485
:10CD30000134029BA3427FF7AEAEB1464FF000082C
:10CD4000EEE7DBF8000009F087FB15F809209BF8F7
:10CD500003308DF81C0013FB02F308FB03F31B14D4
:10CD60008DF81D3007EB4901079808AAFFF709FC69
:10CD700009F101090BF1040B019B4B45E1DC039B1D
:10CD80001F44049B56441D440134A8E7DBF800000F
:10CD900009F062FB9BF803208DF81C002DBB12FBF1
:10CDA00008F2130A8DF81D3007EB490094F8222091
:10CDB000079908ABFFF737FC09F101090BF1040BE8
:10CDC000019B4B45E2DC0DB1049B1D44039B1F44BA
:10CDD000059B564401330593059A029B93427FF7C6
:10CDE0005AAEB3464FF00009EAE715F8093013FBD5
:10CDF00002F308FB03F31B0CD4E70023EBE74368C3
:10CE0000019383680293D0E90453D0E9067B90F83C
:10CE100021800668D0F80CA0039308A8FFF731FC26
:10CE200094F82230002B40F0A38085BBB8F1FC0FB2
:10CE300018D8029BAB427FF72EAE002420E0F85CAE
:10CE400006F8130001F81320013301989842F6DC2C
:10CE500056445F440135029BAB427FF71CAE002372
:10CE6000711CF2E7FF22F6E73B5D8DF81C308DF870
:10CE70001D8006EB4401079808AAFFF782FB0134E6
:10CE8000019BA342F0DC56445F440135D1E7B8F181
:10CE9000FC0F1C461ED8029BA3427FF7FCAD4FF04F
:10CEA000000931E017F808308DF81C3015F808300B
:10CEB0008DF81D3006EB4801079808AAFFF761FBC3
:10CEC00008F10108019B4345ECDC039B56445F4499
:10CED0001D440134029BA3427FF7DDAD4FF00008F3
:10CEE000F0E717F809308DF81C3015F8093013FBFE
:10CEF00008F31B128DF81D3006EB4901079808AAAC
:10CF0000FFF73FFB09F10109019B4B45E9DC039B5E
:10CF100056445F441D440134BDE717F809308DF8CD
:10CF20001C301DB315F8093013FB08F31B0A8DF8EC
:10CF30001D3006EB490094F82220079908ABFFF753
:10CF400072FB09F10109019B4B45E6DC0DB1039B26
:10CF50001D44049B56445F4401330493049A029B8E
:10CF600093427FF798AD4FF00009ECE74346DEE7C8
:10CF70000023F2E74368019383680293D0E90453E6
:10CF8000D0E9066A90F821800768D0F80C900393E6
:10CF900008A8FFF776FB94F82230002B40F0CB80F6
:10CFA000002D3DD1B8F1FC0F19D8029BAB427FF7A1
:10CFB00072ADB34600242AE006EB440216F81430A2
:10CFC000507807EB440108AA43EA0020FFF7D9FA9A
:10CFD0000134019BA342EFDC4F4456440135029BD0
:10CFE000AB427FF758AD0024F3E73BF8023CADF8C5
:10CFF0001C301BF8013C13FB08F31B128DF81D308D
:10D0000007EB4401079808AAFFF7BBFA0134019B1C
:10D01000A3420BF1020BE8DC4F4456440135C4E750
:10D02000B8F1FC0F1C4626D8029BA3427FF733AD14
:10D0300033464FF0000B3FE03BF8023C15F8082068
:10D04000ADF81C301BF8013C13FB02F31B128DF8EA
:10D050001D3007EB4801079808AAFFF792FA08F17C
:10D060000108019B43450BF1020BE5DC039B4F4498
:10D0700056441D440134029BA3427FF70CADB346D6
:10D080004FF00008EDE733F8022C15F80B10ADF85F
:10D090001C2013F8012C049312FB01F208FB02F28E
:10D0A00012148DF81D2007EB4B01079808AAFFF713
:10D0B00068FA049B0BF1010B019A5A4503F1020334
:10D0C000E1DC039B4F4456441D440134ACE736F881
:10D0D0001B30ADF81C30059B13F81B201DBB12FB49
:10D0E00008F2130A8DF81D3007EB4B0094F822204C
:10D0F000079908ABFFF797FA0BF1010B019B5B4512
:10D10000E5DC0DB1039B1D44049B4F4456440133A1
:10D110000493049A029B93427FF7BDAC731C4FF0BB
:10D12000000B0593EAE715F80B3013FB02F308FB3D
:10D1300003F31B0CD6E70023EAE7D0E90183019350
:10D14000D0E90453D0E9067B90F821900668D0F826
:10D150000CA0029308A8FFF794FA94F82240002C40
:10D160007FF499ACCDBBB9F1FC0F1DD8019BAB424C
:10D170007FF791AC00242AE011463846FFF7F8F912
:10D18000404204F8020C04F8019C0132904504F17D
:10D190000204F1DC56445F440135019BAB427FF74A
:10D1A0007AAC34460022F1E74FF0FF09F5E721465B
:10D1B0003846FFF7DDF940428DF81C008DF81D90D0
:10D1C00006EB4401079808AAFFF7DBF90134A045F4
:10D1D000EDDC56445F440135C8E7B9F1FC0F1FD8B8
:10D1E000019BA3427FF757AC002337E049463846FE
:10D1F000FFF7BEF915F809308DF81D3040428DF863
:10D200001C0006EB4901079808AAFFF7BAF909F1D3
:10D210000109C845EADC029B56445F441D440134C1
:10D22000019BA3427FF737AC4FF00009F1E71946A5
:10D2300038460393FFF79CF9039BEA5C12FB09F263
:10D24000404212128DF81D208DF81C0006EB4301A0
:10D25000079808AAFFF795F9039B01339845E6DC88
:10D26000029B56445F441D440134B9E7CB10C943C7
:10D27000C05C01F00701084100F00100704730B5C3
:10D28000B0F17D4F85B0CDE9001014464FEA106330
:10D290004FEA116501D2022D14D8019B03939DF82A
:10D2A0000C30002063F307009DF80D3063F30F206E
:10D2B0009DF80E3063F317409DF80F3063F31F6045
:10D2C00005B030BD022B01D80391E8E7FF2D04D152
:10D2D00005B0BDE8304009F00EB9D279AA4202D1BA
:10D2E000E2789A420DD0C3F1FF02C5F1FF056A430F
:10D2F0006FEA2222D2B2C3EB03232273B3FBF2F311
:10D3000063736168009808F0FFFFB0B90198637B10
:10D31000206000988DF8073060600146019809F0A0
:10D32000EAF8C0F3072320726372C0F30740237B3F
:10D33000A072E372A0680390B1E72168019808F039
:10D34000E3FF0028E2D0F5E7F0B5174685B0022FDD
:10D35000044601911A46CDB2C1F30726C1F3074036
:10D360002DD0032F3CD0012F27D1A378217803445F
:10D37000FF2BA8BFFF238DF80E3063783344FF2BBB
:10D380002944A8BFFF23FF298DF80D30A8BFFF2136
:10D39000C9B29DF807308DF80C108DF80F30216858
:10D3A0000398FFF76CFFC0F3072320706370C0F38E
:10D3B0000743C0F30760A370E07005B0F0BDA37829
:10D3C00021781B1A23EAE3738DF80E3063789B1BD8
:10D3D00023EAE373491B8DF80D3021EAE171D7E7A9
:10D3E0006178A37811FB06F109128DF80D102178F0
:10D3F00013FB00F31B1211FB05F18DF80E30090A27
:10D40000C7E732B1FF23FC2ACB7003D9887048707C
:10D410000870704710FB02F0D3438A78DBB202FB3E
:10D420000302120A8A704A7802FB0302120A4A7047
:10D430000A7802FB0300000AEAE710B50422002183
:10D4400004460AF038FB0422A01800210AF033FB3E
:10D450000422002104F108000AF02DFBFF232373AE
:10D46000637310BD2DE9F04F8DB04368009383685E
:10D470000193C3680293D0E906630393D0E90443A0
:10D48000074690F821800568059308A80491FFF7E6
:10D49000D4FF97F82230002B40F02A81002C44D191
:10D4A000B8F1FC0F39D9049B042B34D1009B9F00A9
:10D4B000019B9C4202DB0DB0BDE8F08F314628464F
:10D4C0003A460AF002FA029B1D44039B01341E44B3
:10D4D000EEE712F8017C03F8027C12F8027C03F8F4
:10D4E000037C12F8037C03F8047C03F8010C01317F
:10D4F000009FB94202F1030203F10403E9DB029B3E
:10D500001D44039B01341E44019B9C42D3DA3246E6
:10D510002B460021ECE7FF20F6E78DF81F80019BEA
:10D520009C42C8DAB04600272FE0B8F1FC0F1F4636
:10D5300068D8019B9F42BEDAB2464FF0000996E0E0
:10D5400098F802308DF81E3098F801308DF81D30B3
:10D5500098F800308DF81C3055F82710079808AA65
:10D56000FFF78DFE05EB8709C0F3072305F82700B9
:10D5700089F80130C0F3074389F80230049BC0F3F7
:10D58000076089F8030001379844009B9F42D7DB6E
:10D59000029B1D44039B01341E44C0E714F808306D
:10D5A0008DF81F3099F802308DF81E3099F801304F
:10D5B0008DF81D3099F800308DF81C3055F8281082
:10D5C000079808AAFFF75BFE05EB880AC0F307235C
:10D5D00005F828008AF80130C0F307438AF80230C2
:10D5E000049BC0F307608AF8030008F1010899441E
:10D5F000009B9845D2DB029B1D44039B1E44059B68
:10D6000001371C44019B9F42BFF655AFB1464FF016
:10D610000008EDE714F8093055F8291013FB08F35A
:10D620001B128DF81F309AF802308DF81E309AF8D0
:10D6300001308DF81D309AF800308DF81C300798B5
:10D6400008AAFFF71CFE05EB890BC0F3072305F8BA
:10D6500029008BF80130C0F307438BF80230049B9C
:10D66000C0F307608BF8030009F101099A44009B9D
:10D670009945CFDB029B1D44039B1E44059B01374C
:10D680001C4456E79AF802308DF81E309AF80130A3
:10D690008DF81D309AF800308DF81C3034B314F832
:10D6A000093013FB08F31B0A8DF81F3005EB8900C6
:10D6B00008AB97F822200799FFF746FE049B09F173
:10D6C00001099A44009B9945DCDB0CB1059B1C4485
:10D6D000029B1D44039B0BF1010B1E44019B9B45C8
:10D6E000BFF6E9AEB2464FF00009EBE74346DBE791
:10D6F0004FF0000BF2E72DE9F04FD0E9044389B079
:10D70000D0E9015990F81B80D0F80CA00093064690
:10D7100004A8FFF792FE002C5CD1B8F1FC0F30D9C1
:10D72000B06908F0C9FD691E0346002D306821F07C
:10D730000F01A5F11007D8BF00214C4529DA024698
:10D74000002610E042E9103342E90E3342E90C337F
:10D7500042E90A3342E9083342E9063342E9043335
:10D7600042E902331036B74202F14002EADC0A46CF
:10D77000AA4202DB50440134DFE740F82230013294
:10D78000F6E7B069414608F076FD376803904C45EE
:10D790001EDB09B0BDE8F08F57F82610039804AAE5
:10D7A000FFF76DFD07EB8608C0F3072307F8260097
:10D7B00088F80130C0F30743C0F3076088F80230EF
:10D7C00088F803000136AE42E6DB57440134DEE759
:10D7D0000026F8E7B8F1FC0F2DD9B069FF2108F059
:10D7E0004AFD376803904FF00008C845D1DA00269B
:10D7F00019E0A35D8DF80F3057F82610039804AA9E
:10D80000FFF73DFD07EB860BC0F3072307F8260063
:10D810008BF80130C0F30743C0F307608BF8023088
:10D820008BF803000136AE42E3DB009B57441C44F7
:10D8300008F10108D9E7B069414608F01CFD3768D6
:10D8400003904FF0000BCB45A3DA00261BE0A35D4D
:10D8500057F8261013FB08F31B128DF80F3004AA9B
:10D8600007EB860303980193FFF709FD019B07F877
:10D870002600C0F307225A70C0F30742C0F30760C6
:10D880009A70D8700136AE42E1DB009B57441C44CD
:10D890000BF1010BD7E72DE9F04F90F82030063B54
:10D8A0008DB083460F2B33D8DFE813F07602F503F3
:10D8B00032003200320032003200320032005701B2
:10D8C00060015E01100032003200260343680193BC
:10D8D00083680293C3680393D0E906430493D0E9B5
:10D8E000046390F821900568059308A8FFF7A5FD4B
:10D8F0009BF82270002F40F02B81002E48D18DF82C
:10D900001F9040F20D4A40F63A09029BB3423DDCBB
:10D910000DB0BDE8F08F04EB470355F827105B7896
:10D92000DB0809FB03F31B128DF81E3034F81730A7
:10D93000C3F345130AFB03F31B128DF81D3014F8D3
:10D94000173003F01F0309FB03F31B128DF81C3083
:10D95000079808AAFFF793FC05EB8708C0F3072395
:10D9600005F8270088F80130C0F30743C0F30760CB
:10D9700088F8023088F803000137019BBB42CADCFB
:10D98000039B1D44049B01361C44BEE70027F4E7BB
:10D99000B9F1FC0F51D840F63A0B40F20D43029A10
:10D9A000BA42B5DD4FF0000887E016F808308DF870
:10D9B0001F3004EB480355F828105B78DB080AFB9E
:10D9C00003F31B128DF81E3034F81830C3F34513DF
:10D9D0000BFB03F31B128DF81D3014F8183003F005
:10D9E0001F030AFB03F31B128DF81C30079808AACB
:10D9F000FFF745FC05EB8809C0F3072305F828006D
:10DA000089F80130C0F30743C0F3076089F802309A
:10DA100089F8030008F10108019B4345C5DC039B1D
:10DA20001D44049B1C44059B01371E44029BBB42C2
:10DA30007FF76EAF4FF00008EEE740F63A0A40F28B
:10DA40000D4BF3E716F8082055F8281012FB09F2E1
:10DA500012128DF81F2004EB480205EB880A527859
:10DA6000D2080BFB02F212128DF81E2034F8182097
:10DA7000C2F345125A4312128DF81D2014F81820D3
:10DA800002F01F020BFB02F212128DF81C20079805
:10DA900008AAFFF7F4FBC0F3072205F828008AF86C
:10DAA0000120C0F30742C0F307608AF802208AF819
:10DAB000030008F1010840F20D43019A4245C1DC20
:10DAC000039A1544049A1444059A0137164466E7EC
:10DAD00004EB470340F20D425B78DB080AFB03F3DB
:10DAE0001B128DF81E3034F81730C3F3451353431F
:10DAF0001B128DF81D3014F8173003F01F030AFBBA
:10DB000003F31B128DF81C3006B3F35D13FB09F30E
:10DB10001B0A8DF81F3005EB87009BF82220079920
:10DB200008ABFFF711FC0137019BBB42D0DC0EB103
:10DB3000059B1E44039B1D44049B08F101081C44E3
:10DB4000029B43457FF7E4AE0027EDE74B46E0E755
:10DB50004FF0000840F63A0AF2E7032158460DB0AC
:10DB6000BDE8F04FFFF77EBC0421F7E7436801935F
:10DB700083680293C3680393D0E90453D0E906692C
:10DB800090F821800468049308A8FFF756FC9BF8DE
:10DB90002270002F40F0FD80002D59D1B8F1FC0F0C
:10DBA00025D8029BAB427FF7B3AEB246002745E0D3
:10DBB00054F8271056F8270008AAFFF760FB04EB7B
:10DBC0008708C0F3072304F8270088F80130C0F362
:10DBD0000743C0F3076088F8023088F80300013774
:10DBE000019BBB42E4DC039B4E441C440135029B79
:10DBF000AB427FF78DAE0027F2E71AF8013C5AF8E6
:10DC0000040C079013FB08F31B128DF81F3054F817
:10DC10002710079808AAFFF732FB04EB870BC0F325
:10DC2000072304F827008BF80130C0F30743C0F343
:10DC300007608BF802308BF803000137019BBB4271
:10DC40000AF1040AD9DC039B4E441C440135A8E7C1
:10DC5000B8F1FC0F36D8029BBB427FF759AEB346F2
:10DC60004FF0000A5AE015F808201AF8013C5AF85B
:10DC7000040C079013FB02F31B128DF81F3054F8AD
:10DC80002810079808AAFFF7FAFA04EB880BC0F3EC
:10DC9000072304F828008BF80130C0F30743C0F3D2
:10DCA00007608BF802308BF8030008F10108019B34
:10DCB00043450AF1040AD6DC039B1C44049B4E44F2
:10DCC0001D440137029BBB427FF722AEB2464FF0A4
:10DCD0000008ECE71BF8012C15F80A105BF8040C9F
:10DCE000079012FB08F24A4312148DF81F2004EB30
:10DCF0008A0354F82A100798059308AAFFF7BFFA79
:10DD0000059B04F82A00C0F307225A70C0F30742AB
:10DD1000C0F307609A70D8700AF1010A019B53455D
:10DD20000BF1040BD6DC039B1C44049B4E441D44A6
:10DD3000013790E7059B56F8270013F82720079036
:10DD400005BB18FB02F2130A8DF81F3004EB8700A5
:10DD50009BF82220079908ABFFF7F6FA0137019BE1
:10DD6000BB42E7DC0DB1049B1D44039B4E441C44A5
:10DD70000AF1010A029B53457FF7CAADF31C002745
:10DD80000593ECE7EB5D13FB02F308FB03F31B0CBD
:10DD9000DAE74FF0000AEDE7D0E901930193D0E90B
:10DDA00006530293D0E9044390F8227090F8218042
:10DDB0000668D0F80CA00393002F6DD19CBBB8F17E
:10DDC000FC0F19D8019BA3427FF7A2AD002723E0E7
:10DDD00012F8011F03F8011C03F8021C117803F864
:10DDE000031C03F8041C8118494503F10403EFDB0D
:10DDF000029B56441D440134019BA3427FF788AD2A
:10DE00006A1E3346C5F10100EDE7E85D06EB8701C8
:10DE10004246FFF7F6FA0137B945F6DC029B564455
:10DE20001D440134CEE7B8F1FC0F18D8019BBB426A
:10DE30007FF76EAD4FF0000B25E014F8082015F8C1
:10DE4000080006EB8801FFF7DCFA08F10108C1457C
:10DE5000F3DC029B1D44039B56441C440137019B89
:10DE6000BB427FF755AD4FF00008F0E714F80B20E8
:10DE700015F80B0012FB08F206EB8B01120AFFF7F4
:10DE8000C0FA0BF1010BD945F0DC029B1D44039B4A
:10DE900056441C440137C9E708A8FFF7CEFA00230F
:10DEA0000493049A019B93427FF732AD002716E05A
:10DEB000EB5D8DF81E308DF81D308DF81C30CCB127
:10DEC000E35D13FB08F31B0A8DF81F3006EB870098
:10DED0009BF82220079908ABFFF736FA0137B945BE
:10DEE000E6DC0CB1039B1C44029B1D44049B56447E
:10DEF0000133D5E74346E7E743680193836802931C
:10DF0000D0E9044390F8227090F821800668D0F898
:10DF10000C900393D0E9065A002F40F08280B4BBE6
:10DF2000B8F1FC0F17D8029BA3427FF7F1ACAB46C8
:10DF3000002723E006EB870118F8012C18F8020CE3
:10DF4000FFF75FFA0137019BBB4208F10208F1DCE1
:10DF50004E4455440134029BA3427FF7D9ACA846F6
:10DF60000027F0E71BF8012C1BF8020C12FB08F24B
:10DF700006EB8701120AFFF744FA0137019BBB4207
:10DF80000BF1020BEEDC4E4455440134CBE7B8F103
:10DF9000FC0F20D8029BBB427FF7BAAC2B464FF058
:10DFA000000B33E014F808301BF8012C1BF8020CAE
:10DFB00012FB03F206EB8801120AFFF722FA08F1BE
:10DFC0000108019B43450BF1020BEBDC039B4E4424
:10DFD00055441C440137029BBB427FF799ACAB46CA
:10DFE0004FF00008EDE714F80B1013F8012C13F8AC
:10DFF000020C049312FB01F208FB02F206EB8B0108
:10E00000120CFFF7FEF9049B0BF1010B019A5A4524
:10E0100003F10203E7DC039B4E4455441C440137E3
:10E02000B8E708A8FFF709FA00230493049A029BB3
:10E0300093427FF76DAC6B1C0027059319E015F830
:10E0400017308DF81E308DF81D308DF81C30059B73
:10E0500013F81720C4B912FB08F2130A8DF81F3009
:10E0600006EB87009BF82220079908ABFFF76CF9B5
:10E070000137019BBB42E2DC0CB1039B1C44049BB7
:10E080004E4455440133D0E7E35D13FB02F308FB34
:10E0900003F31B0CE2E74368019383680293D0E922
:10E0A000044390F8228090F821700568D0F80C9015
:10E0B0000393D0E9066AB8F1000F7BD1002C3AD166
:10E0C000FC2F1DD8029BA3427FF722AC4FF0000823
:10E0D0002AE039463046FFF7C9F84042C0B202F89C
:10E0E000010C02F8020C02F8030C02F8040C0137D0
:10E0F000019BBB4202F10402EBDC4D445644013467
:10E10000029BA3427FF704AC2A460027F0E7414672
:10E110003046FFF7ABF8404205EB88013A46C0B203
:10E12000FFF76FF908F10108019B4345EFDC4D440F
:10E1300056440134C6E7FC2F1BD8029B43457FF7AA
:10E14000E7AB4FF0000B2BE039463046FFF78EF877
:10E150004042E25D05EB8701C0B2FFF752F901379B
:10E16000019BBB42F0DC039B4D4456441C4408F128
:10E170000108029B43457FF7CBAB0027F0E75946E8
:10E180003046FFF773F814F80B20404212FB07F2F9
:10E1900005EB8B01120AC0B2FFF733F90BF1010B4B
:10E1A000019B5B45EBDC039B4D4456441C4408F14A
:10E1B0000108C2E708A8FFF740F900230493049A76
:10E1C000029B93427FF7A4AB4FF000081DE041464D
:10E1D0003046FFF74BF84042C0B28DF81D008DF875
:10E1E0001C00ECB114F8083013FB07F31B0A8DF880
:10E1F0001F308DF81E009BF82220079905EB880040
:10E2000008ABFFF7A1F808F10108019B4345DEDCEC
:10E210000CB1039B1C44049B4D4456440133CDE791
:10E220003B46E4E700290B46B8BFCB1D4A4202F04B
:10E2300007024FEAE30301F0070158BF5142C1F161
:10E24000070101228A40C15C0A43C2547047002979
:10E250000B46B8BFCB1D4A4202F007024FEAE30368
:10E2600001F0070158BF5142C1F10701012202FA32
:10E2700001F1C25C22EA0102C254704700290B4638
:10E28000B8BFCB1DDB10C05C4B4203F0070301F0AD
:10E29000070158BF5942C1F10701084100F00100D0
:10E2A000704710B55AB1FC2A9FBF0C78D34310FBBE
:10E2B00002F0DBB29CBF04FB0300000A087010BD33
:10E2C000F0B585B0044610461F460D46019208F091
:10E2D000C3F8294606462046FFF7D0FF4242D2B295
:10E2E000022F8DF80F2019D0032F1BD0012F23D11F
:10E2F0003244FF2AA8BFFF22D0B20DF10F019DF8D2
:10E300000720FFF7CEFF9DF90F30002B294620464E
:10E310000DDA05B0BDE8F040FFF784BF921B22EA9A
:10E32000E272E9E712FB06F2C2F30720E5E705B067
:10E33000BDE8F040FFF78BBF05B0F0BD2DE9F04F11
:10E340008BB090F822700591002F40F0DE8043687A
:10E3500000938368019390F821300293C36803937C
:10E36000D0E906630493D0E90453426A069353420A
:10E3700003F0070302F00708046858BFC3F1000860
:10E38000029B002D52D1FC2B1CD8019B9D4280F298
:10E39000BC80B14600273DE0484608F046F810F042
:10E3A000800F08EB0701204613D0FFF73BFF059BCA
:10E3B00001379944009B9F42EEDB039B1C44049B66
:10E3C00001351E44019B9D4280F29F80B14600278B
:10E3D000F0E7FFF73CFFEAE7484608F026F807EBCE
:10E3E000080B824659462046FFF748FF40428DF809
:10E3F00027000DF127015046029AFFF752FF9DF9C1
:10E400002730002B594620460DDAFFF70BFF059BFE
:10E4100001379944009B9F42DEDB039B1C44049B15
:10E4200001351E44B1E7FFF712FFF0E7FC2B30D8AF
:10E43000019B9F4269DAB2464FF0000957E050460F
:10E4400007F0F3FF08EB090B029059462046FFF74F
:10E4500015FF404215F809208DF827000DF127011E
:10E460000298FFF71EFF9DF92720002A59462046F3
:10E4700016DAFFF7D7FE059B09F101099A44009BC4
:10E480009945DCDB039B1C44049B1E44069B01371F
:10E490001D44019B9F4238DAB2464FF00009EEE777
:10E4A000FFF7D5FEE7E7504607F0BFFF08EB090B83
:10E4B000079059462046FFF7E1FE15F80920029B18
:10E4C000404212FB03F28DF82700120A07980DF163
:10E4D0002701FFF7E6FE9DF92720002A594620462E
:10E4E00010DAFFF79FFE059B09F101099A44009B92
:10E4F0009945D8DB039B1C44049B1E44069B0137B3
:10E500001D4495E7FFF7A3FEEDE70BB0BDE8F08FE4
:10E510002DE9F74FD0E904430546D0E90198C77EBD
:10E52000D0F80CA08069019307F04BFFC0F3C7132C
:10E5300006462868ED6900936B4203F0070305F077
:10E54000070558BF5D42002C4AD1FC2F1ED8009B06
:10E5500013FB07F6C7F1FF0744450FDA4FF0000B36
:10E5600036E0002E05EB07010BDAFFF75BFE013703
:10E570004F45F6DB50440134444505DB03B0BDE8AC
:10E58000F08FFFF764FEF2E70027F1E776B2F3E7DA
:10E590000BEB050100290B46B8BFCB1DDB10D1F1F9
:10E5A000000C0CF0070C01F00702C35C58BFCCF163
:10E5B0000002C2F10702134103F0010307FB0363EA
:10E5C000FE33B3F5FE7F08D9FFF72CFE0BF1010BEC
:10E5D000CB45DDDB50440134BEE7FFF738FEF5E7FD
:10E5E000FC2F4FF0000B3CD8C345C7DA002665E08E
:10E5F000E35D3BB1FF2B05EB07010FD1002E2DDAB8
:10E60000FFF710FE01374F45F2DB019B50441C44DD
:10E610000BF1010BC345B1DA0027F4E700290A46E4
:10E62000B8BFCA1DD210D1F1000E0EF0070E01F0D6
:10E63000070C825C58BFCEF1000CCCF1070C42FAFB
:10E640000CF202F0010E009AC3F1FF0C13FB02F36F
:10E650000CFB0E33FE33B3F5FE7FD1D8FFF7F7FD89
:10E66000D0E776B2D6E7A35D3BB3A91900294FF0F6
:10E67000FF0213FB07F3B3FBF2F30A46B8BFCA1D50
:10E68000D210D1F1000E0EF0070E01F0070C825CE3
:10E6900058BFCEF1000CCCF1070C42FA0CF202F09C
:10E6A000010E009AC3F1FF0C53430CFB0E33FE33F3
:10E6B000B3F5FE7F0AD9FFF7B5FD01364E45D2DB33
:10E6C000019B50441C440BF1010B8DE7FFF7BFFD8C
:10E6D000F3E72DE9F04F90F82030063B8BB004466D
:10E6E0000F2B50D8DFE813F07502A0044F004F0045
:10E6F0004F004F004F004F004F002F0138013601EF
:10E7000010004F004F007303436801938368029326
:10E71000C3680393D0E906730493D0E90463426AA3
:10E720000593534203F0070302F0070858BFC3F1F3
:10E73000000890F8223090F821A00568002B40F0E6
:10E74000FF80002E4FD1BAF1FC0F19D8029BB342C3
:10E7500019DD00243BE037F8140007F04DFE10F0FF
:10E76000800F08EB0401284610D0FFF75BFD013451
:10E77000019BA342EFDC039B1D44049B01361F4415
:10E78000029BB34205DC0BB0BDE8F08FFFF75FFDE5
:10E79000EDE70024ECE737F8140007F02DFE08EB56
:10E7A000040B814659462846FFF768FD40428DF824
:10E7B000240009A948465246FFF773FD9DF924300D
:10E7C000002B594628460BDAFFF72CFD0134019B3C
:10E7D000A342E0DC039B1D44049B01361F44B5E7C4
:10E7E000FFF735FDF2E7BAF1FC0F1C462DD8029B6E
:10E7F000A342C8DD4FF0000951E037F8190007F0D7
:10E80000FBFD08EB090B824659462846FFF736FD0B
:10E8100040428DF8240009A9504616F80920FFF758
:10E8200040FD9DF92430002B5946284613DAFFF7A6
:10E83000F9FC09F10109019B4B45DEDC039B1D44FA
:10E84000049B1F44059B01341E44029BA3429ADD96
:10E850004FF00009EFE7FFF7FAFCEAE737F8190095
:10E8600007F0CAFD08EB090B069059462846FFF74A
:10E8700005FD16F80920404212FB0AF28DF824002B
:10E88000120A069809A9FFF70CFD9DF92420002A19
:10E89000594628460EDAFFF7C5FC09F10109019B2C
:10E8A0004B45DBDC039B1D44049B1F44059B01344B
:10E8B0001E449CE7FFF7CBFCEFE707EB490340F66C
:10E8C0003A025B78DB0853431B128DF8263037F889
:10E8D000193040F20D41C3F345134B431B128DF821
:10E8E000253017F8193003F01F0353431B128DF81E
:10E8F00024301EB316F8093013FB0AF31B0A8DF8F7
:10E90000273008EB090194F82230099A2846FFF7CE
:10E91000D7FC09F10109019B4B45CEDC0EB1059BEB
:10E920001E44039B1D44049B0BF1010B1F44029BDF
:10E930005B457FF728AF4FF00009ECE75346DEE771
:10E940004FF0000BF3E7032120460BB0BDE8F04F7A
:10E95000FFF7F4BC0421F7E743680293836803934D
:10E96000C3680493D0E906730593D0E90463426A4F
:10E970000693534203F0070302F0070258BF5A42BE
:10E9800090F8223090F8218005680192002B40F029
:10E990001D81002E6AD1B8F1FC0F2ED8039BB34223
:10E9A0007FF7F1AEB946002454E0D8F8000007F034
:10E9B00053FD019B04EB030A814651462846FFF7AD
:10E9C0005DFC40428DF8240009A9484698F80320D0
:10E9D000FFF767FC9DF92430002B5146284613DAD7
:10E9E000FFF720FC013408F10408029BA342DCDCA1
:10E9F000049B1D44059B01361F44039BB3427FF7D4
:10EA0000C2AEB8460024F0E7FFF721FCEAE7D9F8E8
:10EA1000000007F021FD019B04EB030B82465946E1
:10EA20002846FFF72BFC99F80320404212FB08F21E
:10EA30008DF8240009A95046120AFFF732FC9DF90F
:10EA40002430002B594628460DDAFFF7EBFB013442
:10EA500009F10409029BA342D9DC049B1D44059BD8
:10EA600001361F449AE7FFF7F2FBF0E7B8F1FC0F1D
:10EA70001C4637D8039BA3427FF785AEBA464FF0BA
:10EA8000000961E0D9F8000007F0E6FC019B03EB08
:10EA9000080B824659462846FFF7F0FB99F80330E9
:10EAA00016F80820404212FB03F28DF8240009A951
:10EAB0005046120AFFF7F5FB9DF92430002B59460A
:10EAC000284617DAFFF7AEFB08F1010809F104093F
:10EAD000029B4345D6DC049B1D44059B1F44069BBB
:10EAE00001341E44039BA3427FF74DAEB9464FF05D
:10EAF0000008EDE7FFF7ABFBE6E7DAF8000007F008
:10EB0000ABFC019B079003EB090B59462846FFF726
:10EB1000B5FB16F809209AF8031012FB08F24042E0
:10EB20004A438DF82400120C079809A9FFF7B9FB96
:10EB30009DF92420002A5946284610DAFFF772FB77
:10EB400009F101090AF1040A029B4B45D5DC049B3B
:10EB50001D44059B1F44069B01341E448AE7FFF7B2
:10EB600076FBEDE75AF8030C9AF8002009902EBBCB
:10EB700012FB08F2130A01998DF82730494494F8E2
:10EB80002230099A2846FFF79BFB09F101090AF197
:10EB9000040A029B4B45E5DC0EB1069B1E44049B18
:10EBA0001D44059B0BF1010B1F44039B5B457FF745
:10EBB000EAAD07F1030A4FF00009EAE716F8093059
:10EBC00013FB02F308FB03F31B0CD4E74FF0000B1D
:10EBD000EBE74368019383680293C3680393D0E92A
:10EBE00006730493D0E90463426A0593534203F029
:10EBF000070302F0070858BFC3F1000890F822305D
:10EC000090F821900568002B40F0DE80002E45D161
:10EC1000B9F1FC0F16D8029BB3427FF7B4AD0024C4
:10EC200030E03B57002B08EB0401284610DAFFF7D1
:10EC3000F9FA0134019BA342F3DC039B1D44049BBE
:10EC400001361F44029BB3427FF79DAD0024F1E7DC
:10EC5000FFF7FDFAEDE708EB040A51462846FFF7F7
:10EC60000DFB40428DF8240009A9385D4A46FFF7A4
:10EC700018FB9DF92430002B514628460BDAFFF78C
:10EC8000D1FA0134019BA342E5DC039B1D44049BA4
:10EC900001361F44BFE7FFF7DAFAF2E7B9F1FC0FDC
:10ECA0001C462BD8029BA3427FF76DAD4FF0000AA4
:10ECB0004DE008EB090B59462846FFF7DFFA17F835
:10ECC00009A016F8092040428DF8240009A95046F1
:10ECD000FFF7E7FA9DF92430002B5946284614DA4D
:10ECE000FFF7A0FA09F10109019B4B45E1DC039B09
:10ECF0001D44049B1F44059B01341E44029BA342F8
:10ED00007FF741AD4FF00009EEE7FFF7A0FAE9E722
:10ED100008EB0A0B17F80A30069359462846FFF706
:10ED2000ADFA16F80A20404212FB09F28DF82400D1
:10ED3000120A069809A9FFF7B4FA9DF92420002ABF
:10ED4000594628460EDAFFF76DFA0AF1010A019BCF
:10ED50005345DDDC039B1D44049B1F44059B01348C
:10ED60001E449FE7FFF773FAEFE717F80A308DF8B4
:10ED700026308DF825308DF824301EB316F80A3071
:10ED800013FB09F31B0A8DF8273008EB0A0194F8EE
:10ED90002230099A2846FFF793FA0AF1010A019BEB
:10EDA0005345E2DC0EB1059B1E44039B1D44049BAE
:10EDB0000BF1010B1F44029B5B457FF7E4AC4FF066
:10EDC000000AECE74B46DEE74FF0000BF3E7436841
:10EDD000019383680293C3680393D0E90673049395
:10EDE000D0E90463426A0593534203F0070302F03B
:10EDF000070B58BFC3F1000B90F8223090F8218028
:10EE00000568002B40F00E81002E5ED1B8F1FC0F9A
:10EE100028D8029BB3427FF7B6AC002407F1010962
:10EE200047E00BEB040949462846FFF727FA404222
:10EE30008DF8240009A917F8140018F81420FFF71A
:10EE400030FA9DF92430002B4946284612DAFFF7A4
:10EE5000E9F90134019BA342E3DC039B1D44049BBD
:10EE600001361F44029BB3427FF78DAC002407F1AB
:10EE70000108EFE7FFF7EBF9EBE70BEB040A51466C
:10EE80002846FFF7FBF919F81420404212FB08F25C
:10EE90008DF8240009A917F81400120AFFF701FAE7
:10EEA0009DF92430002B514628460BDAFFF7BAF9BA
:10EEB0000134019BA342E0DC039B1D44049B01360B
:10EEC0001F44A6E7FFF7C3F9F2E7B8F1FC0F1C46B1
:10EED00031D8029BA3427FF756AC7B1C4FF0000950
:10EEE000069356E00BEB080A51462846FFF7C6F991
:10EEF00016F8083019F81820404212FB03F28DF87A
:10EF0000240009A917F81800120AFFF7CAF99DF999
:10EF10002430002B5146284616DAFFF783F908F112
:10EF20000108019B4345DDDC039B1D44049B1F44FA
:10EF3000059B01341E44029BA3427FF724AC4FF093
:10EF4000000807F10109ECE7FFF781F9E7E70BEBB0
:10EF5000090A51462846FFF791F9069B13F8192034
:10EF600016F8093012FB03F2404208FB02F28DF85A
:10EF7000240009A917F81900120CFFF792F99DF95E
:10EF80002430002B514628460EDAFFF74BF909F1E1
:10EF90000109019B4B45DADC039B1D44049B1F4484
:10EFA000059B01341E4494E7FFF751F9EFE71AF887
:10EFB000013C9AF800208DF826308DF825308DF828
:10EFC00024303EBB12FB08F2130A8DF827300BEBFE
:10EFD000090194F82230099A2846FFF771F909F1DE
:10EFE00001090AF1020A019B4B45E0DC0EB1059BC9
:10EFF0001E44039B1D44049B1F44069B0133069340
:10F00000069A029B93427FF7BEAB07F1010A4FF0CD
:10F010000009E8E716F8093013FB02F308FB03F3D5
:10F020001B0CD2E70023EAE743680193836802934D
:10F03000C3680393D0E906730493D0E90463426A7A
:10F040000593534203F0070302F0070858BFC3F1CA
:10F05000000890F8223090F821900568002B40F0CD
:10F06000E780002E49D1B9F1FC0F1AD8C9F1FF0A87
:10F07000029BB3427FF787AB002432E0214638463B
:10F08000FFF7FCF804EB080188B12846FFF7CAF83F
:10F090000134019BA342F1DC039B1D44049B013618
:10F0A0001F44029BB3427FF76EAB0024F1E7284672
:10F0B000FFF7CDF8ECE721463846FFF7DFF804EB21
:10F0C000080B024659462846FFF7D8F819FB02F20A
:10F0D00000FB0A221206594628460BD5FFF7A2F874
:10F0E0000134019BA342E6DC039B1D44049B0136D3
:10F0F0001F44BDE7FFF7ABF8F2E7B9F1FC0F1C4680
:10F100002BD8029BA3427FF73EAB4FF0000A4EE0A4
:10F1100049463846FFF7B2F808EB090B82465946D4
:10F120002846FFF7ABF816F80920C2F1FF0312FBDF
:10F130000AF200FB032213065946284614D5FFF7AE
:10F1400071F809F10109019B4B45E1DC039B1D446A
:10F15000049B1F44059B01341E44029BA3427FF77E
:10F1600012AB4FF00009EEE7FFF771F8E9E716F888
:10F170000A20D2B151463846FFF780F808EB0A0161
:10F1800083462846069112FB09F2FFF777F8121220
:10F19000C2F1FF0312FB0BF200FB032212F0800FFF
:10F1A000069928460ED0FFF73DF80AF1010A019BA7
:10F1B0005345DCDC039B1D44049B1F44059B013429
:10F1C0001E449EE7FFF743F8EFE751463846FFF746
:10F1D00055F84042C0B28DF825008DF824002EB3BA
:10F1E00016F80A3013FB09F31B0A8DF827308DF847
:10F1F00026000AEB080194F82230099A2846FFF706
:10F200005FF80AF1010A019B5345DEDC0EB1059B54
:10F210001E44039B1D44049B0BF1010B1F44029BE6
:10F220005B457FF7B0AA4FF0000AECE74B46DCE7FE
:10F230004FF0000BF3E7CB10C943C05C01F00701AE
:10F24000084100F00100704710B55AB1FC2A9FBF79
:10F250000C78D34310FB02F0DBB29CBF04FB03002D
:10F26000000A087010BD37B51546044608460191DE
:10F2700007F0F2F8022D11D0032D14D0012D18D172
:10F2800023780344FF2BA8BFFF23D8B29DF80720A3
:10F29000214603B0BDE83040FFF7D6BF23781B1AE4
:10F2A00023EAE373F1E7237813FB00F3C3F30720AA
:10F2B000ECE703B030BD2DE9F04F89B0436800930F
:10F2C00083680193C3680293D0E906530393D0E99E
:10F2D0000443049390F8223090F821900668074682
:10F2E0008846002B40F0A980F4B9B9F1FC0F14D87E
:10F2F000019B9C4280F2A380AA46002729E0484651
:10F3000007F093F8C144F0550137009B9F42F6DBAC
:10F31000029B1E44039B01341D44019B9C4280F2CE
:10F320008E80A9460027F0E7B9F1FC0F1F462FD8C1
:10F33000019B9F4280F28380AB464FF0000A3DE084
:10F34000504607F072F8F1194A46FFF77DFF013782
:10F35000C244009B9F42F3DB029B1E44039B01348B
:10F360001D44C5E7504607F060F814F8092006EB85
:10F370000901FFF769FF09F10109C244009B9945A2
:10F38000F0DB029B1E44039B1D44049B01371C447D
:10F39000019B9F4253DAAA464FF00009EEE7584618
:10F3A00007F043F814F80A2012FB09F206EB0A01F1
:10F3B000120AFFF749FF0AF1010AC344009B9A456C
:10F3C000EDDB029B1E44039B1D44049B01371C4440
:10F3D000AEE79BF802208DF81E209BF801208DF8E7
:10F3E0001D209BF800208DF81C2024B314F80A205F
:10F3F00012FB09F2120A8DF81F2006EB0A0097F89B
:10F40000222007990593FFF72EFF059B0AF1010AB9
:10F41000C344009A9245DCDB0CB1049A1444029A6E
:10F420001644039A01331544019A934207DAAB4616
:10F430004FF0000AEDE74A46DDE70023F4E709B0A4
:10F44000BDE8F08F2DE9F74FD0E9045AD0E90178F3
:10F4500090F81BB0D0F80C9006468069002D5FD163
:10F46000BBF1FC0F46D906F0ACFF002FD6F800A088
:10F4700007F1FF3626F00F06D8BF0026A7EB060BD4
:10F48000BE42C8BF4FF0000B0446103F454537DA77
:10F49000524620E003F8104C03F80F4C03F80E4CD2
:10F4A00003F80D4C03F80C4C03F80B4C03F80A4C12
:10F4B00003F8094C03F8084C03F8074C03F8064C12
:10F4C00003F8054C03F8044C03F8034C03F8024C12
:10F4D00003F8014C1A4602F11003A2EB0A0297420C
:10F4E000D8DC0AEB06005A4621460BF064F8CA4401
:10F4F0000135CBE706F065FF3668824645450DDBF2
:10F5000003B0BDE8F08F31195A465046FFF79CFE14
:10F510000134BC42F7DB4E440135EFE70024F8E745
:10F52000BBF1FC0F16D906F04CFFD6F800B0002650
:10F530004645E5DA002407E02A5D00900BEB040164
:10F54000FFF782FE00980134BC42F5DBCB44554402
:10F550000136EDE706F035FF336800264645CFDA81
:10F5600000240BE02A5D12FB0BF21919120ACDE9F7
:10F570000003FFF769FEDDE900030134BC42F1DB63
:10F580004B4455440136E9E72DE9F04F90F820301F
:10F59000063B89B081460F2B3CD8DFE813F0A3016E
:10F5A000FD023B003B003B003B003B003B003B00BF
:10F5B000CD00D600D40010003B003B003C02D0E957
:10F5C00001830193C3680293D0E9044390F822B009
:10F5D00090F8217006680393D0E9065ABBF1000F3A
:10F5E00040F0A8806CBBFC2F11D8019BA34211DD19
:10F5F0004FF0000B1EE035F8170006F0FDFEF05549
:10F600000137B845F7DC029B55441E440134019B89
:10F61000A34202DC09B0BDE8F08F0027F1E735F81E
:10F620001B0006F0E9FE06EB0B013A46FFF70CFE65
:10F630000BF1010BD845F2DC029B55441E4401340A
:10F64000D3E7FC2F17D8019B5B45E3DD4FF00009A2
:10F6500025E035F8170006F0CFFEE25DF119FFF75F
:10F66000F3FD0137B845F4DC029B1E44039B55446F
:10F670001C440BF1010B019B5B45CBDD0027F1E73F
:10F6800035F8190006F0B8FE14F8092012FB07F24D
:10F6900006EB0901120AFFF7D7FD09F10109C84578
:10F6A000EEDC029B1E44039B55441C440BF1010BF2
:10F6B000C9E705EB4B0240F63A015278D2084A43BB
:10F6C00012128DF81E2035F81B2040F20D40C2F3B7
:10F6D0004512424312128DF81D2015F81B2002F02E
:10F6E0001F024A4312128DF81C200CB314F80B2091
:10F6F00012FB07F2120A8DF81F2006EB0B0099F897
:10F70000222007990493FFF7AEFD049B0BF1010B38
:10F71000D845CEDC0CB1039A1444029A55441644E1
:10F720000133019A9A427FF775AF4FF0000BEFE774
:10F730003A46E0E70023F4E70321484609B0BDE874
:10F74000F04FFFF7B8BD0421F7E7436801938368E2
:10F750000293C3680393D0E9044390F8227090F8B1
:10F76000218006680493D0E9065A002F40F0B78044
:10F77000002C3AD1B8F1FC0F19D8029BA3427FF7B5
:10F7800049AFAB46002728E0D8F8000006F064FE39
:10F7900098F80320F119FFF757FD013708F1040825
:10F7A000019BBB42F0DC039B55441E440134029B89
:10F7B000A3427FF72FAFA8460027F1E7DBF8000050
:10F7C00006F04AFE9BF8032012FB08F2F119120A18
:10F7D000FFF73AFD01370BF1040B019BBB42EDDC57
:10F7E000039B55441E440134C7E7B8F1FC0F23D8EE
:10F7F000029BBB427FF70EAFA9464FF0000B37E0EC
:10F80000DBF8000006F028FE9BF8032014F808300F
:10F8100012FB03F206EB0801120AFFF715FD08F1CF
:10F8200001080BF1040B019B4345E9DC039B1E44DB
:10F83000049B55441C440137029BBB427FF7EAAE50
:10F84000AB464FF00008EEE7D9F8000006F004FEE2
:10F8500099F8032014F80B1012FB08F24A43120C1B
:10F8600006EB0B01FFF7F0FC0BF1010B09F10409AA
:10F87000019B5B45E8DC039B1E44049B55441C44F0
:10F880000137B5E755F8270013F827100790FCB9A2
:10F8900018FB01F10A0A8DF81F20F01999F82220AF
:10F8A00007990593FFF7DFFC059B0137019ABA42E0
:10F8B000E8DC0CB1049B1C44039B55441E440BF133
:10F8C000010B029B5B457FF7A5AE0027EB1CEDE724
:10F8D000E25D12FB01F208FB02F2120CDBE74FF0D3
:10F8E000000BEEE74368019383680293D0E9044379
:10F8F00090F8227090F821800568D0F80CA003934E
:10F90000D0E9066B002F40F084800CBBB8F1FC0FEF
:10F910000DD8029BA3427FF77DAE002711E0314650
:10F920002846019A07F0D1FF55445E440134029BFA
:10F93000A342F4DC6EE6F05DE9194246FFF784FC71
:10F940000137019BBB42F6DC55445E440134E0E7DD
:10F95000B8F1FC0F18D8029BBB427FF75BAE4FF0AB
:10F96000000925E014F8082016F8080005EB080146
:10F97000FFF76AFC08F10108019B4345F2DC039B99
:10F9800055445E441C440137029BBB427FF742AEA4
:10F990004FF00008F0E714F8092016F8090012FBF0
:10F9A00008F205EB0901120AFFF74EFC09F1010903
:10F9B000019B4B45EFDC039B55445E441C440137DF
:10F9C000C9E7F25D8DF81E208DF81D208DF81C20F2
:10F9D000ECB1E25D12FB08F2120A8DF81F20E81963
:10F9E00099F8222007990493FFF73DFC049B013707
:10F9F000019ABA42E5DC0CB1039A144455445E44C2
:10FA00000133029A9A427FF705AE0027F0E742469B
:10FA1000E3E70023F5E74368019383680293C36833
:10FA20000393D0E9044390F8227090F82180056890
:10FA30000493D0E9066A002F40F0AB80B4BBB8F164
:10FA4000FC0F17D8029BA3427FF7E4ADB346002713
:10FA500022E0E91918F8012C18F8020CFFF7F4FB62
:10FA60000137019BBB4208F10208F2DC039B5644BC
:10FA70001D440134029BA3427FF7CCADB046002762
:10FA8000EFE71BF8012C1BF8020C12FB08F2E91936
:10FA9000120AFFF7D9FB0137019BBB420BF1020BA6
:10FAA000EFDC039B56441D440134CBE7B8F1FC0F57
:10FAB00021D8029BBB427FF7ADADB1464FF0000BA2
:10FAC00032E014F808301BF8012C1BF8020C12FB72
:10FAD00003F205EB0801120AFFF7B6FB08F1010873
:10FAE000019B43450BF1020BEBDC039B1D44049B84
:10FAF00056441C440137029BBB427FF78BADB34693
:10FB00004FF00008ECE714F80B1019F8012C19F865
:10FB1000020C12FB01F208FB02F205EB0B01120CC6
:10FB2000FFF792FB0BF1010B019B5B4509F1020909
:10FB3000E9DC039B1D44049B56441C440137B8E791
:10FB400016F817308DF81E308DF81D308DF81C30EA
:10FB5000ECB1E35D13FB08F31B0A8DF81F30E819C5
:10FB600099F822200799FFF77EFB0137019BBB42E2
:10FB7000E6DC0CB1049B1C44039B56441D440BF172
:10FB8000010B029B5B457FF745AD0027EEE743463F
:10FB9000E3E74FF0000BF4E74368019383680293B7
:10FBA000C3680393D0E9044390F8228090F8217051
:10FBB00005680493D0E9066AB8F1000F40F0AC8004
:10FBC000002C38D1FC2F1AD8029BA3427FF722AD1C
:10FBD0004FF0000827E041463046FFF72CFB40423B
:10FBE00005EB08013A46C0B2FFF72EFB08F1010809
:10FBF000019B4345EFDC039B56441D440134029BAB
:10FC0000A3427FF707AD4FF00008F1E741463046C9
:10FC1000FFF711FB404205EB08013A46C0B2FFF77F
:10FC200013FB08F10108019B4345EFDC039B56449D
:10FC30001D440134C8E7FC2F1BD8029B43457FF7C6
:10FC4000E9AC4FF0000B2BE039463046FFF7F3FAF2
:10FC50004042E25DE919C0B2FFF7F6FA0137019BB5
:10FC6000BB42F1DC039B1D44049B56441C4408F139
:10FC70000108029B43457FF7CDAC0027EFE75946CB
:10FC80003046FFF7D8FA14F80B20404212FB07F277
:10FC900005EB0B01120AC0B2FFF7D6FA0BF1010B0C
:10FCA000019B5B45EBDC039B1D44049B56441C44B9
:10FCB00008F10108C1E741463046FFF7BCFA40426F
:10FCC000C0B28DF81D008DF81C001CB314F808306C
:10FCD00013FB07F31B0A8DF81E008DF81F3005EB90
:10FCE000080099F822200799FFF7BDFA08F10108EA
:10FCF000019B4345DFDC0CB1049B1C44039B564431
:10FD00001D440BF1010B029B5B457FF783AC4FF069
:10FD10000008EDE73B46DEE74FF0000BF3E7CB10C2
:10FD2000C943C05C01F00701084100F001007047C1
:10FD30002DE9F04FD0E9017387B0804680690193C7
:10FD400006F0ACFAD8E904530393D8F80C3098F8CD
:10FD50001B90D8F8004002930646002D40F0B18079
:10FD6000B9F1FC0F42D9791E21F00F01780049004A
:10FD700006EB0642A3EB4707019B9D4202DB07B05F
:10FD8000BDE8F08FA30704EB000C04EB010E18BFD5
:10FD900024F8026B234673451BD30EF11F031B1B74
:10FDA000A4F11F0823F01F03C64538BF00232344D6
:10FDB0001C46644517D30CF10104E41A24F0010435
:10FDC00003F1FF3EF44538BF00243C441C44013598
:10FDD000D2E7C3E90022C3E90222C3E90422C3E94E
:10FDE00006222033D7E724F8026BE2E723880133A9
:10FDF000CDE90353BB1E0593039B019A9342BEDAE0
:10FE000014F0030A07D021884A463046EAF7D4FFA7
:10FE10004FF0010A208004EB4A08D346059B5B455E
:10FE200014DC07F1FF38A8EB0A0828F00108574551
:10FE3000D8BF4FF00008D04404EB480AB84535DB82
:10FE4000029B1C44039B01330393D5E734F81B004A
:10FE5000B8F80210814213D001464A463046EAF70C
:10FE6000ABFF24F81B004A46B8F802103046EAF708
:10FE7000A3FFA8F802000BF1020B08F10408CDE77C
:10FE8000D8F80020049B9A4202D1C8F80050F2E74B
:10FE9000D8F8003004934A463046EAF78DFF24F83C
:10FEA0001B00A8F80200D8F80050E4E7BAF80010E8
:10FEB0004A463046EAF780FF08F101082AF8020BAB
:10FEC000BCE7B9F1FC0F4FF0000B2FD8019B9B450D
:10FED000BFF655AFA4F1020A4FF0000869E015F033
:10FEE000010807D02A7821883046EAF765FF4FF0ED
:10FEF000010820807A1E04EB480A05EB0803C1467E
:10FF00000492049A4A4515DCA7EB080323F0010389
:10FF1000B845C8BF0023984404EB4809B8452EDB18
:10FF2000029B1C44039B0BF1010B1D44019B9B4551
:10FF3000D5DB24E71A884FF6FF718A4209D124F8ED
:10FF40001960AAF8026009F102090AF1040A0233F1
:10FF5000D7E7002AF7D01A7834F8191005933046FD
:10FF6000EAF72AFF059B24F8190030465A78BAF8B8
:10FF70000210EAF721FF059BAAF80200E3E715F853
:10FF80000820B9F800103046EAF716FF08F101081A
:10FF900029F8020BC2E715F808203AF8021F12FBF5
:10FFA00009F2120A3046EAF707FF08F10108AAF839
:10FFB0000000B845EFDB029B1C44039B0BF1010BD7
:10FFC0001D4483E72DE9F04F90F82020063A87B0D2
:10FFD00081460F2A2DD8DFE812F09302ED042C00A1
:10FFE0002C002C002C002C002C002C003B01440188
:10FFF000420110002C002C00A10343680093836889
:0200000260009C
:100000000193C3680293D0E9044390F8225090F81A
:10001000218006680493D0E9067A002D40F016810D
:1000200064BBB8F1FC0F22D9009B5D00019BA34289
:1000300002DC07B0BDE8F08F394630462A4607F0AB
:1000400044FC029B57441E440134EFE73BF8021F77
:1000500037F815004246EAF7AFFE0135ABF800006D
:10006000009BAB42F2DC029B57441E440134019BCF
:10007000A342DEDDA6F1020B0025F1E7B8F1FC0F8B
:100080001CD8019BAB42D4DDA6F102094FF0000B56
:100090002BE014F808203BF8021F37F81800EAF7A5
:1000A0008BFE08F10108ABF80000009B4345F0DC33
:1000B000029B1E44049B57441C440135019BAB42E8
:1000C000B7DDA6F1020B4FF00008EEE714F80B20A5
:1000D00039F8021F37F81B0012FB08F2120AEAF780
:1000E0006BFE0BF1010BA9F80000009B5B45EDDCFA
:1000F000029B1E44049B57441C440135C1E799F8F8
:100100002220022A4ED0032A71D0012A91D1BBF8B5
:10011000001051B39BF801206878D20802EBD0029E
:1001200028881F2AC1F34511C0F345100844A8BF11
:100130001F22D2023F28A8BF3F2092B202EB4012FA
:1001400090B229789BF8002001F01F0102F01F02F5
:1001500011441F29D4BF40181F30298880B2002CB9
:100160006BD14246EAF728FE2880039B01330393B4
:100170000BF1020B0235009B039A9342BFDC029BFA
:1001800057441E440CB1049B1C44059B013305934A
:10019000059A019B93427FF74CAF0023BB4635463F
:1001A0000393E8E7BBF800100029DED09BF801209C
:1001B0006878D208C2EBD0022888C1F3451122EA40
:1001C000E272C0F34510401AD20220EAE07092B207
:1001D00002EB401290B229789BF8002001F01F0139
:1001E00002F01F02891A0029A8BF4018B5E7BBF822
:1001F00000104FF6FF729142B7D06A789BF8010069
:10020000D208C00812FB00F22888C1F34511C0F3E0
:10021000451010FB01F080115211400100EBC2208B
:100220009BF800102A7801F01F0102F01F0280B233
:1002300012FB01F200EB52108FE7039BE25CB8F176
:10024000FC0F9CBF12FB08F2120A8BE700239EE70B
:100250000321484607B0BDE8F04FE7F7B1BD0421E0
:10026000F7E74368009383680193C3680293D0E97A
:1002700006530393D0E9044390F8227090F821804C
:1002800006680493002F40F03981002C40D1B8F16A
:10029000FC0F1CD8019BA3427FF7CBAEA6F1020B4B
:1002A0002F464FF0000A2AE0FA783AF8021F384643
:1002B000E7F750FD08F10108AAF800000437009B99
:1002C0004345F1DC029B1E44039B01341D44019B0A
:1002D000A3427FF7AEAEA6F1020A2F464FF0000808
:1002E000EDE7FA783BF8021F12FB08F23846120AD3
:1002F000E7F730FD0AF1010AABF800000437009B74
:100300005345EEDC029B1E44039B01341D44C1E7B0
:10031000B8F1FC0F25D8019BBB427FF78AAEA6F14E
:100320000209AB464FF0000A39E014F808309AF899
:1003300003203BF8021F12FB03F25046120AE7F7B4
:1003400009FD08F10108ABF800000AF1040A009B5E
:100350004345EADC029B1E44039B1D44049B01377A
:100360001C44019BBB427FF764AEA6F1020BAA4678
:100370004FF00008EBE714F80A109BF8032012FB7B
:1003800001F208FB02F239F8021F5846120CE7F797
:10039000E1FC0AF1010AA9F800000BF1040B009B33
:1003A0005345E8DC029B1E44039B1D44049B01371C
:1003B0001C44B0E799F82220022A51D0032A70D0B9
:1003C000012A7FF436AE9AF80120B978D20802EB00
:1003D000D1021F2AA8BF1F22D002BAF800207978C4
:1003E000C2F3451202EB91023F2AA8BF3F2280B21E
:1003F00000EB42109AF80020397802F01F0280B218
:1004000002EBD1021F2AD4BF80181F30BAF80010A7
:1004100080B2002C65D1FA78B8F1FC0F9CBF18FBB4
:1004200002F2120AEAF7C8FC2AF8020B0BF1010BE0
:100430000437009B5B45BDDC029B1E44039B1D44AF
:100440000CB1049B1C44059B01330593059A019B49
:1004500093427FF7EEADB2462F464FF0000BE8E730
:10046000BA789AF80110D208C2EBD10222EAE272FD
:10047000D002BAF800207978C2F34512A2EB9102BB
:1004800022EAE27280B200EB42109AF8002039783A
:1004900002F01F0280B2A2EBD102002AA8BF80188E
:1004A000B4E7BA789AF801107878C908D20812FB34
:1004B00001F2BAF800108008C1F3451110FB01F0F9
:1004C00080115211400100EBC2209AF800103A78D6
:1004D00001F01F01D20880B212FB01F200EB5210B2
:1004E00094E7B8F1FC0F14F80B209FBF97F803C0F6
:1004F00012FB08F20CFB02F2120C93E70023A4E7B4
:100500004368009383680193C3680293D0E904436E
:1005100090F8227090F8218005680393D0E9066A6C
:10052000002F40F0F98074BBB8F1FC0F14D8019B88
:10053000A3427FF77EADA5F1020B00271BE0705CA4
:10054000E7F7CAFB25F811000131009B8B42F6DC6E
:10055000029B56441D440134019BA3427FF769ADC1
:100560000021F2E7F05D3BF8021F4246E7F7C0FBCF
:100570000137ABF80000009BBB42F3DC029B564402
:100580001D440134D3E7B8F1FC0F1DD8019BBB42D9
:100590007FF74FADA5F102094FF0000B2CE014F8E6
:1005A000082016F808003BF8021FE7F7A1FB08F146
:1005B0000108ABF80000009B4345F0DC029B1D44A2
:1005C000039B56441C440137019BBB427FF731AD6E
:1005D000A5F1020B4FF00008EDE714F80B2016F818
:1005E0000B0039F8021F12FB08F2120AE7F780FB32
:1005F0000BF1010BA9F80000009B5B45EDDC029BB1
:100600001D44039B56441C440137BFE799F8221050
:1006100016F82BC002294FEADC024FEA9C0C41D0AD
:10062000032958D001297FF404AD7878398802EB8A
:10063000D0001F28C1F345116144A8BF1F20C0028C
:100640003F29A8BF3F2180B200EB4110397801F06B
:100650001F0180B20A441F2AD4BF80181F3080B205
:10066000002C4FD1B8F1FC0F03D839884246EAF785
:10067000A3FB27F8020B0BF1010B009B5B45C5DCCC
:10068000029B56441D440CB1039B1C44049B013344
:100690000493049A019B93427FF7CBAC2F464FF013
:1006A000000BEAE778783988C2EBD00020EAE070E6
:1006B000C1F34511C002A1EB0C0121EAE17180B246
:1006C00000EB4110397801F01F0180B28A1A002A2C
:1006D000A8BF8018C3E738887978C0F34510C908E7
:1006E00010FB0CF011FB02F180114911400100EBED
:1006F000C120397801F01F0180B211FB02F200EB3A
:100700005210ACE714F80B203988B8F1FC0F9CBFED
:1007100012FB08F2120AAAE70023B9E74368009324
:1007200083680193C3680293D0E906530393D0E929
:10073000044390F8227090F8218006680493002FFB
:1007400040F03681002C46D1B8F1FC0F1FD8019B38
:10075000A3427FF76EAC2F46A6F1020B4FF0000AC2
:100760002EE017F8012C3AF8021F17F8020CE7F7F1
:10077000BFFA08F10108AAF80000009B434507F101
:100780000207EEDC029B1E44039B01341D44019BC7
:10079000A3427FF74EAC2F46A6F1020A4FF00008A5
:1007A000EBE717F8012C3BF8021F17F8020C12FBBD
:1007B00008F2120AE7F79CFA0AF1010AABF8000006
:1007C000009B534507F10207EBDC029B1E44039B91
:1007D00001341D44BBE7B8F1FC0F26D8019BBB4296
:1007E0007FF727ACAB46A6F102094FF0000A39E0CB
:1007F00014F808301AF8012C3BF8021F1AF8020C02
:1008000012FB03F2120AE7F773FA08F10108ABF8DA
:100810000000009B43450AF1020AE9DC029B1E44EA
:10082000039B1D44049B01371C44019BBB427FF783
:1008300000ACAA46A6F1020B4FF00008E9E714F855
:100840000A101BF8012C1BF8020C12FB01F208FB2A
:1008500002F239F8021F120CE7F74AFA0AF1010A0C
:10086000A9F80000009B53450BF1020BE7DC029B4B
:100870001E44039B1D44049B01371C44AEE799F8BA
:10088000221097F800C002294FEADC024FEA9C0CC4
:100890004BD0032965D001297FF4CBAB9AF8010036
:1008A000BAF8001002EBD0001F28C1F345116144D3
:1008B000A8BF1F20C0023F29A8BF3F2180B200EB84
:1008C00041109AF8001001F01F0180B20A441F2A5B
:1008D000D4BF80181F30BAF8001080B2002C5AD153
:1008E0007A78B8F1FC0F9CBF18FB02F2120AEAF703
:1008F00063FA2AF8020B0BF1010B0837009B5B45EA
:10090000BDDC029B1E44039B1D440CB1049B1C4494
:10091000059B01330593059A019B93427FF789ABB1
:10092000B2462F464FF0000BE8E79AF80100BAF8FC
:100930000010C2EBD00020EAE070C1F34511C00204
:10094000A1EB0C0121EAE17180B200EB41109AF8B1
:10095000001001F01F0180B28A1A002AA8BF801877
:10096000B9E7BAF800009AF80110C0F34510C908B9
:1009700010FB0CF011FB02F180114911400100EB5A
:10098000C1209AF8001001F01F0180B211FB02F2A1
:1009900000EB52109FE7B8F1FC0F14F80B209FBF3B
:1009A00097F801C012FB08F20CFB02F2120C9EE752
:1009B0000023AFE74368009383680193C368029301
:1009C000D0E9044390F8227090F8218005680393E1
:1009D000D0E9066A002F40F0F280002C38D1B8F13F
:1009E000FC0F19D8019BA3427FF723ABA5F1020BA3
:1009F000002725E039463046FFF791F94042C0B262
:100A0000E7F76AF925F817000137009BBB42F1DCD4
:100A1000029B56441D440134019BA3427FF709AB5E
:100A20000027F2E739463046FFF779F940423BF8B4
:100A3000021F4246C0B2E7F75BF90137ABF800008E
:100A4000009BBB42EEDC029B56441D440134C9E7C7
:100A5000B8F1FC0F21D8019BBB427FF7EAAAA5F1B0
:100A600002094FF0000B34E041463046FFF757F9DA
:100A7000404214F808203BF8021FC0B2E7F738F9EB
:100A800008F10108ABF80000009B4345ECDC029B39
:100A90001D44039B56441C440137019BBB427FF716
:100AA000C8AAA5F1020B4FF00008EDE75946304601
:100AB000FFF735F914F80B2039F8021F12FB08F282
:100AC0004042120AC0B2E7F713F90BF1010BA9F883
:100AD0000000009B5B45E9DC029B1D44039B5644E0
:100AE0001C440137B7E73046FFF719F999F822207F
:100AF0004042022AC0B231D0032A36D0012A7FF404
:100B000098AAE7F7E9F879884FF6FE720844904210
:100B100046DC80B2002C48D1B8F1FC0F03D87988AC
:100B20004246EAF749F927F8020F0BF1010B009B47
:100B30005B454FEA8B01D6DC029B56441D440CB149
:100B4000039B1C44049B01330493049A019B93422E
:100B50007FF76FAAAF1E4FF0000BE8E7E7F7BCF88E
:100B6000798881421FDD081AD3E7E7F7B5F879885D
:100B7000C0F3CF0CCA0A0CFB02F200F01F0E01F00A
:100B80001F0C0EFB0CFC4FEA6C1C4CEAC22CC0F391
:100B90008500C1F34512504380114CEA4010B8E77C
:100BA0004FF6FF70B6E70020B4E714F80B20798801
:100BB000B8F1FC0F9CBF12FB08F2120AB1E7002348
:100BC000C2E7CB10C943C05C01F00701084100F047
:100BD0000100704722B1FC2A03D908704870887060
:100BE000704710FB02F0D3430A78DBB202FB03022A
:100BF000120A0A704A7802FB0302120A4A708A78C3
:100C000002FB0300000AEAE730B53AB1FC2A037898
:100C100005D90B7043784B7083788B7030BD0D789D
:100C2000D443E4B213FB02F305FB04331B0A0B703D
:100C30004B78457813FB04F305FB02331B0A4B701A
:100C40008B78807813FB04F300FB02331B0AE4E784
:100C500030B585B0022A0191CCB2C1F30725C1F3AA
:100C6000074121D0032A30D0012A1BD10378234425
:100C7000FF2BA8BFFF238DF80C3043782B44FF2BAC
:100C8000A8BFFF238DF80D3083780B44FF2BA8BF3E
:100C9000FF23DBB201469DF807208DF80E3003A834
:100CA000FFF7B2FF05B030BD03781B1B23EAE373E7
:100CB0008DF80C3043785B1B23EAE3738DF80D301D
:100CC00083785B1A23EAE373E3E7037813FB04F307
:100CD0001B128DF80C30437813FB05F31B128DF8B3
:100CE0000D30837813FB01F31B0AD3E72DE9F04F96
:100CF000436890F821A005688BB04B43019383684B
:100D00000293C3680393D0E906630493D0E90443D4
:100D1000069390F82230074688469146002B40F013
:100D2000BA8064BBBAF1FC0F44D991420FD0029B48
:100D30009C420FDA32462B4617E031462846019A8C
:100D400006F0C3FD039B1D44049B01341E44029B1B
:100D50009C42F2DB0BB0BDE8F08F1178197051782E
:100D60005970917899704A4443440198591B8142C3
:100D7000F3DB039B1D44049B01341E44D7E7BAF107
:100D8000FC0F1F4630D8029B9F42E3DA631E3046B9
:100D90004FF0000B40E0E91958465246FFF734FF88
:100DA0004744CB44019B9F42F5DB039B1D44049BBE
:100DB00001341E44029B9C42CCDAB3460027F1E783
:100DC00005EB0A011BF8012F0590FFF71DFF0598A1
:100DD000C2444844019B9A45F2DB039B1D44049B9B
:100DE0001E44069B01371C44029B9F42B2DA04F169
:100DF000FF3B30464FF0000AECE713F8012F079352
:100E000012FB0AF205EB0B01120A0590FFF7FCFE3C
:100E10000598079BC3444844019A9345EDDB039B27
:100E20001D44049B1E44069B01371C44ABE79A7883
:100E30008DF826205A788DF825201A788DF82420F0
:100E40003CB314F80B2012FB0AF2120A8DF827208B
:100E500005EB0B0097F8222009990793FFF7F8FE9E
:100E6000079BC3444B44019A9345E0DB0CB1069BBE
:100E70001C44039B1D44049B1E44059B01330593A6
:100E8000059B029A9342BFF665AF33464FF0000BC5
:100E9000E9E75246DAE70023F1E72DE9F04FD0E920
:100EA000044387B0D0E901A790F81B90C66801936E
:100EB00080460D46002C76D1B9F1FC0F5AD9032992
:100EC00025D104680AEB4A0A2346D91C1B1B9A4504
:100ED00007DC04EB06080125BD4210DB07B0BDE8C6
:100EE000F08F98F8183001F8033C98F8193001F8A1
:100EF000023C98F81A3001F8013C0B46E5E7404601
:100F00005246214606F0E1FCB0440135E4E70429ED
:100F1000E4D1806905F0D0F9BAF1000FD8F80010DB
:100F20002AF00F02AAF10F0CB8BF0022BC42D5DA9A
:100F30000B46002510E043E9100043E90E0043E9A9
:100F40000C0043E90A0043E9080043E9060043E9CD
:100F5000040043E902001035AC4503F14003EADC2C
:100F60001346534502DB31440134DFE741F82300E7
:100F70000133F6E7806905F09FF9D8F800B00590D5
:100F800005FB0AFABC42A9DA4FF0000806E00BEBB9
:100F900008014A4605A8FFF737FEA844D045F6DB0E
:100FA000B3440134EEE701FB0AF3B9F1FC0F8069A9
:100FB00002931ED905F080F9D8F800A005904FF0F3
:100FC0000009B9458ADA04F1FF3B4FF0000807E059
:100FD0000AEB08011BF8012F05A8FFF715FEA8442E
:100FE000029B9845F4DB019BB2441C4409F10109C2
:100FF000E7E705F061F9D8F800B005904FF0000A76
:10100000BA45BFF66BAF631E4FF000080CE013F853
:10101000012F039312FB09F20BEB0801120A05A83A
:10102000FFF7F2FD039BA844029A9045EFDB019B7A
:10103000B3441C440AF1010AE2E72DE9F04F90F8AD
:1010400020308BB0063B044601910F2B00F2D0827A
:10105000DFE813F02702B403CE02CE02CE02CE02A6
:10106000CE02CE02CE024B01560154011000CE0238
:10107000CE02D902D0E901B30293C3680393D0E949
:1010800006530493D0E90463059390F8223090F856
:1010900021900768002B40F02381002E62D1B9F126
:1010A000FC0F30D840F63A0840F20D4A029BB3429A
:1010B00040F39E82394600244CE005EB42035B7806
:1010C000DB0843431B128B7035F81230C3F3451312
:1010D00063431B124B7015F8123003F01F03434398
:1010E0001B120B70019B013219449345E5DC039BF5
:1010F0001F44049B01361D44029BB34240F3788297
:1011000039460022F1E740F63A0040F20D44F3E799
:1011100005EB44034A465B78DB0808FB03F31B122C
:101120008DF8263035F81430C3F345130AFB03F36A
:101130001B128DF8253015F8143003F01F0308FB3F
:1011400003F31B1209A88DF82430FFF75DFD019B06
:1011500001341944A345DBDC039B1F44049B013687
:101160001D44A3E7B9F1FC0F1C463ED840F63A0AED
:10117000029BA34240F33C8239464FF0000861E0F5
:1011800005EB480316F808205B78DB0809FB03F33E
:101190001B128DF8263035F81830C3F345130AFBBF
:1011A00003F31B128DF8253015F8183003F01F03D8
:1011B00009FB03F31B1209A88DF82430FFF724FD67
:1011C000019B08F101081944C345D9DC039B1F4466
:1011D000049B1D44059B01341E44029BA34240F323
:1011E000078239464FF00008EEE740F63A0940F230
:1011F0000D4AF2E705EB480340F20D425B78DB084D
:101200000AFB03F31B128DF8263035F81830C3F3B0
:10121000451353431B128DF8253015F8183016F876
:10122000082003F01F030AFB03F312FB09F21B1251
:10123000120A09A88DF82430FFF7E6FC019B08F19B
:1012400001081944C345D5DC039B1F44049B1D447E
:10125000059B01341E448BE705EB480240F20D412B
:101260005278D2085A4312128DF8262035F81820E9
:10127000C2F345124A4312128DF8252015F81820A2
:1012800002F01F025A4312128DF8242036B316F8CA
:10129000082012FB09F2120A8DF82720099994F808
:1012A00022200690FFF7D4FC019B069808F1010864
:1012B000184440F63A03C345CEDC0EB1059A1644F5
:1012C000039A1744049A0AF1010A1544029A5245F6
:1012D00040F38E8138464FF00008ECE74A46DBE7E2
:1012E0004FF0000A40F63A03F0E703229DF804109D
:1012F00020460BB0BDE8F04FFFF7F8BC0422F5E73D
:101300004368029383680393C3680493D0E904534A
:10131000059390F8223090F821800768D0E906699B
:10132000002B40F0BC80002D38D1B8F1FC0F18D84C
:10133000039BAB4240F35C81B2463946002425E072
:1013400098F803204046FFF75FFC019B013408F149
:1013500004081944029BA342F2DC049B4E441F4440
:101360000135039BAB4240F34381B046394600242C
:10137000F0E79AF8032012FB08F25046120AFFF732
:1013800043FC019B01340AF1040A1944029BA34265
:10139000EFDC049B4E441F440135C9E7B8F1FC0F54
:1013A0001C4621D8039BA34240F32281B346394611
:1013B0004FF0000A33E015F808309AF8032012FBCA
:1013C00003F25046120AFFF71FFC019B08F10108C7
:1013D0000AF1040A1944029B4345ECDC049B1F44B8
:1013E000059B4E441D440134039BA34240F30081FE
:1013F000B24639464FF00008EDE715F80A309BF881
:10140000032012FB03F208FB02F25846120CFFF70E
:10141000FBFB019B0AF1010A0BF1040B1944029B2F
:101420005345EADC049B1F44059B4E441D44013494
:10143000B8E753F8030C1978099045BB18FB01F184
:101440000A0A8DF8272007EB0A0094F82220099950
:101450000793FFF7FDFB019B9A44079B0BF1010BE0
:101460000433029A5A45E4DC0DB1059B1D44049BEC
:101470001F44069B4E4401330693069A039B9342F6
:1014800040F3B6804FF0000BF31CDA46E9E715F89D
:101490000A2012FB01F208FB02F2120CD1E7002332
:1014A000EAE74368029383680393D0E90453049303
:1014B00090F8223090F821800768D0F80C90D0E99D
:1014C000066A002B40F09D8075BBB8F1FC0F15D863
:1014D000039BAB4240F38C80394600241DE012F898
:1014E000011F997059701178197001990B44029C71
:1014F00081188C42F3DC4F4456440135039BAB42C8
:1015000076DD721E3B46C6F10100F0E7305D4246D3
:10151000FFF760FB019B01341944029BA342F5DCF9
:101520004F4456440135D3E7B8F1FC0F1C4618D898
:10153000039BA3425CDD39464FF0000B25E015F814
:10154000082016F80800FFF745FB019B08F1010889
:101550001944029B4345F2DC049B4F4456441D440E
:101560000134039BA34243DD39464FF00008F0E706
:1015700015F80B2016F80B0012FB08F2120AFFF701
:1015800029FB019B0BF1010B1944029B5B45EFDC2E
:10159000049B4F4456441D440134C9E716F80B2000
:1015A0008DF826208DF825208DF824201DB3EA5CC7
:1015B00012FB08F2120A8DF82720F81894F822205E
:1015C00009990693FFF744FB019A069B0BF1010B67
:1015D0001344029A5A45E1DC0DB1049B1D44059B5E
:1015E0004F44564401330593059A039B934204DC10
:1015F0000BB0BDE8F08F4246DDE74FF0000B5B46D5
:10160000E7E70023EFE74368029383680393C36827
:101610000493D0E90453059390F8223090F8218088
:101620000768D0E90669002B40F0C680002D3CD148
:10163000B8F1FC0F1AD8039BAB42D9DD34463946CA
:101640004FF0000A27E014F8012C14F8020CFFF701
:10165000C1FA019B08F101081944029B434504F1BA
:101660000204F0DC049B4E441F440135039BAB4253
:10167000BEDD344639464FF00008EEE714F8012C81
:1016800014F8020C12FB08F2120AFFF7A3FA019BEE
:101690000AF1010A1944029B534504F10204EDDCEE
:1016A000049B4E441F440135C5E7B8F1FC0F1C46AE
:1016B00021D8039BA3429BDDB34639464FF0000A75
:1016C00033E015F808301AF8012C1AF8020C12FB56
:1016D00003F2120AFFF77EFA019B08F10108194490
:1016E000029B43450AF1020AEBDC049B1F44059B65
:1016F0004E441D440134039BA3427FF779AFB246A9
:1017000039464FF00008EBE715F80A301BF8012CBA
:101710001BF8020C12FB03F208FB02F2120CFFF79B
:1017200059FA019B0AF1010A1944029B53450BF136
:10173000020BE9DC049B1F44059B4E441D4401340D
:10174000B7E713F8011C18788DF8261065BB10FB5D
:1017500008F0020A8DF827208DF824108DF8251046
:1017600007EB0A0094F8222009990793FFF770FA13
:10177000019B9A44079B0BF1010B0233029A5A45D5
:10178000DFDC0DB1059B1D44049B1F44069B4E44AA
:1017900001330693069A039B93427FF729AF4FF0DC
:1017A000000B731CDA46E9E715F80A2012FB00F279
:1017B00008FB02F2120CCDE70023EAE7436802932C
:1017C00083680393C3680493D0E90453059390F8A6
:1017D000223090F821800668D0E9067A002B40F08C
:1017E000B880002D38D1B8F1FC0F19D8039BAB425B
:1017F0007FF7FEAEB146002426E021463846FFF7CB
:10180000E0F9019B4042C0B29070507010700134FA
:101810001A44029BA342F0DC049B57441E4401354A
:10182000039BAB427FF7E4AE32460024F1E721464A
:101830003846FFF7C6F9404249464246C0B2FFF774
:10184000C9F9019B01349944029BA342EFDC049B3C
:1018500057441E440135C9E7B8F1FC0F1C461FD898
:10186000039BA3427FF7C4AEB1464FF0000B31E0BB
:1018700049463846FFF7A5F9404215F80920414688
:10188000C0B2FFF7A7F9019B09F101099844029B37
:101890004B45EDDC049B1E44059B57441D4401341D
:1018A000039BA3427FF7A4AEB0464FF00009EEE7DA
:1018B00059463846FFF785F915F80B20404212FBD0
:1018C00008F24946120AC0B2FFF784F9019B0BF1F6
:1018D000010B9944029B5B45EADC049B1E44059B7B
:1018E00057441D440134BBE749463846FFF769F9C0
:1018F0004042C0B28DF825008DF824003DB315F8A4
:10190000092012FB08F2120A8DF827208DF8260014
:1019100094F8222009990698FFF79AF9069B019AF4
:10192000134409F101090693029B4B45DCDC0DB120
:10193000059B1D44049B57441E440BF1010B039B64
:101940005B457FF755AE06964FF00009ECE742463F
:10195000DAE74FF0000BF2E7F0B5154685B0064622
:101960000F460A46684629461C4604F096F890B190
:101970006968019A009B2D683F68521A0A995D1B9D
:10198000684601FB0255DF1B04F0D4FBE319711913
:101990001844834201D105B0F0BD1A7811F8014B0B
:1019A0002244FF2A28BFFF2203F8012BF1E72DE98B
:1019B000F84356081F46A1EB52059046814605F0B4
:1019C000F0F900FB05F44846E9F766FAE411002C4B
:1019D000D4BF8034803C05FB00F06FEA0802CCBF26
:1019E000C6EB2423C6EB24234FEAE010D8BF06EB56
:1019F000242402F00102C6BF9B1806EB2424A41A7B
:101A00000028CCBF803880303B60CDBFC6EB2023A0
:101A1000C6EB202306EB20269B18CCBF06EB202626
:101A2000B61ABC607B60FE60BDE8F8832DE9F04F1C
:101A300091F83C30ADF50B7D022B05900C4641D959
:101A40000D6A002D3ED0D1E9091399423AD00FCA50
:101A50000AAF87E80F00059BB4F834809A680EAE91
:101A60003946304604F019F8039058B3A36B454546
:101A7000D4E909A9A8BF454643BB0AF5B4734B4551
:101A800003D009F5B473534520D167A8FAF7C3FA18
:101A900094F83C308DF8C431E369ADF8BC311B0CCF
:101AA0008DF8BE3147F6FF736E939DF8C5310598EA
:101AB00070950F2262F3040367A93A468DF8C53189
:101AC00000F09FF90DF50B7DBDE8F08FD7E901120D
:101AD000236A3868D21A1492FA6818441944D31A3F
:101AE000129013911593BAF5B47F80F2B380B9F5D3
:101AF000B47F80F2B2801022002116A808F05BFDAE
:101B00000DF5CE78CDF80090D4E90B12404653463F
:101B1000E7F708F8CDF858800DF1B808002347F62C
:101B2000FF7239464046E7F74BF812A8CDF85C80C3
:101B300004F000FB002800F3938000230393304659
:101B400004F0FDFA0690304604F0F4FA8046E9F716
:101B5000FDFE074696E80F000DF1680B8BE80F00BD
:101B6000002128224AA808F026FDA16B94F83C30F9
:101B70004F978DF83831CDF824B1CDF844B1002914
:101B80007ED1A28BA37FADF839218DF83B310023A4
:101B900094F83D60049316F001063AD005FB05FB6E
:101BA0005846E9F7D3FE5A46FF21064605F083FF63
:101BB0006A1E0DF5807BCDE92C2205EBD572002342
:101BC000584652102AA9CDE92A33E6F7F9FF002337
:101BD000CDF820B00993B346AB42C0F289805FFADA
:101BE00085FB22ABA18E5A460FFA8AF0FFF7DFFE83
:101BF000D4E90B1222A803F043FFA18E5A460FFA34
:101C000089F026ABFFF7D3FED4E90B1226A803F028
:101C100037FF1B9B4FF000091D93069B994579DB0D
:101C200067A802F050FD2EA802F04DFD039B13B1F2
:101C300037A802F048FD3846E9F7A2FEA36B13B1BE
:101C400054A8FAF778FC002E3FF43CAF3046E9F791
:101C500097FE37E7AAF5B47A45E7A9F5B47946E7E0
:101C600012A804F06CFA00287FF767AF37AF0123A2
:101C700047F6FF7212A93846E6F7A2FF18975EE70B
:101C8000002254A8E5F706FE00283FF47AAF5F9BD8
:101C9000002B3FF476AF1EAE0022C6E900229A88E0
:101CA000013AB260DA88013AF260D4E90B129B88FB
:101CB0003046A2EB5302A1EB530103F0E1FE5F9A21
:101CC0004D96D2F810B01389CDF828B14B935278C5
:101CD000142A02D08DF8302159E71222304604939D
:101CE0008DF8302104F02BFA049B03FB00B34FE77F
:101CF00059460095002208A8079302F0C8FC079BEC
:101D0000014620B92A46584605F0D5FE079BAB444C
:101D1000013361E74246FF21384605F0CCFEDDE99C
:101D20001A233946CDF8008016A802F0B0FC94F8CA
:101D30003D308DF84001DB0701462DD51B9B239AD2
:101D4000934211DB259A93420EDC30B94246384665
:101D500005F0B1FE02238DF8403100953B4622AAE2
:101D60001AA93046FFF7F8FD1B9B279A934213DB15
:101D7000299A934210DC9DF8401131B94246384609
:101D800005F099FE02238DF8403100953B4626AAC6
:101D90001AA93046FFF7E0FD049BEBB19DF84031F6
:101DA000D3B14D9B1B9A58681B68A2EB000C1A9A82
:101DB0004B98D31A4008049A00FB0C33791E134445
:101DC000C7F101004218904512DC9DF84031012B0B
:101DD00004BF02238DF84031059849A9E5F734FE88
:101DE0001B9B01331B931D9B09F10109013313E771
:101DF00013F801CB11F8012F12FB0CF212120A702A
:101E0000E0E72DE9F04F91F82830022BB9B00546F4
:101E10000F46144640F2AD804B6A002B00F0A980BB
:101E200091F82930DA0600F0A480204604F082F907
:101E30000646204604F083F98642FB6997F828801D
:101E400097F82290A8BF064670109842A8BF18467F
:101E500097F829307E6A834613F0040FD4E900E036
:101E600003F01F010ABF0BEB060333465B427344CA
:101E70000B93D4E902C20B0756BF0BEB06033346A4
:101E80005B42ACEB03030D938B0756BF0BEB0603D2
:101E900033465B4203440C93CB0756BF0BEB060360
:101EA00033465B42D21A97F82030039397F82130DB
:101EB0000E92ABEB06060293BBF1000F5CD1002E35
:101EC0005ADC59462C222DA805F0F5FD24AB2D93A4
:101ED000039BD4F804B08DF8C9308DF8CB90029BE9
:101EE000DDF83090A6688DF8CA300B9B2768029306
:101EF00009F1FF310D9B8DF8C880CB45CDE925B6A2
:101F0000D4F80CA0DDF8388003932497279103DCE4
:101F10002DA92846E5F798FD0E9901312591C24576
:101F2000E168279103DB2DA92846E5F78DFDCB4518
:101F3000D4BF0C9B63682593C245ACBF0E9BE3687E
:101F40002168249127930B99029B01399F42269186
:101F500003DC2DA92846E5F777FD0D9B013324937B
:101F6000A3682693039B9E4203DB2DA92846E5F731
:101F70006BFD39B0BDE8F08FAA6821460FA803F0C9
:101F80008CFD06900028F4D00FA804F0D3F82C2282
:101F9000002107902DA805F08EFD0798E9F7D6FCE3
:101FA00000273390824601231BA826EAE6720BA97C
:101FB000CDE908770A97E6F703FE1BA8BB45089012
:101FC00007DD24AE3B465A4621463046E6F7F8FD8B
:101FD000099613AB2D933593039B8DF8C930029B63
:101FE0008DF8CA3023680B9A8DF8CB905B449342EE
:101FF000ACBF17931792A3680D9A8DF8C880A3EB16
:102000000B039342D4BF1993199263680C9A5B44F3
:102010009342ACBF18931892E3680E9AA3EB0B039C
:1020200017A89342D4BF1A931A9204F083F86368F6
:10203000D4F80090DDF82C8002930C9B0393A368E6
:102040000493C1450D9BE6680E9F059362DCDDE9B4
:10205000043293425EDBDDE9023293424FF001032A
:102060008DF8D03041DDBE420CDB179B1393199BDA
:1020700015930E9B013314932DA9E36816932846FC
:10208000E5F7E2FC0B9B0D9A93424BDBC14557DC15
:10209000DDE904218A4247DB23681393A368159383
:1020A000189B14932DA91A9B16932846E5F7CCFC90
:1020B00006990F9B119A139300297AD163680C9F9C
:1020C0001592FF1A5F45B8BF5F46884647453EDC1C
:1020D0001BA802F0F8FABBF1000F02DD24A802F001
:1020E000F2FA5046E9F74CFC43E7BE4201DB3128E7
:1020F0000DDD179B1393199B1593029B1493039B60
:102100002DA9013B28461693E5F79EFCABE700237B
:102110000693B7E701238DF8D030DDE90232934210
:10212000E7DDA0E7C1450BDC013B1593189B226856
:1021300014932DA91A9B139228461693E5F784FC55
:10214000DDE904329342B3DB0D9B0133A5E76368FD
:10215000E66808EB0309109B9945A6EB080602DA2E
:10216000129B9E4222DC079AFF21504605F0A3FCF9
:10217000079B0093139A4B46514608A802F087FA32
:10218000109B8DF8D000994507DB2DA92846CDF886
:102190005090CDF85890E5F757FC129B9E4205DC15
:1021A0002DA9284614961696E5F74EFC08F101086D
:1021B0008CE7179B13A8013B9342D4BF159315924C
:1021C00003F0B8FF041E34DC199B0F9A01339342CD
:1021D000ACBF1393139213A8119B159303F0AAFF9E
:1021E000041E7FF775AFDDE90432934267DADDE95B
:1021F0000232934263DDBE42FFF66AAF1A9E129B23
:1022000001369E423FF764AF22465046FF211496A6
:10221000169605F050FC5146139A0094334608A8D0
:1022200002F035FA2DA98DF8D0002846E5F70CFC10
:10223000E5E7C14524DDDDE90232934220DDBE42FF
:10224000C2DB1A9B03F10108129B9845BCDC2246B5
:10225000FF215046CDF85080CDF8588005F02BFC7A
:102260004346139A0094514608A802F010FA2DA98B
:102270008DF8D0002846E5F7E7FB08F10108E3E711
:10228000109B189A934202DBC145DADDD7E722465C
:10229000FF21504614931693069305F00CFC069B01
:1022A000139A0094514608A802F0F1F92DA98DF86F
:1022B000D0002846E5F7C8FB069B0133E1E7DDF8CF
:1022C0004080189B984504DBDDE90432934295DA9F
:1022D00091E72246FF215046CDF85080CDF8588036
:1022E00005F0E9FB4346139A0094514608A802F012
:1022F000CEF92DA98DF8D0002846E5F7A5FB08F109
:102300000108DEE72DE9F04F450089B04FEA610A88
:10231000CB0704462846904654BF0AF1FF3BD346FC
:102320000F46E9F713FBAB1E6FF0010201930BFBA5
:1023300002224FEA4A0302930646C1460023039253
:10234000A34225DB04FB04F0424608EB4000434671
:102350004FF47F5CBCFBF7FC834244D16B420AFB29
:1023600003F30793631E05FB038306930BF101033D
:1023700002930BFB05530593AB1903934FF0000C2D
:10238000A4453CDB304609B0BDE8F04FE9F7F8BAA8
:10239000019A029839F8021000EB090C039879436E
:1023A000621E484426F8121002EB0A0E7445CCBF98
:1023B0003CF812E04FF0000EA1EB0E0EA2EB0B0169
:1023C0000029D4BFB9F8001030F81210013A714456
:1023D000E8D248462A463146049305F076FA049B33
:1023E000A9440133ACE7198839B1B1F57F5F0EBF5D
:1023F000A3F800C091FBF7F119800233ACE707990D
:1024000013885118049105997B43002002EB0109C0
:102410009646019390460146019B002BACBFC3F347
:102420008F1B4FF0000B26F811B0A1EB0A0BBBF18C
:10243000000FCABF049BB8F800B033F800B0019B8E
:10244000A3EB0B0B029B0B449C42D6BF069B39F8B7
:10245000003033F81C3001315B448C420193A844B6
:102460002844D9D1334633F8021BAEF80010039943
:102470008B42AE44F7D10CF1010C023280E72DE91A
:10248000F04FB9B00D46D1E90A31144602901068F8
:1024900092686668E768084411442A6B16443A4417
:1024A0001944C01AF61A1A446B6A0C9003EBD373E2
:1024B0005B105B42184401380E910F921090D21AB3
:1024C000C81AF11895F834300D96FE2B28BFFF235B
:1024D0000793029B0130013901321290119113923E
:1024E00010A99A6814A803F0D8FA002800F03183E4
:1024F00023681893636819934FF0FF32A3681A9307
:102500001146E3681B9318A803F0ADFA18A8EC690C
:1025100003F010FE064618A803F011FE864218A824
:1025200066DA03F007FE4010A0420346A8BF234628
:102530000CA80393EC6903F0FDFD06460CA803F01C
:10254000FEFD86420CA856DA03F0F4FD4710A742C0
:10255000A8BF27466C6A3C4404FB04F04000E9F73E
:10256000F5F96E6A0C9B24930F9B279306EBD673A9
:102570005A1066F0010907EB6303994406F0010164
:10258000013204900CA806912592CDF8989003F0A2
:10259000D1FDA9EB000024900CA8DDF8949003F085
:1025A000CEFD484406EB0708002327903A4624A9AD
:1025B0002DA8E6F705FB012E404618BF7610E9F777
:1025C000C5F94FEA4803DDF810A0059381464FF0A6
:1025D000000BD84512DC4846E9F7D2F92DA802F0E5
:1025E00072F8012E08FB08F740F0B682002341E0A4
:1025F00003F0A5FD97E703F0A2FDA7E74246FF2100
:10260000484605F058FA2DAB009300212D9F434614
:102610005A464846B847014640B9059A504605F023
:102620004AFA059B0BF1010B9A44D2E799F8003066
:1026300052469B0193FBF6F322F8023B059B494669
:1026400003EB0A009042ECD00F4611F8013F3F78AF
:102650009F4217BF9B0132F8023C93FBF6F39BB2FB
:1026600022F8023BEEE7049A049932F8132092090B
:10267000CA540133BB42F6D195F83570002317F0E8
:102680000107CDE90A3307D124AE039A012318A923
:102690003046E6F795FA0A9610A803F04BFDE9F7E5
:1026A00055F92C22064600212DA805F004FA95F8CC
:1026B00022302A8C8DF8CB301CA995F83430DDF807
:1026C00040802D9110A83591ADF8C9208DF8C83003
:1026D000339603F02FFD00EBD07008EB600310A8D9
:1026E000DDF84480089303F02AFD00EBD07008EB7E
:1026F0006003129A0593119B1E92121B08991D9359
:10270000013223448A42ACBF1C921C91013B059AC2
:102710009342D4BF1F931F92029B1CA99A6820A8C2
:1027200003F0BBF9002840F04682129A1E92121B59
:10273000139B08991F9301328A42ACBF1C921C91D3
:10274000059A1B1B013201339342ACBF1D931D92AE
:10275000029B06921CA99A6820A803F09EF9002803
:1027600035D0039A18A920A803F053FA78BB20A803
:1027700003F0E0FCDDF87CB0239BDDF88080DDF821
:102780004890824637B1039A099318A920A803F00C
:10279000F1FA099BBAF1000F19DDA9EB040909F15F
:1027A0000109A8EB0908ABEB030B049BDDF88C9047
:1027B000339604FB0B889844209B1C93229B1E930A
:1027C00002238DF8D030219B4B4540F35182109B62
:1027D000059A23441C93129B1B1B1E93119B1D9354
:1027E0002344013B9342D4BF1F931F92029B1CA919
:1027F0009A6820A803F051F9F8B1039A18A920A803
:1028000003F007FA8046C0B920A803F093FCDDF876
:1028100084901D9B8246002F00F08682039A0993C4
:1028200018A920A803F0A6FA099B8346002800F007
:102830004382BAF1000F00F3448295F834308DF8EA
:10284000C830109B069A23441C93129B1B1B1E939B
:10285000139B1F931B1B01339342ACBF1D931D920F
:10286000029B1CA99A6820A803F017F948B3039AA1
:1028700018A920A803F0CDF9814610BB20A803F0C9
:1028800059FCB0F1000B1CDDDDF87C80DDF88CA07C
:10289000002F00F05982039A18A920A803F06AFAC1
:1028A0004B46049A3393209B1C93A8EB0A08229B67
:1028B000DDF88C901E9304FB0828219B4B4540F3C8
:1028C000458295F834308DF8C830129B1E93DDE9AF
:1028D00005501A1B119B13992344AB42C8BF0346F2
:1028E00001321D93089B9A42ACBF1C921C93029B21
:1028F000091BA942ACBF1F911F959A681CA920A86B
:1029000003F0CBF868B3039A18A920A803F081F963
:1029100038BB20A803F00EFC129B209D1B1B01332B
:10292000ED1A631E04FB0355049B80461D44002FD3
:1029300000F03F82039A18A920A803F01BFA2B4647
:10294000B8F1000F33930CDD209B1C93229B1E9348
:10295000DDF8849002238DF8D030239B4B4580F224
:102960002A82049B6510013B0021A142C0F24382F0
:10297000DDE90550119A109B1C932244AA42C8BF5E
:1029800002461D92089A13992344013B02F1FF3934
:102990004B45D4BF1E93CDF87890029B091BA942EA
:1029A000ACBF1F911F959A681CA920A803F075F869
:1029B000002840F03282109A119B1C922244013A66
:1029C0001D932344013B4A45D4BF1E92CDF8789015
:1029D000059A9342D4BF1F931F92029B1CA99A6829
:1029E00020A803F05AF8002830D0039A18A920A88C
:1029F00003F00FF950BB20A803F09CFBDDF884A086
:102A00001D9B209DDDF870B0804637B1039A079377
:102A100018A920A803F0AEF9079B3396B8F1000F70
:102A200014DDAAEB030AA5EB0B05049B04FB0A5576
:102A30001D44209B1C93229B1E93DDF884A002233F
:102A40008DF8D030239B534580F23782109B139A28
:102A50001C932344013B1F924B45D4BF1E93CDF8DA
:102A60007890121B029B069901328A42ACBF1D92DC
:102A70001D9120A89A681CA903F00FF878B3039A57
:102A800018A920A803F0C5F848BB20A803F052FB02
:102A9000DDF87C90DDF88CB0209DDDF870A08046DC
:102AA00027B1039A18A920A803F064F9B8F1000F20
:102AB000339614DD049BA9EB0B09A5EB0A0504FB77
:102AC00009551D44209B1C93229B1E93DDF88C907E
:102AD00002238DF8D030219B4B4540F31182109B8F
:102AE000139A339623441C93129B1B1BDDE90501AB
:102AF0001E93119B23448342C8BF0B461D93029B28
:102B0000121B8242ACBF1F921F901CA99A6820A87A
:102B100002F0C3FF98B1039A18A920A803F079F82E
:102B200068B920A803F006FB051E08DD209B1C9356
:102B3000219C229B1E93239BA34280F2048217B9FF
:102B400024A801F0C0FD0498E8F71AFF3046E8F722
:102B500017FF39B0BDE8F08F3146049A4046FFF7C1
:102B6000D1FB0699314401290CDD049A02EB47069A
:102B70004FF47F5090FBF1F0B2420ED1049A4046E0
:102B8000FFF7C0FB0023BB423FF476AD049A0499E3
:102B900032F81320CA540133F5E732F8023B002B18
:102BA000EAD0FF2B17BF9B0122F8020C93FBF1F335
:102BB00022F8023CE0E7039A18A920A803F029F8BC
:102BC00000287FF4B2AD20A803F0B4FADDF884B099
:102BD000119BDDF88080DDF84890824637B1039A7A
:102BE000069318A920A803F0C5F8069BBAF1000FB8
:102BF0007FF79BADA9EB040909F10109A8EB0908CE
:102C0000ABEB030B049BDDF88490339604FB0B883D
:102C10009844209B1C93229B1E9302238DF8D03056
:102C2000239B4B45FFF681ADCDF87490CDF87C9099
:102C3000DFB922464146304604F047FE4B46209A13
:102C4000CDF800A031460AA801F021FD01280ABFF5
:102C500002238DF8D0008DF8D03002982DA9E4F72A
:102C6000F3FEA04409F10109DAE7CDF8CC80F4E7DE
:102C7000CDF87490CDF87C90DFB9224641463046BD
:102C800004F023FE4B46209ACDF800A031460AA856
:102C900001F0FDFC01280ABF02238DF8D0008DF859
:102CA000D03002982DA9E4F7CFFEA04409F1FF39F6
:102CB00089E5CDF8CC80F4E7BAF1000F7FF7BDAD20
:102CC000BB46A9EB0309049BCDF8CC8004FB093972
:102CD000209B1C93DDF88480229B1E93239B4345FD
:102CE000FFF6ABADCDF87480CDF87C8099F800107C
:102CF000BBF1000F1DD15246304604F0DCFE209A95
:102D0000CDF800A0434631460AA801F0C0FC0128D6
:102D100008BF02208DF8D00002982DA9E4F794FE98
:102D2000A14408F10108D9E700287FF786ADB04635
:102D3000C6E7079BFF2B1EBF95F8343013FB01F14C
:102D4000090A8DF8C810E7E73346AAE5CDF8749074
:102D5000CDF87C90D7B998F800105A46304604F068
:102D6000AAFE209ACDF800B04B4631460AA801F0E1
:102D70008EFC012808BF02208DF8D00002982DA9F2
:102D8000E4F762FEA04409F1FF3996E5039A18A919
:102D900020A802F0EFFF079BFF2B18BF95F8342007
:102DA00098F800301CBF13FB02F31B0A8DF8C830E3
:102DB000E4E73346C4E5CDF87490CDF87C909FB934
:102DC00042462946304604F080FD4B46209ACDF815
:102DD000008031460AA801F05AFC01280ABF0223EC
:102DE0008DF8D0008DF8D03002982DA9E4F72CFE94
:102DF00009F10109B1E518190246A0EB020C65457D
:102E000002DC01310346B0E513F801CF92F800E08F
:102E100083F800E002F801C9EFE7039A18A920A897
:102E200002F0F7FE00287FF4C6AD20A803F082F977
:102E30001C9B209DED1A631E04FB0355049B8046DA
:102E40001D44002F37D0039A18A920A802F092FF42
:102E50002B46B8F1000F33937FF7ADAD209B1C9349
:102E6000229B1E93DDF884A002238DF8D030239B93
:102E70005345FFF6A0ADCDF874A0CDF87CA09FB966
:102E800042462946304604F020FD5346209ACDF8AC
:102E9000008031460AA801F0FAFB01280ABF02238C
:102EA0008DF8D0008DF8D03002982DA9E4F7CCFD34
:102EB0000AF1010ADBE73346CBE7CDF874A0CDF881
:102EC0007CA0DFB922462946304604F0FEFC53467A
:102ED000209ACDF8008031460AA801F0D8FB0128DD
:102EE0000ABF02238DF8D0008DF8D03002982DA9AA
:102EF000E4F7AAFD25440AF1010AA3E53395F5E7B5
:102F0000CDF87490CDF87C90DFB922462946304642
:102F100004F0DBFC4B46209ACDF8008031460AA82D
:102F200001F0B5FB01280ABF02238DF8D0008DF80F
:102F3000D03002982DA9E4F787FD254409F1FF3927
:102F4000C9E53395F5E72A46FF2130461D941F94C5
:102F500004F0B1FD2346209A009531460AA801F0FD
:102F600096FB2DA98DF8D0000298E4F76DFD013491
:102F7000E1E50B79063B012B0ED8CB6C9A6B9AB925
:102F8000DA6B8AB993F821209B6E1BB10E2A0BD005
:102F9000142A09D02F2A07D891F85130632B84BF07
:102FA00046F20143A1F850300020704770B50E463C
:102FB000016A0546002971D101223046E3F700FE7F
:102FC000044610B94FF0FF3070BD3046E3F750FEB5
:102FD0000028F7D00223A36404F138036E60AB60CD
:102FE0002C622379013B0A2B0DD8DFE803F006158C
:102FF0001C232A31493F38445000E16C04F1080297
:10300000284600F04DF82B6A03229A6400232B62B5
:10301000E3F7CEFD0120D7E7E16C04F10802284672
:10302000FEF7EFFEEFE7E16C04F108022846FFF738
:1030300026FAE8E7E16C04F108022846E5F788F98A
:10304000E1E7E16C04F108022846E5F7B7F9DAE7B1
:10305000E16C04F108022846E5F7D2F8D3E7E16C09
:1030600004F108022846FEF7E1FCCCE7E16C2846B3
:10307000E5F7AEF9C7E7E16C284601F066FEC2E766
:10308000E16C04F10802284600F098FDBBE7E16C12
:1030900004F10802284601F050FBB4E7002093E752
:1030A0002DE9F04F91F82030ADB0022B04900C4682
:1030B0003BD913680C9353680D930CAE93680E9331
:1030C0003146D36882680F9310A802F0E6FC0290A4
:1030D00058B394F82F502C22C5F30303002115F0A8
:1030E0000F0521A803BF94F8219094F8228094F84A
:1030F000237094F824901CBF94F8258094F82670CF
:10310000079307F058FAE36994F820A08DF8999096
:103110008DF89A808DF89B7053B94DB9049821961B
:1031200021A98DF898A0E4F78FFC2DB0BDE8F08FB1
:10313000BAF1FD0F304628BF4FF0FF0A02F0FAFF48
:103140008046304602F0FBFF8045E2694346A8BF57
:1031500003465B109342A8BF1346814610A805930F
:1031600002F0E8FF059B03904FF0000B5B45CDE9B3
:103170000ABB38DDE8F7EAFB059A07465B4618A864
:103180003146E5F71DFD18A80A90109B1493129B79
:1031900016930DF1500BFF234A46414604F12400DB
:1031A0002797CDF884B0CDF8A4B08DF8983000F012
:1031B000DAF9064600284BD0012D4CD90C9A109B09
:1031C000CDF894B09B1A026803EB43010A442292A3
:1031D00094F82E1000222734914206D84FF0000BAD
:1031E0004FF000080EE05F46CFE702EB8200205C64
:1031F000FF2840F02D810132EEE77268DDF808B05B
:1032000002EB03080F238DF890304FF00009059A68
:103210000D9C0F9B914522DB14449B1A002D40F01E
:10322000D0800498159421A917938DF898A027951C
:10323000E4F70AFC2FB13846E8F7A2FB18A801F022
:1032400042FA002E3FF471AF304600F0C8F96CE747
:1032500080468346D9E74FF0000BD846D5E7A3EB6D
:1032600009030693119B4C44A34204DD139B069A69
:103270009342C0F29280039A5146384604F01BFCF8
:10328000039B0093149A234639460AA801F0FFF9DC
:10329000119B012808BF0220A3428DF8A0005DDC2D
:1032A000012D1594179404D0022D13D000231A4633
:1032B00015E00D9B3168E31A03EB430288188A5A24
:1032C000ADF8992082788DF89B207268D35C8DF8D8
:1032D0009830EBE7B8F1000F3ED1029B42460498CC
:1032E00021A9CDE90823E4F7AFFBDDE90823139911
:1032F0000698814251DB012D1590179031D0022D97
:1033000043D0002A45D0022D3DD9039A5146384674
:1033100004F0D1FB039B0093149A234639460AA874
:1033200001F0B5F901280ABF02238DF8A0008DF83D
:10333000A03028E018F80310FC299FBFFA5C12FBAC
:1033400001F21212FA540133039A9342F2DB022380
:103350008DF8A030029BAAE70023F5E700231A4668
:10336000C5E706990D9B3068CB1A03EB430144185F
:10337000415AADF89910A1788DF89B107168CB5C1B
:103380008DF898302AB1002314E013B9B8F1000F7A
:10339000F9D1049821A9E4F757FB09F1010936E7AF
:1033A00018F80310FC299FBFFA5C12FB01F21212FD
:1033B000FA540133039A9342F2DB02238DF8A030D2
:1033C000E7E7022D8DF898A036D031D905F10D022E
:1033D00002F00F02022A36D9119A9442B8BF14465D
:1033E000139A9342A8BF134699464C453FF722AF24
:1033F000012D1594179415D10D9B3168E31A03EB39
:10340000430288188A5AADF8992082788DF89B205B
:103410007268D35CBAF1FC0F9CBF13FB0AF31B125A
:103420008DF89830049821A9E4F70EFB0134DCE70D
:1034300001228DF8A020CFE79DF81C208DF8A02058
:10344000CDF89C80C8E70BF1010B8DF8A0B0F7E731
:10345000022D3FF4D2AEDDF808B0C1E62DE9F0410F
:103460001D4603794B43B2EB232F0F460ADC8378CA
:10347000017842786A702970AB70C378069A13702D
:10348000BDE8F081847A04EB8403034413F8011C43
:103490007943B2EB212F54DA012C62D9437A7B4372
:1034A000B2EB232FD4BF0123002303EB8303C61801
:1034B000C35C16F8014C317916F8030C7C43794350
:1034C000A2EB24220912C2EB0222A1EB242192FBDF
:1034D000F1F416F8052C16F8041CE743FFB2E4B229
:1034E00012FB07F204FB0322737811FB07F104FBC4
:1034F0000311B37810FB07F048F2810804FB0300C6
:1035000008FB02F208FB01F108FB00F0C2F3C7520E
:10351000C1F3C751C0F3C75002F0FCFE2870C0F3DE
:103520000723C0F307406B70A87016F8023CF278CE
:1035300013FB07F304FB023308FB03F3C3F3C75386
:103540009CE713F8051C13F8042C13F8033CAB702C
:1035500029706A70837A013B03EB83030344DB78B1
:103560008CE70023A1E7F7B5C37A17461A0706468A
:1035700003D10024204603B0F0BD03F00F03012B5C
:1035800006D00E3303F00F03032B94BF0F464027E2
:103590007D1CF81C05EB450520F0030025F0030514
:1035A0000C302844E8F7D2F904460028E1D00C3565
:1035B000054400F10C03C0E9015703600025A16830
:1035C000A942D7D9D4E9000205EB45032A44009269
:1035D00003442A463046FFF741FF0135EFE7E8F79D
:1035E000CFB92DE9F04FB7B08B460D93CB6ADDF81C
:1035F00000A106901646002B54D10B6BB3F5807FCB
:1036000050D14D6BB5F5807518BF0125F46ADBF814
:103610006430B4F8089007932C22002120A8D4F835
:103620001080677804F047FA9BF84C308DF894309E
:103630009BF84D30CDF88890C3F302038DF8A83085
:10364000002D40F09F81079B002B00F3F6800E2F8A
:103650002AD0142F48D19BF84B30022B53D8504618
:1036600002F06DFD0546504602F064FDCDF89880ED
:10367000CDF890A0CDF88480A288CDF880A009FB79
:1036800000F3B3FBF2F305FB038326934FEA5903E0
:10369000299302238DF89C301223CDF8A0A08DF839
:1036A0008C301AE00125B1E7069B51469A682BA899
:1036B00002F0F3F9A8B19BF84A30BBF848208DF826
:1036C0009730CDE928A90223CDF898802195ADF84F
:1036D00095208DF89C30CDF880A0069820A9E4F7BD
:1036E000B3F937B0BDE8F08F062F01D0152F06D102
:1036F000CDE920A8CDF890A08DF88C70EDE79BF86F
:103700004B30022BF4D9419BD6F82C800FCB13AD54
:1037100085E80F0098F8013007931846B8F808902C
:1037200002F0D7FD0646504602F009FD08902846F3
:1037300002F000FD0446284602F001FD6643012E1A
:10374000334638BF012309930746E2F70DFAE2F743
:1037500033FD0446E2F708FAE2F774FD02F0B9FD22
:103760004443099BA400B4FBF3F4BC42A8BF3C460D
:1037700003FB04F0E8F7EAF82C22074600212BA807
:1037800004F099F99BF84C308DF8C0309BF84D301F
:103790002D96C3F302038DF8D430079B2F95142B7D
:1037A000CDE92B578DF8B83010D1CDF8CCA0D8F892
:1037B0001030089A09FB0233319302238DF8C83088
:1037C00012238DF8B8304FEA59033493149B169E98
:1037D0002344013B169317AD149B9E4203DA3846EF
:1037E000E8F7CEF87DE7139ACDE91723DAE900125E
:1037F000159B19935242169B1A934942284602F090
:103800003FF99DF8B830CDF810B0CDE9029301979B
:10381000D8F81030009395E80F00E4F729FC0698DB
:103820002BA9E4F711F9169B013314932344013BB0
:10383000B342D4BF16931696CEE79BF84B30022BBB
:1038400000F2A080D6F82C9099F80180B9F80870A1
:10385000B8F1140F14BF434612232C2229462BA87B
:10386000079304F028F99BF84C308DF8C0309BF892
:103870004D302D97C3F302038DF8D430CDF8BCA0A2
:10388000D9F810302C93079B8DF8B830419B0FCBA3
:1038900013AC84E80F002046169B08932B941691D6
:1038A00002F048FC0646E8F751F813ABCDE9333691
:1038B000079B31900E2B044608D1BBF848209BF89B
:1038C0004A302C95ADF8C1208DF8C33017AD28468D
:1038D000DBF8642000230BF15401E5F771F90023B4
:1038E0005046CDE90F5302F02AFC07FB00F5149B6C
:1038F000089A9A4201DA204672E7B8F1140F2CD1E7
:10390000DAF8042013999B1ADAF800207B43891A0D
:1039100001EB53012944D9F81030324619442046AE
:1039200003F0D3FFDDE91323009621460FA800F032
:10393000AEFEB8F1140F23D0B8F10E0F08BF02206D
:103940008DF8C8002BA90698E4F77EF8149B013384
:103950001493169B01331693C9E7B8F10E0F09D1E2
:10396000DAF8042013999B1ADAF80020891A07FB69
:103970000311D0E73246FF21204604F09CF8D1E73E
:103980000220DDE7F76A2C223B897E78099300212B
:103990002BA804F090F89BF84C308DF8C0309BF8C1
:1039A0004D30C3F302038DF8D430419B0FCB0FADE4
:1039B00085E80F0050462B9502F0BCFB0A9050465C
:1039C00002F0BDFB0B90284602F0B4FB804628466F
:1039D00002F0B5FB062E9BF84B3004462DD00E2E80
:1039E00037D19BF84A30BBF848208DF8C33000230C
:1039F000ADF8C12035460793284602F06AFC08FB63
:103A000000F20892E2F7B0F8E2F7D6FB8146E2F75F
:103A1000ABF8E2F717FC02F05CFC09FB00F3089A34
:103A20009B00B3FBF2F3A342A8BF234602FB03F0C3
:103A30009946E7F78BFF044635E09BF84A30BBF820
:103A400048208DF8C3300023ADF8C1200793152519
:103A5000D2E7022B94BF002301230F2E079342D0FD
:103A6000112E40D041D9122E01D0142E3DD1E2F7B3
:103A70007BF8E2F7A1FB8146E2F776F8E2F7E2FB9A
:103A800002F027FC09FB00F308EB48059B00B3FBA1
:103A9000F5F3A342A8BF234605FB03F09946E7F7D9
:103AA00055FF14250446129B0893109B2C944B44FD
:103AB000013B12930FAB8DF8B8502F933A690C92DB
:103AC000142D14D1339302238DF8C83009FB08F369
:103AD00004EB43034FEA4802319312232D928DF8F1
:103AE000B83017AF58E0102586E7354684E70E2D2D
:103AF00008D1CDE9333802238DF8C8300023319442
:103B00002C93EEE7284602F0E4FB08FB00F02D9032
:103B1000E7E70F9ACDE91323DAE90012119B159319
:103B20005242129B1693494213A801F0A9FF0D9B24
:103B30000C9A0698CDE902B3099B01930B9B009365
:103B4000CDE904640A9B13A9E5F718FA079BB3B102
:103B50000F99109A119B1791189219935242129B28
:103B60001A934942384601F08BFF2D9B0094CDE912
:103B7000035BCDE9014397E80F00E4F779FA069873
:103B80002BA9E3F761FF129B089A013310934B4472
:103B9000013B9A4205DB1293109B089A9A42B8DACD
:103BA000A9E6089B1293142DF6D10FA802F0C7FACC
:103BB00000FB08F004EB40003190EDE72DE9F04FF9
:103BC000CC69B1B0D4F800B003900F469146BBF178
:103BD000000F00F0B280896E002900F0A280002260
:103BE00015A8E3F757FE012840F09B80209D002D8B
:103BF00000F097806B7803F0F703062B40F091807C
:103C000007F154030FCB09AEB5F808A086E80F0002
:103C1000EA88AB88013A009200221146013B05A8D0
:103C2000002501F006FF2B46092205A93046009524
:103C300002F0DFF8231D0FCB86E80F00324605A9FE
:103C40000DA801F02AFF002877D01022294611A8DC
:103C500006F0B1FC23680A9A9B88013B13930E9BE4
:103C6000013B9B1A1493206811A9F7F740FE109BA3
:103C70000A9A01339B1A12932368DB88013B149341
:103C8000206811A9F7F733FE0D9B099ACDE911556C
:103C9000013B9B1A1393206811A9F7F728FE0F9B8D
:103CA000099A01339B1A119323689B88013B139354
:103CB000206811A9F7F71BFE0A9B0E9A0D99D21ADC
:103CC000099B5846C91AE2F755FD069B0E9A0D99B5
:103CD000D21A059B0646C91A2098E2F74BFD834687
:103CE0000DA802F02CFA80460DA802F023FAA84590
:103CF00017DD06F1030C002109E01BF801301CF868
:103D000004EC13FB0EF31B120CF8043C0131884247
:103D10000CF1040CF1DC23681B89D3441E440135EB
:103D2000E5E76C22394615A806F01DFC23680398C8
:103D30001C934A4615A9E4F763FA31B0BDE8F08F49
:103D40000A46002103F0B7BEFC290AD8022907D988
:103D500010FB01F048F281035843C0F3C75070478D
:103D6000002070472DE9F843089F1D463B6A97F8ED
:103D700034C0D41A0646FB6AF8690CF00102A1EBC4
:103D80000008BBBB3B7E03F0060782B1C7B103F05E
:103D90000703022B02D1E00FBDE8F883032B01D00B
:103DA0000020F9E7002CD4BF00200120F4E7022F07
:103DB00006D003F00703012B04D1B8F1000F0FDD8B
:103DC0000120E9E763B918EB050FF9D4401AE7D4ED
:103DD000854203DD291A3044FFF7B2FF0220DBE7FA
:103DE00018EB050FDCD4411A21EAE171A942D7DAB8
:103DF0003046F1E70CF00200002A00F09A80BB6A1E
:103E000003FB08F2002B4FEAA222C0B205DD944268
:103E10000FDA003818BF0120BEE79442F9DC08EB46
:103E200005025343B4EBA32F09DB7A6A04FB022299
:103E30000CE008EB05025343B4EBA32F03DDB0FA0B
:103E400080F04009A8E77B6A03FB04F242F3950285
:103E500012F0FF01C8EB222861D03B6BC1F1FF01DA
:103E60004B431B12B8F1000FC3F1FF020DDB4545B8
:103E70000BDD5943C1F3472108B9C943C9B216F84C
:103E80000800FFF761FF06F8080008F10104396B2C
:103E90008A4224DCA5423ADD002C38DB796ABB6A11
:103EA000305D514389125143C1F34721002B97F8EC
:103EB0003430BCBFC943C9B29A0744BFC943C9B271
:103EC000FFF742FF305597F834309B072AD5454518
:103ED000FFF666AFB8F1000F80DB414688E7002CA3
:103EE0000FDBA5420DDD97F83430A2EB6101980796
:103EF000C9B248BFC943305D48BFC9B2FFF724FF0C
:103F000030553B6B0134A542A2EB0302BFDC97F8AE
:103F100034309F07DBD401343FF542AF03E0444621
:103F2000FF22B4E70134A542FFF658AF291B301930
:103F300052E77B6A5C43002B4FEAA422CCBF511CA2
:103F400011468845C0B23FF764AF08EB05018A42CD
:103F50003FF775AF44F38D2EC4F387021C4444F33E
:103F60008D29CE454FEA0421AEEB080406D0002B84
:103F700080F29480002A39D1013CFF22002C1FDB03
:103F8000A54227DDC1F387211144C1F3470108B1E0
:103F9000C943C9B2305DFFF7D7FE305597F83430CA
:103FA000980708D5A9EB08018D427FF7F9AE0029E3
:103FB000FFF614AF1CE70134AC42A8BF2C46B5E7AE
:103FC0000028EFD10134AC42A8BF2C46002C3FF4AE
:103FD000E7AE03E70028E5D10134AC42A8BF2C4688
:103FE000002C3FF4DDAE7FF7F9AE9FE7002CBB6AF3
:103FF00049DBC3F1000802FB08F8A5424FEAA828F4
:104000000ADD08FB02F1C1F3472108B1C943C9B277
:10401000305DFFF799FE305597F83430796A621EAB
:1040200003F002033CB3954221DDC8F1FF08494289
:1040300008FB01F1891208FB01F1C1F347210BB91B
:10404000C943C9B2B05CFFF77FFEB05497F8343073
:10405000990707D59542FFF6C1AE002A3FF4BEAEE0
:104060001146C5E60134A542BFF660AFA8E6002BB5
:104070003FF4A6AEEEE7002B7FF4B0AE002D7FF745
:104080009FAE012452E700287FF4A8AE0134A54278
:10409000FFF696AE002C7FF4A1AE47E7C2F1FF0118
:1040A000BA6A4A434FEAA22E002C04F10102CEF173
:1040B000FF082DDBA5420BDD0EFB01F1C1F347210B
:1040C00008B9C943C9B2305DFFF73EFE30557B6A7F
:1040D00008FB03F39B1297F83400954200F00200AE
:1040E0002ADD08FB03F3C3F3472108B1C943C9B272
:1040F000B05CFFF729FEB05497F834309B070ED51B
:10410000A542FFF64DAE002CFFF668AE21466FE6E5
:10411000621C0AD108FB03F39B120022DBE7023486
:10412000AC42A8BF2C46002C5DE71CF0020F05D066
:10413000A542BFF653AE33E60028E1D10234AC42CB
:10414000A8BF2C46002C3FF42BAEECE72DE9F74F2F
:104150000C9DAC68D5F80CC0A1EB040BD5E904E4C8
:10416000BEF1B30F0746894616469846A2EB0C0AE5
:1041700000F39380B32C00F3FD80BEF1000F07D154
:10418000944500F36481002C00F0828001244CE10E
:10419000002C00F01A81A64519DC944500F35981E2
:1041A00005F1180300933246434649463846FFF767
:1041B000D9FD6A69EB68B42A044640F01481B34221
:1041C00040F31581002C40F00A81002402E0944560
:1041D00004DD0124204603B0BDE8F08F6A6FEB6B6D
:1041E0000EF1FF3002FB0AF20AFB033359284FEAB3
:1041F000A2224FEAA32304F1FF310BD8002B10DADF
:1042000059294FF0000310D95B3CB22C98BF03EA48
:10421000E3730AE0AEF15B0EBEF1B20F98BF03EAA2
:10422000E3735929F0D823EAE373D21A03EB62014E
:10423000A1EB0B014145A8BF414600290C4629DDF1
:1042400005F11803009332460B4638464946FFF7FE
:1042500089FD824618B921463846FFF771FD44456D
:10426000A8BF444624EAE4742744A8EB0408503568
:1042700004EB09010095434632463846FFF772FDCC
:10428000044618B941463846FFF75AFDA245A1D069
:1042900002249FE74FF0010AE1E7BEF1B40F73D0AB
:1042A000B42C40F39580A64512DC94453FF778AFD7
:1042B00066454FF003047FDA503500954346324699
:1042C00049463846FFF74EFD002C3FF47EAFB4E080
:1042D0009445FFF67EAF6A6FEB6B6FF487707044A6
:1042E00002FB0AF20AFB03336FF4877158284FEA86
:1042F000A2224FEAA32321440AD8002BB8BF0023EF
:10430000582910D95B3CB22C98BF03EAE3730AE04A
:10431000AEF15B0EBEF1B20F98BF03EAE37358290A
:10432000F0D823EAE373D21A03EB6201A1EB0B018D
:104330004145A8BF414600290C4618DD05F1500350
:10434000009332460B4638464946FFF70BFD82463E
:1043500018B921463846FFF7F3FC4445A8BF444648
:1043600024EAE4742744A8EB0408183580E74FF0EA
:10437000010AF2E7BEF1000F23D1944518DDB42CF9
:1043800096D10320033818E094450DDDB42C3FF49A
:104390007FAF002C3FF41DAFB32C0CDD50350095E2
:1043A000FFF7E0FC012448E0B42C36D10120E9E716
:1043B000B42C3FF40EAF0124E01E18BF01204400CE
:1043C00008E794457FF7ECAED9E79445EEDCE7E6E5
:1043D00094453FF7E5AEB42CE8D014BBD1E7032CED
:1043E0007FF456AFCDE75AB99E42BFF6EBAE002C34
:1043F0003FF4EBAE032CD9D0012C3FF4EAAE47E7F3
:10440000B32A06DC9E42BFF657AF002C3FF4DDAE68
:10441000D2E79E42FFF650AFF7E7002CB1D0B32CA5
:1044200017DCB4454FF00304C6DC50350095434615
:10443000324649463846FFF795FC00283FF4C5AEA2
:10444000032C9FD0012C7FF423AF0128D5E7002C4B
:10445000ACD00324B0E72DE9F04F87B00546DDF876
:10446000409099F81C80D9F80C00D9F81860039096
:104470000F469246D9F80810D9F8102002911C4630
:1044800018F00108D9F814300492059328D1824518
:1044900003DA002007B0BDE8F08F9A45F9DC06EB9F
:1044A000010CBC4500F3828007EB040CA2EB060E66
:1044B000F44505DD3044504539DC9B1B534536DB64
:1044C000CE1BB442E5DB002E74DAD11B481C002859
:1044D000DFDDA0427DDA211A2844FFF731FC78E0C5
:1044E000824501DA0120D5E79A45FBDC06EB010C99
:1044F000674513DA3044504519DC9B1B9A4516DC9E
:10450000C81B20EAE070844263DBD11B091A013129
:104510004318A342DFDC00295BDBDDE7A2EB060CDE
:1045200007EB040EF445EBDA30448245E5DA02A8E5
:10453000CF1B01F0FFFD834602A801F000FE039BA4
:10454000D9F82010AAEB03029642CBBFB21A801B07
:1045500002F1FF32121ACB68501C33F8129033F874
:1045600010008B68BB4433F812204B68ABEB060B92
:10457000F11993448A1AA0EB0909561E1F18B8F1C5
:10458000000F28D0B046DA46A6EB08034B4559DBAE
:10459000A242A8BF224622EAE2725C45CCBFABEB46
:1045A0000201A11A21EAE171A81896E73044824578
:1045B00083DABCE728463146FFF7C2FB0498C01BEC
:1045C000013000287FF765AF844284DC0EB9844255
:1045D00088D002205EE73246D846B31A994516DCE9
:1045E000B9F1000FA8BFCB44A345A8BFA3462BEA4F
:1045F000EB70211A2844FFF7A3FBA6EB0901013158
:10460000A142A8BF214621EAE171284665E7B8F139
:10461000000F17F801AD08DB444506DD15F808105A
:104620005046FFF791FB05F80800002A06DB94428C
:1046300004DDA95C5046FFF787FBA854013A08F156
:104640000108CAE717F8013DBAF1000F6FEA03034A
:10465000DBB20ADBA24508DA15F80A100193184606
:10466000FFF772FB019B05F80A00B8F1000F08DBA9
:10467000A04506DA15F808101846FFF765FB05F89F
:10468000080008F1FF380AF1010A7DE770472DE9BB
:10469000F7430F4690469946061F002456F8045FDC
:1046A00025B90134E0B203B0BDE8F08300952D6870
:1046B0000A9B4A4641463846A8470028F3D00228BC
:1046C00008BF0124EAE710B50379022B04460FD195
:1046D000036A6BB11A69002A07DA5868E7F750F9DC
:1046E000206ABDE81040E7F74BB95A69013A5A61B0
:1046F00010BDB42B2DE9F3411C46C4BFA3F1B40493
:1047000024B2074604F15A0000B20D461646E6F7F9
:10471000C3FB05EB60182046E6F7BEFB9DF8203092
:10472000019306EB60100090434632462946384616
:10473000E4F756F902B0BDE8F0812DE9F04701F148
:104740001C0996B0826806460D4605A8494601F048
:10475000A4F9002873D02B6A7468B1682768013BFC
:104760000093D1E9012309A8096801F062F9D4E9AD
:10477000011209A85242494201F082F9384609A9BA
:10478000F7F7B5F8B168AA6ACB6800938B68096837
:10479000013209A801F04DF9D4E9011209A85242E9
:1047A000494201F06DF9384609A9F7F7A0F8EB691D
:1047B000B168AA6A0092013B2A6A096809A801F057
:1047C00038F9D4E9011209A85242494201F058F9D6
:1047D000384609A9F7F78BF8D5E90912B3680092B2
:1047E0009B682A6A013109A801F023F9D4E9011272
:1047F00009A85242494201F043F90DF13408384604
:1048000009A9F7F774F8EA6A494600234046E4F735
:10481000D7F9002305A8CDE9038301F08BFC0646F8
:10482000E7F794F8069F05464FEA8609089BBB42C6
:1048300008DA2846E7F7A4F84046FFF744FF16B029
:10484000BDE8F0873246FF21284603F034F9059A87
:1048500000963B46294603A8FFF719FF0128824628
:104860001FD0D4E901320599BA1AC91A2046F7F7C0
:104870009EF90346BAF1000F0FD0294605EB060C4E
:1048800061450ED011F8010BFF281FBFDA7812FB2B
:1048900000F21212DA700433F2E74A46514603F08E
:1048A0000AF90137C2E7F0B51C46036A856963B9A6
:1048B000B5F5807F27D1C369B3F5807F23D1090285
:1048C00021601202059B1A60F0BDC36A0669C91A0D
:1048D000036BD31A4269B5F5807F01FB02F206FB38
:1048E0001322466A20D1C769B7F5807F1CD106EB39
:1048F000A2062660D0E904425A4304FB0123826ADF
:1049000002EBA302DEE7036BD21AC36AC91A436A39
:10491000090491FBF5F119442160C369120492FB6B
:10492000F3F2836A1A44CDE7120292FBF5F206EB2A
:10493000A2062660D0E90424634302FB01331B0274
:10494000C26993FBF2F3DAE72DE9F04F89B0002654
:104950000493179D9DF8603003908A469046059316
:1049600037460196169B019A9A4202DB09B0BDE8D0
:10497000F08F129B03EB2623191209D4514507DA55
:10498000139A02EB27225FEA222C01D4C44503DBF1
:104990004FF00003EB708CE01C06D8B254BFC0F19E
:1049A0007F03A0F180031998039C58BF029300FB7A
:1049B00001FE049848BF029300FB0CEE039870447C
:1049C0005FFA82F990F802B085F802B090F801B071
:1049D00085F801B014F80EE085F800E04FF0FF34E0
:1049E000EC70059C54BF4FF0FF330123120659BFF2
:1049F000C9F17F094FF0FF32A9F180090122002C93
:104A000073D003EB010EBEF1FF3F61D0D6456CDAE7
:104A100002EB0C0EBEF1FF3F54D0C64565DA199982
:104A20004B43C118C35C8DF81830049B91F802C049
:104A300049788DF819105A4383184FF0FF3499784C
:104A40005B788DF81D30835C8DF81E108DF81C305E
:104A50008DF81F40079928688DF81AC08DF81B4003
:104A600001F052FC78B98DF81F902968079801F081
:104A700042FDC0F3072328706B70C0F30743C0F3F7
:104A80000760AB70E8700699286801F03DFC80B9BA
:104A9000029B8DF81B302968069801F02CFDC0F3AD
:104AA000072328706B70C0F30743C0F30760AB7037
:104AB000E870019B01330193159B1F44149B04353F
:104AC0001E444FE759B9013302D0BAF1010F1AD190
:104AD000029BC3F1FF03C3EB03231B125AE70AF146
:104AE000FF3291420FD1012BF1E7A9B90133EFD089
:104AF000BAF1010FECD0BCF1000F13D1013202D09A
:104B0000B8F1010FD5D1C9F1FF09C9EB09294FEA65
:104B1000292985F80390CCE70AF1FF308842EAD1D1
:104B2000012BE7E708F1FF336345C2D1012AE9E72A
:104B30002DE9F04F89B01E469DF8643006939DF82C
:104B40006830079302FB0603009306EBD6735B10F5
:104B5000DDE917490193002305900391154602935F
:104B60000493189B169AA9EB03039A4202DC09B03E
:104B7000BDE8F08F129B029A03EB222C5FEA2C21F6
:104B80000AD4039B994207DA139B049A03EB222071
:104B9000031201D49D420FDC4FF0000389F800306E
:104BA000049B159A13440493029A149B1A4409F126
:104BB000010902340292D4E71CF0800F5FFA8CF8EE
:104BC0000CBFC8F17F08A8F180084FEA410AC2B2C1
:104BD000059F03FB06AA07BF4FEA48084FF0FF3EB8
:104BE0004FEA48084FF0010E00060598504437F888
:104BF0000AA0079FA4F800A057BFC2F17F02803A25
:104C000052004FF0FF3C44BF52004FF0010C002F08
:104C10006BD00EEB010ABAF1FF3F57D0039FBA45A4
:104C200063DA0CEB030ABAF1FF3F5ED0AA455CDA07
:104C300006FB0CFB069F30F81EA030F80B00002F7F
:104C400040D0019F03FB0711009B07FB0CFC03EB0B
:104C5000010B5B5C89F800301BF80CC01BF80E10D0
:104C600063451FBFC2F5807E02FB0CFC03FB0ECC2C
:104C7000CCF3072C8B421FBF08FB01F1C8F5807EE7
:104C800003FB0E11C1F307218C444FEA6C0389F832
:104C90000030002B84D02188814202D150453FF45E
:104CA0007FAF02F0FE02E6F787F82188834608F01E
:104CB000FE025046E6F780F87F225946E6F77CF878
:104CC00020806DE7FF2389F80030E4E7069A8AB375
:104CD000019A5343009AD05CC8F1FF0800FB08F822
:104CE0004FEA282889F800805AE70698C0B1DDE924
:104CF000000703FB0700405CA1B9BEF1FF3FEBD00A
:104D000003990129E8D0BBB9BCF1FF3F01D0012DC7
:104D100018D1C2F1FF024243121289F800203FE786
:104D2000FF20E9E7039F07F1FF3A8A45EBD1BEF187
:104D3000010FE7E7FF20CFE7691E994202D1BCF1DE
:104D4000010FE5E789F800002AE72DE9F04FCA6B6B
:104D50004E6BCC6AD3B0B2421346A8BF3346029022
:104D6000A342D4BF07930794886B0B6C83421F4602
:104D70000D46A8BF0746096B8F42D4BF089708911C
:104D8000B242B8BF3246A242ACBF099209948342F4
:104D9000B8BF03468B42ACBF0A930A91029B0DF148
:104DA0002C089A6807A9404600F077FE002800F01A
:104DB000CA80E86A696B884205F12C0305F1340B5F
:104DC00005F13C0A04AC17AE19AF0DF16C0940F0C7
:104DD000BD801946204601F0B7F994E8030086E843
:104DE00003005946204601F0AFF994E8030087E834
:104DF00003005146204601F0A7F994E8030089E832
:104E00000300189A1A9B9A4203DD3946304601F096
:104E1000A3F917AE96E8C00C1C9CAAEB0603E41B92
:104E20005C431B9BABEB07029B1B02FB1344002163
:104E300010220FA805F0BFFB0DF1A009E30FCDE98B
:104E400000B33A46534631464846E443E3F7C8FDCB
:104E5000E40F1C9B019436AEDDE917123046009337
:104E60001B9BE3F7BDFD1A9A1C9B19999A4206BF3A
:104E70000223CDE90023CDE9003444A81B9BE3F7CE
:104E8000AFFD44AB4046CDE90F96119301F052F9C6
:104E90008246E6F75BFD074698E80F0013AC84E80E
:104EA0000F00B5F81D30ADF88930EB7F8DF88B30F1
:104EB0004FF0000B2B7F169107A88DF8883095F8DE
:104EC0002B9023971D9425948DF89CB0CDF878B045
:104ED00001F030F9064607A801F031F931460246E3
:104EE00005F12000FEF73FFB09F00F0906460028F8
:104EF00000F08980B9F1020F40F08780079AD8F856
:104F0000003021949B1A026803EB43010A441E926D
:104F100044681C440F238DF88030D8F804B0D8F8CA
:104F20000C305B4573DA3846E6F72AFD44A8FFF7F4
:104F3000CAFB28A8FFF7C7FB36A8FFF7C4FB16B1CA
:104F40003046FEF74CFB53B0BDE8F08FEA6B904261
:104F500011D11946204601F0F7F894E8030086E8DD
:104F600003005146204601F0EFF894E8030087E87B
:104F7000030059463EE7914213D159462046039318
:104F800001F0E2F894E8030086E803005146204669
:104F900001F0DAF894E80300039B87E80300194660
:104FA00028E71946204601F0CFF894E8030086E888
:104FB00003005946204601F0C7F894E8030087E84B
:104FC00003005146204601F0BFF894E80300189A08
:104FD0001A9B9A4289E8030003DD3946304601F006
:104FE000BBF8189A1C9B9A4203DD4946304601F0F3
:104FF000B3F81A9A1C9B9A42BFF603AF494638464B
:1050000001F0AAF8FDE6044687E75C4685E75246CC
:10501000FF213846CDF850B0CDF858B002F04BFD26
:10502000CDF800A0D8F800205B4639460FA8FFF75E
:105030002EFBB9F1010F8DF890001DD1089B31684E
:10504000ABEB030303EB430288188A5AADF88920BF
:1050500082788DF88B207268D35C2A7F8DF8883037
:10506000FC2A04D813FB02F31B128DF88830029837
:105070001DA9E2F7E9FC1CE0B9F1020FF7D1002C01
:10508000F5D002280DD1239700235345EFDAE15CD8
:10509000FC299FBFFA5C12FB01F21212FA54013391
:1050A000F3E7012803D123948DF89090DFE70028DF
:1050B000DDD10BF1010B32E703685B68184701464D
:1050C000006810B1836803B1184770472DE9F047B5
:1050D0009A46CB7B002464F3410380460D469146FB
:1050E0000C60CB73074687B91CB3237D266813F089
:1050F000040F0CBF534600234A4629462046B047BA
:1051000027462F600120BDE8F0873B7D3E6813F005
:10511000040F0CBF534600234A4629463846B04781
:1051200028B1EB7BDB07ECD5002C08BF3C46FF69C0
:10513000D9E7D8F80C302C6003EBD373C3F34F03DB
:10514000EB800233AB80D8F80C302B81EB686C819C
:1051500003F07E4343F0807343F48033EB602046DA
:10516000D1E710B51F2986B013462BD940F21C6237
:10517000914227D0A1F58A521F3A012A22D9A1F5DE
:10518000C0520B3A032A1DD9A1F50054A4F10B0219
:10519000042A17D9283C072C14D9A1F501521F3A2B
:1051A000102A0FD94FF6FF6291420BD04FF6FF0243
:1051B000914207D00A466946FFF788FFBDF8040010
:1051C00006B010BD0020FBE7C068704703680A788E
:1051D000934209BF4B78981A4068C01A7047036819
:1051E0000A88934209BF4B88981A4068C01A7047D2
:1051F00000880B88C01A704700B10078704700B172
:10520000007A704708B1D0F8B800704750B1037801
:1052100003F0FD03012B04D190F8A80000F00F006B
:1052200070470020704738B1037803F0FD03012B6D
:1052300001D1006F70470020704718B1837A43F0A6
:1052400008038372704770B588B004460E46154651
:1052500000211C2201A802F02EFCCDE90144C0343B
:10526000012201A920460396059501F0B9F901280C
:1052700004D1002201A9204601F0B2F908B070BDA6
:105280002DE9F041069F044615461E460FB1002346
:105290003B600022204601F03EFB38B93B463246D7
:1052A00029462046BDE8F04101F05EBABDE8F08134
:1052B00038B5846C0546B4B1206820B101F033FAEA
:1052C0002068E6F75DFBE06908B1F6F7FFFA206AAF
:1052D00008B1F6F7FBFA6068E6F752FB2046E6F7FE
:1052E0004FFB0023AB6438BD38B58D6C0C462DB137
:1052F000286C18B1F6F7EAFA00232B642046BDE8C3
:105300003840FFF7D5BF10B50446806C20B9442063
:10531000E6F724FB00B1A06410BD70B503681B6AFA
:1053200005460E469847044678B12B6832465B69BD
:105330000146284698472046AD6900F0CBF8314633
:10534000A847204600F0DEF8012070BD2DE9F041AD
:10535000036815465F6A1346002204460E46B847A6
:1053600001280FD10020BDE8F08129462046FFF733
:10537000D4FF0028F6D0236800225F6A31462B460E
:105380002046B8470228F0D023682A4631462046F6
:105390001B69BDE8F041184782B02DE9F04106AE27
:1053A000054646F8043F0368884617469847002399
:1053B000C0E90058C360876000F11003044696E816
:1053C000070083E8070020466B689847054618B930
:1053D0002046E6F7D5FA2C462046BDE8F04102B05B
:1053E000704710B5C46814B90024204610BD036886
:1053F000DB68984704460028F6D000F06EF8F4E722
:1054000070B50C46064611462046154600F06BF86E
:10541000204600F059F870B9204600F059F850B114
:105420002046B66900F056F82946B0472046BDE848
:10543000704000F067B870BD10B5836813B90024E0
:10544000204610BDFFF782FF04460028F7D000F089
:1054500044F8F5E770B50368DB68044616469847DC
:105460000546F8B100F030F880B923683246294685
:105470005B69204698472846A46900F02BF831461E
:10548000A0472846BDE8704000F03CB828460121FE
:1054900000F01CF823683246294620465B69BDE8C7
:1054A0007040184770BD0368DB6918478068003892
:1054B00018BF0120704700B1016270474368013B8B
:1054C00023EAE37343607047406870470173704795
:1054D000007B70478368C01A70474368013343609C
:1054E0008368C01A704743680BB1FFF7E7BF704786
:1054F00008447047103070470023016082604360A9
:10550000037370478368C01AE6F73ABA10B10368AC
:10551000DB691847704738B51446054698B149B954
:105520008368EA6814446018984294BF0020012000
:10553000400038BDC36B08469847AB6883420146BC
:10554000EFD20120F5E70320F3E701207047006860
:10555000704770B50D46096804461646303079B973
:1055600001F02CFB286050B1036860681D69FFF7EB
:10557000C1FF29460246304602F0A7F9012070BD5E
:1055800001F022FBEEE7F8B500F130070646384699
:1055900001F017FB044610B905462846F8BD2368FC
:1055A00071681869FFF7A4FF0546FFF78DFF002813
:1055B000F3D02146384601F00BFBEBE72DE9F04133
:1055C0000D46044618B900263046BDE8F081002992
:1055D000F9D000F13007384601F0F0FAD0B9294689
:1055E00004F1240001F08AFC05460028EBD0E26AB1
:1055F00003691344384653F8046C01F0DFFA31466E
:105600000246384601F0E7FA61682869BDE8F041D2
:10561000FFF76EBF03686168D3F810804046FFF75C
:1056200067FF236906462946404698470028D6D199
:10563000CAE72DE9F0410F46054670B100F130068A
:10564000304601F0BBFA044648B905F1240001F0E8
:1056500049FD304601F0F2FAEC60BDE8F0812368C4
:105660006968D3F810804046FFF742FFFFF72CFF30
:1056700018B9AB693946404698472146304601F093
:10568000A3FAE0E72DE9F0419046044668B361B320
:1056900000F12407384601F031FC054628B30669BD
:1056A000A369414630469847E36B30469847E36824
:1056B00061681B1AE3603046FFF71AFFE26A2B6944
:1056C0001344294653F8048C0646384601F0B8FCCA
:1056D0003046FFF717FF04F13000414601F02EFA83
:1056E0004046BDE8F041E6F74BB9BDE8F081F8B5BA
:1056F000044610B309B30846FFF7ECFE04F1240793
:1057000001460546384601F0F9FB0146A8B1E26AB8
:1057100003691344384653F8046C01F091FC314698
:1057200004F1300001F00AFA3046E6F729F9E36B9C
:1057300028469847E3681B1AE360F8BD2DE9F3415A
:105740000D46044620B90026304602B0BDE8F0817F
:105750000029F8D000F12408404601F0E5FB009054
:10576000B0B1066961683046FFF7C2FE626829463B
:105770000746304602F0A9F804F1300001F07EF946
:105780000646019098B90099404601F09FFC0096AA
:10579000009B002BD7D061681869FFF7A9FEE36B67
:1057A000064628469847E3680344E360CCE7694629
:1057B000042202F08AF8009BE06A1B690422043884
:1057C0000DEB0201184402F080F862682146384669
:1057D000FFF792FEDCE710B54020E6F7B7F8044685
:1057E00018B14022002102F066F9204610BD08B52C
:1057F00002460B46127A1B7A406849689A420ED1DB
:10580000012A08D102F0A4F9002801D1002008BD26
:1058100006DD0120FBE7002AF8D18842F6D0F8D84F
:105820004FF0FF30F3E738B5C5680446102128462D
:10583000F6F722F910B12846F6F748F8237A012B3B
:1058400004D16068BDE83840E6F79AB838BD08B5BD
:1058500002460B4612791B79006809689A420ED1FC
:10586000012A08D102F074F9002801D1002008BDF6
:1058700006DD0120FBE7002AF8D18842F6D0F8D8EF
:105880004FF0FF30F3E70379012B02D10068E6F710
:1058900077B8704713B54FF4806300930446002334
:1058A000026B406B194601F063FA626AE36A9B1A65
:1058B000584302EBA02002B010BDF7B51F464FF4CD
:1058C00080630093002304460D4616461946026B7A
:1058D000406B01F04DFA089B009332463B46294647
:1058E00001F0AFF9626AE36A9B1A584302EBA02009
:1058F00003B0F0BD30B542F2107542F2F674A84222
:1059000094BF034623460533A94294BF0846204668
:10591000AA4298BF14460A22B3FBF2F303F10043F4
:105920000530B0FBF2F003EB80230534B4FBF2F05A
:1059300003EB005030BD07B54FF4806300220093A5
:10594000114640F25123FFF7B8FF03B05DF804FBA6
:10595000016070474160704701637047494241638D
:1059600070474FF00043C0E90A324162704701625C
:105970007047C1607047016170474161704790F89E
:105980005C3061F3041380F85C307047C16170478C
:10599000002817DA891A0029B8BF494264235943FD
:1059A0000A22C0F30903B1FBF3F1C0F309535343D7
:1059B0009942C0F3892002FB00F028BF19468842B3
:1059C00038BF0846704770B5456AC66A0446324615
:1059D000006B2946FFF7DCFF324620632946E06B67
:1059E000FFF7D6FF3246E0632946A06BFFF7D0FFF2
:1059F0003246A0632946206CFFF7CAFF206470BDC1
:105A000030B50568836840680A685B1B03EBD37395
:105A100000EB630005EB63055C104B681B1A521B1F
:105A20005B43644302FB0232944234BF00200120F6
:105A300030BD8360009BC360C0E9001270470368FB
:105A40001944013981607047436819440139C160C4
:105A50007047836802689A1AC3684068181A013050
:105A600002FB0000704703685B1A036083680B4405
:105A7000836043689B1A4360C3681344C3607047E4
:105A800003680B44036083680B44836043681344DA
:105A90004360C3681344C360704770B515680B68F2
:105AA0009D42B8BF1D4605604C685368A342B8BF0D
:105AB0002346436094688E68B442A8BF344684602D
:105AC000D268C9688A42A8BF0A46A542C26004DCFF
:105AD0009342CCBF0020012070BD0020FCE710B530
:105AE0000B6814689C42D4BF0460036054684B6820
:105AF0009C42D4BF4460436094688B689C42ACBFB6
:105B000084608360D268CB689A42ACBFC260C360D5
:105B100010BD2DE9F04F0C680568AC4285B00E460B
:105B200060DBD0F8088044455CDC4C684768BC42C8
:105B300058DBD0F80C904C4554DC002A03DC0120E3
:105B400005B0BDE8F08FA8EB0504A9EB0700013410
:105B50000130641040108442A8BF04469442A8BF9C
:105B6000144600950022254407EB040A6846CDE957
:105B70000175CDF80CA0FFF7CCFF024630B12C44E4
:105B8000029431466846FFF73BFFD9E7A9EB040BC7
:105B900031466846CDF804B0CDF80C90FFF7B9FF58
:105BA000024628B125440295ABEB04040194E8E7D2
:105BB000A8EB0405314668460095CDF80880FFF74C
:105BC000A8FF024610B12D1B0095EDE7314668464F
:105BD0000197CDF80CA0FFF79CFF0028AFD02D1B3C
:105BE0000095CEE70020ABE702688B689A420EDC96
:105BF00082680B689A420ADB4268CB689A4206DCEC
:105C0000C0684B689842B4BF002001207047002054
:105C100070472DE9F34107680B689F420C46154613
:105C200003DA002002B0BDE8F081436849688B4286
:105C3000F7DB8668A1688E42F3DCD0F80C80E1685F
:105C40008845EEDCFAB169462046CDE90073FFF7DE
:105C500060FF0028E5D02A46694620460096FFF7F7
:105C600058FF0028DDD02A4669462046CDE9007855
:105C7000FFF74FFF0028D4D02A46694620460096F9
:105C8000FFF747FFCEE70120CCE72DE9F0410C46B6
:105C90000546114620461646FFF7A6FF002864D0A9
:105CA00000222046FFF7B5FF002861D163687168C4
:105CB000D4F808C0D4F800E0E2689942C4BFC5E94E
:105CC00000E3C5E902C1A2EB03026168F368A3EB3C
:105CD0000101A2EB0102C8BF0120002AACEB0E07B4
:105CE00013DDE1688B4210DAD4F808E021684FEA4E
:105CF000001800F1010C05EB001045F80810C0E990
:105D0000013E1344C3604FFA8CF073686168F26817
:105D1000D4F800C09942B8BF1946E3689342A8BFBF
:105D20001346326862450EDD8B420CDD00F1010E38
:105D30004FEA001805EB001045F808C0C0E9011251
:105D4000C3604FFA8EF0B2682468141B3C1B002C11
:105D500009DD0701461C05EB0010EA512244C0E9A9
:105D60000223416070B2BDE8F0814FF0FF30FAE7E6
:105D70000020F8E72DE9F34186680B689E420C4647
:105D8000154634DBD0F80C804B6898452FDB07684C
:105D90008B689F422BDC4368C9688B4227DC1AB9A9
:105DA000002002B0BDE8F08169462046CDE90073CD
:105DB000FFF7AFFE0028F3D12A4669462046009639
:105DC000FFF7A7FE0028EBD12A4669462046CDE919
:105DD0000078FFF79EFE0028E2D12A466946204659
:105DE0000096FFF796FE80F00100C0B2D9E70120CF
:105DF000D7E72DE9F74FD1F80090D1F80C80D1F812
:105E000004A001938B68A8EB0A04A3EB090E023AE5
:105E1000D0E900650EF1010C671C132A00F2B18075
:105E2000DFE802F01F3B40455358630A686C7A83F1
:105E300087959A9DA0A3A7AB83689B1B013303EBB7
:105E4000D3720CEBDC735B10C3EB6203C268521BB2
:105E5000013207EBD77402EBD2726410C4EB620418
:105E60000AE083689B1B013303EBD3720CEBDC73FA
:105E70005B10C3EB62030024019A334413440C9A71
:105E80000B602C4414444C6063443C44013B013C93
:105E90008B60CC6003B0BDE8F08F83689B1BA3EBE5
:105EA0000E03E8E7C3685B1B1C1B0023E4E7836861
:105EB0009B1B013303EBD3720CEBDC735B10C3EB66
:105EC0006203C268521B141BD6E783689B1BA3EBBB
:105ED0000E03F6E7C3685B1B013307EBD77403EBD4
:105EE000D3736410C4EB6304DFE783689B1BA3EBED
:105EF0000E03ABE76FEA08045444D6E783689B1BA4
:105F0000013303EBD3720CEBDC735B106FEA080414
:105F1000C3EB62035444AFE783686FEA08089B1B36
:105F2000A3EB0E0308EB0A04A6E7C468641B013464
:105F3000BBE783689B1B013303EBD3720CEBDC7371
:105F40005B10C3EB6203C468641B013494E783688D
:105F50009B1BA3EB0E03F6E7DB434B448BE7DB43D2
:105F60004B4473E7DB434B44ABE783689B1B013334
:105F700081E783689B1B013368E783689B1B0133C0
:105F80009FE70024234677E72DE9F04F85B08B4645
:105F90009DF84010029199460746DDE90E3812B986
:105FA000B9F5807F09D03E463C4600255D4504F1A9
:105FB000080408D18ABB14462AE0B3F5807FF2D1E9
:105FC00005B0BDE8F08FD8F8000054F8081C091A95
:105FD00044F8081CD8F8040054F8041C091A44F8C2
:105FE000041C0135E2E756F8082C02FB09F1D8F849
:105FF000002002EB212246F8082C56F8042C02FB64
:1060000003F1D8F8042002EB212246F8042C0134D5
:106010005C4506F10806E6D1D2E7B2F5616F52DDC4
:10602000A2F561626FF009000A2192FBF1FA00FB10
:106030000A240FFA8AF00E93E4F72EFF0AF1010505
:10604000019028B2E4F728FF05460AF15A0000B291
:10605000E4F722FF03900AF15B0000B2E4F71CFFB3
:10606000019B039AC4F10A0C654303FB0C5544439E
:106070000E9B0A2102FB0C4495FBF1F594FBF1F415
:106080006D116411002058459AD0B9F5807F57F8FA
:1060900030A07168D8F800C01AD1B3F5807F17D14D
:1060A0000AFB04FE01FB15EE0CEBAE2C47F830C0EA
:1060B0006143D8F804200AFB051102EBA1227260AB
:1060C00001300836DFE7002AB8BF02F56162A9E7B0
:1060D000029A92B10AFB09F2594302FB04FE01FB4A
:1060E00015EE0CEBAE4C614347F830C002FB0511D6
:1060F000D8F8042002EBA142E1E70AFB04FE01FB11
:1061000015EE09FB0EFE61430CEBAE4C0AFB0511CC
:1061100047F830C05943EBE71FB59DF81C40029487
:10612000069CCDE9003413460A460121FFF72CFFF7
:1061300004B010BD83680068181A01307047C36846
:106140004068181A01307047D1E90012C0E9001206
:106150007047C0E90012704730B50246D0E90054DC
:106160000B46D1E9000182E80300C3E9005430BDC9
:1061700000F0C043B3F1005F12D120F0C0436FF0D4
:10618000604293420CD0B3F1805FA2BFC3F17F6342
:1061900003F57F2303F6FF734B43642093FBF0F07A
:1061A0007047002310B5C0E901310446C26002FB0C
:1061B00001F0E5F7CBFB01232060237410BD10B57F
:1061C0000446006828B1237C0BB1E5F7D9FB002316
:1061D00023600023C4E9013310BD70B5067C04467A
:1061E0000D4616B90026304670BDC1680068694387
:1061F000E5F7D0FB0028F5D063682060AB42A560CE
:1062000088BF6560EFE738B50D46D0E901139942C4
:10621000044609D0D4E90003E26803FB02004DB94B
:10622000294601F048FC08E00431FFF7D6FF0028BA
:10623000F0D138BD294601F048FB63680133636043
:106240000120F6E743688B4283BFC368006803FB05
:106250000100002070474068704770B5C468D4E9F9
:106260000056E5F743F82046E5F78AFB30462B4613
:10627000BDE8704018471FB502460023C0B2C2F304
:10628000072460F3070364F30F23C2F3074262F3AA
:10629000174361F31F63184604B010BD030A420997
:1062A00002F4FC6203F478431343C0F3C4001844BF
:1062B00082B080B202B0704700F47F020346C0B2E1
:1062C00000F17F40104403F47F4382B0184402B0D1
:1062D000704708B5E4F75AFD0730C0F3C70008BDA2
:1062E00000F47F0382B013FA80F002B0704707B564
:1062F000FFF7F6FF02460846FFF7F2FF131A58426F
:10630000584103B05DF804FB431A584282B058412B
:1063100002B07047002362F3070361F30F2360F3B9
:10632000174382B0184602B070474FF6FF73DAB2D7
:10633000002062F307001B0A63F30F2082B040F4D1
:106340007F0002B0704782B0002002B07047C17871
:10635000FF2912D011B9042201F0ADBB827812FBE3
:1063600001F212128270427812FB01F21212427094
:10637000027812FB01F2121202707047FF2910B46A
:106380000A461BD021B95DF8044B022201F093BBF1
:1063900001880378C1F3451103F01F0311FB02F1DB
:1063A00013FB02F309121B1243EA41134178C90897
:1063B00011FB02F1091243EAC12101805DF8044B8F
:1063C0007047C0F30743C0F3072203EB830103EBDD
:1063D000410302EB8201C1EB011102EB4102C3EB6D
:1063E000C303C0B21344C0EBC00003EB800082B013
:1063F000C0F3072002B07047C0F34512C0F3C423B6
:1064000002EBC20101EB011103EB830300F01F005B
:1064100002EB8102C3EBC313C0EBC000134400EBDB
:1064200040101844C0F307207047837803EB8302C1
:1064300003EB4203427802EB8201C1EB011102EB54
:106440004102C3EBC30313440278C2EBC20203EB65
:106450008200C0F307207047C0F30743C0F3072250
:1064600003EB830103EB410302EB8201C1EB01115A
:1064700002EB4102C3EBC303C0B21344C0EBC00044
:1064800003EB800082B0C0F3072002B07047F0B584
:10649000C2F1FF0C8646C1F30744C1F30723074648
:1064A0000CFB04F4C0F30740CEF3072E0CFB03F300
:1064B000154600FB02440EFB0233CAB2FFB20CFBCE
:1064C00002F207FB052248F28106803272438033D4
:1064D0007343C2F3C75280340020744362F3070051
:1064E000C3F3C75363F30F20C4F3C75485B064F3F9
:1064F000174005B0F0BDF0B585B0B0F17D4F00910B
:10650000C2B2C0F30726C0F307454FEA10674FEA4F
:1065100011611BD2022F9DF800309DF801009DF8FB
:1065200002401ED9C7F1FF0C0CFB04F40CFB00F079
:106530000CFB03F305FB074407FB060007FB0233D4
:10654000C4F30725C0F30726C3F30722002062F334
:10655000070066F30F2065F3174061F31F6005B075
:10656000F0BD1A4606462546F0E72DE9F0410446FF
:10657000FFF771FE002607463546BE4205D1D5B964
:106580002046BDE8F041FFF71ABE31462046FFF72E
:1065900059FE294680462046FFF754FE0346D8F8A8
:1065A00000008268D20303D5E5F7EAF90136E4E793
:1065B00018600135FAE729462046BDE8F041FFF7AB
:1065C0000CBE38B5037D13F00105044607D19B07C7
:1065D00005D5FFF7CAFF237D65F34103237538BD59
:1065E0002DE9F0470D4686B09046044600283AD083
:1065F00091F818A01AF0010A4ED107460FCF01AE4C
:106600000FC63B683360237D03F0010743F00103AD
:1066100023752046FFF71FFE8146CA4522D02B7EF8
:10662000DB071FD451462046FFF70CFE02681368B3
:1066300013B90AF1010AF0E79368D903F9D4C3F357
:10664000C0314145F5D133F4004302D0A9689942E5
:10665000EFD15368EB601368284698472B7E13F000
:10666000020602D02FB101260AE0DA07E1D527B1F0
:1066700006E02E7E16F0010606D001A8FFF775FF92
:10668000304606B0BDE8F087237D67F3000323752D
:106690002046FFF796FFE6E70026F1E7F7B5044648
:1066A0000C201D460F461646E5F750F9019007608D
:1066B000019B2046C3E90156FFF7CDFD20B9042216
:1066C00001212046FFF76DFD01A92046FFF79BFD44
:1066D000019803B0F0BD70B50446FFF7BCFD00257E
:1066E0000646B54204D12046BDE87040FFF769BFB9
:1066F00029462046FFF7A6FD237D026843F00203EA
:106700002375936843F4803393600135E9E70068AB
:10671000704740687047806820F400407047006907
:106720007047C068704738B504464068C0B1036917
:10673000C3B12168984763685A68054652B1A36897
:1067400043B1013203D0D86808B1E5F719F9A06860
:10675000E5F716F90023C4E90033A360284638BDE5
:106760000B25FBE70925F9E72DE9F04F044685B035
:106770008B461546994613B10023C9F8003060686E
:10678000002800F0C4804768466917B3002E00F067
:10679000C080D0F81CA0BAF1000F00F0BA80A26847
:1067A00000230293D2E900C19668D2F80C806645B6
:1067B00024D2216800233246D047AF427DD26068A0
:1067C00002AB0093466921682B465A46B0470746FC
:1067D00053E0002E00F09D8002AB009302972168E9
:1067E0002B465A46B0470746B9F1000F02D0029B2C
:1067F000C9F80030384605B0BDE8F08F8E42D8D8D1
:106800008A1B0131561CA1EB0C01891B7B1C4144E6
:1068100002D1B54202D91546AE420BD32A4658469C
:1068200001F053F80295A268029993680B449360B3
:106830000027D9E73246584601F047F8D4E901036A
:106840005A68D0F81CA0216800230132D0470023E9
:10685000A5EB060A0393574503AB60680093B34466
:106860000ED24769216853465A46B8470746039BEC
:106870001E44AE4294BF02960295002FB4D1D2E7D7
:10688000436921689C4642463B466746B847A26832
:10689000536801331360A168039A0B689245074659
:1068A00002F1FF30034428BF92464B601FFA8AF280
:1068B0004146584601F009F8D9E7B8F1000F09D16F
:1068C0003846D4F80880E5F741F8C8F80C00A3680A
:1068D000D3F80C8060680023039303AB0093216816
:1068E000D0F814A03B464246D047A3681E60A1687A
:1068F000039A0B680746501E0344AA424B6028BF08
:106900002A4641465846029200F0DFFFB5E70B27C2
:1069100070E709276EE737B504464068134600283C
:1069200030D04268C56922B10DB1026A52B909205E
:106930000EE0002DFBD00A462168AC4603B0BDE84E
:1069400030406047012B08D0022B0BD013B1002040
:1069500003B030BDA3689960F9E7A26893680B445F
:106960009360F4E70A462168A8470028F0D16068E0
:106970002168036A01AA98470028E9D1A368019A0F
:106980009A60E5E70B20E3E72DE9F04105469046E4
:106990000E46002946D0087878B14B783A2B14BFC0
:1069A0004F1C8F1CE4F74CFA044600283CD0836847
:1069B0002BB9E3684BB9092005E00F46F2E7984789
:1069C0000028F6D10120BDE8F0816C6063680133D6
:1069D00009D0E3684246394620469847431E0333B0
:1069E00002D90C20EFE72846286063680BB9002025
:1069F000E9E71020E4F7B2FFA860636801330AD129
:106A00007368C360AA6800231360AA689360AB68C8
:106A1000B2685A60EBE74FF0FF330360AB686FF08A
:106A20000102F6E70B20CEE70320CCE72DE9F04189
:106A300080461C200F4615461E46E4F78FFF04468D
:106A400040B1C0E90087C56086611DB12846E4F702
:106A500085FFA0602046BDE8F08109B10368CA50F7
:106A6000704711B1036819444A607047033100232D
:106A700021F00301C0E901330160704738B50446D5
:106A800000680830E4F762FF054680B10146002245
:106A90002046FFF7E2FF6268FFF7E3FF616811B18C
:106AA0002A46FFF7DAFFA368656003B9A5602846A8
:106AB00038BDF8B50E46054668B161B143689942E4
:106AC00003D1BDE8F840FFF7D9BF00680830E4F70C
:106AD0003DFF044610B900242046F8BD2B68F75846
:106AE000024639462846FFF7BCFF3A462146FFF7E3
:106AF000B4FF22463146FFF7B0FF32462146FFF78A
:106B0000B0FFE9E738B5054600680830E4F71EFF36
:106B1000044688B1014600222846FFF7A2FF21461D
:106B2000AA68FFF79AFFA96811B12246FFF799FFFB
:106B30006B68AC6003B96C60204638BD38B50B4655
:106B400040B1D0E90014A3420AD10B445968416016
:106B500009B9816038BD0022BDE83840FFF77DBF2C
:106B600085685C58AB4209D184600CB94460F1E798
:106B700021460022BDE83840FFF773BF0B44214691
:106B80005D682A46FFF76DFF22462946E4E7F8B51F
:106B90000E46054608B1446804B9F8BD2B68234485
:106BA0005F6846B928462146FFF7C8FF2046E4F74C
:106BB000E7FE3C46F0E72046B047FAE700B1406800
:106BC000704700B18068704703681944486870478F
:106BD0000368C8587047914270B50C4615461BD0E3
:106BE000DAB10368D658A64216D02146FFF7A6FFB1
:106BF00022463146FFF735FF32462146FFF72DFF8B
:106C000022462946FFF729FF2A462146FFF729FF9A
:106C100005B9846006B9446070BD08B18668E2E7D2
:106C20000646E0E730B1436833B98068B0FA80F0D7
:106C30004009704701207047002070470021FFF78E
:106C4000A6BF2DE9F74F0546002800F08680B0F575
:106C5000806F00F082805E1A0C9B9B1A01EB41084A
:106C600006EB460603EB430302EB4207DA1BA6EBF7
:106C70000809C6F58066009206FB00F209EBA22C1B
:106C800000FB0CFC08EBAC2C00FB0CFCC3F5806398
:106C9000C0EBAC2C01930CF10103022B61D94FEA3C
:106CA000490B04464FF0080A02EB42020BEBA2220A
:106CB000624308EBA222531C022B0FD94FEAEC715E
:106CC0008902D3174FEA8C2041EA9C51BFF718FA8A
:106CD00020B1BAF1010AA4EB000424D1002D42DB5B
:106CE000B5F5806F41DC2C464FF48061002204FB37
:106CF00006F309EBA323634308EBA3236343981232
:106D0000C5EBA3230133022B1DD98542CCBF2246FC
:106D100021468C1A04EBD47402EB6404A24212D014
:106D20009142E4DC0FE004FB06F209EBA22C04FB29
:106D30000CFC08EBAC2C04FB0CFCC5EBAC2C0CF1F4
:106D40000103022BB0D8019B009A634302EBA323FB
:106D5000634307EBA3276743BD12284603B0BDE892
:106D6000F08F0446EFE70024EDE74FF48064EAE794
:106D700010B58A4204461846029B04DBA2420EDD8F
:106D8000A14204DB10BDA24209DAA142FADD1B1ABE
:106D9000641A5C43521A94FBF2F42044F2E718465A
:106DA000F0E75A3000B2E4F777B84B689A684A6067
:106DB00002B111600A681A601AB9036099600B6029
:106DC0007047906888420CBF93605360F6E78B6809
:106DD0005A688A6002B111600A681A601AB90360C1
:106DE00059600B607047506888420CBF53609360D5
:106DF000F6E738B50546144611B10B7B012B39D1A6
:106E00000B4629688B4234D06168994235D1A1681C
:106E10000B7B3BB901220A73284621462373FFF7F7
:106E2000D6FFA168D1E9012312B1107B012809D155
:106E300013B1187B012805D100230B732368214669
:106E40001C46DAE713B11B7B012B07D10123137317
:106E500000230B732846FFF7A8FFA168237B0B7361
:106E6000012323738A68284613732146FFF7AFFF77
:106E7000296809B101230B7338BD0B7B3BB9012293
:106E80000A73284621462373FFF78FFF61684B681A
:106E900013B11A7B012A11D18A68002ACCD0107B49
:106EA0000128C9D013B11B7B012B07D10123137318
:106EB00000230B732846FFF78AFF6168237B0B735F
:106EC000012323734A68284613732146FFF76DFF99
:106ED000CEE7F8B50E461446054650B151B100272D
:106EE00052B10C22394600F0E6FDC5E90076AC60EF
:106EF0000120F8BD0846FCE71046FAE770B50E46DB
:106F0000054610B90024204670BD0468002CF9D055
:106F10006B682169304698470028F4D0D4E90132E3
:106F2000A8BF13461C46F1E72DE9F84F89460546F0
:106F300088B1FFF7E3FF044670B91420E4F70EFDB3
:106F4000044640B1A868E4F709FD8046206130B9E5
:106F50002046E4F715FD00242046BDE8F88F002305
:106F6000C4E9013323732B6823B92C602360012308
:106F70002373F1E7C4F810902F683E46BEB927602E
:106F800026736B6839694846984700281BDA7C608D
:106F900027464FF001094FF0000A396809B10B7B11
:106FA0009BB12B6801221A73C4F81080D4E76B6878
:106FB000316920699847D6E90123374612EA20064D
:106FC00038BF1E46DAE7BC60E2E70E687368994294
:106FD0001ED1B3684BB11A7B3AB901221A7381F8FA
:106FE0000C9086F80CA03746D7E7D1F808B0BB451F
:106FF00004D12846FFF7EBFE0F46594681F80C9066
:10700000284686F80CA03146FFF7CFFE3E46EAE759
:1070100023B11A7B12B983F80C90E0E7D1F804B0E1
:107020005F4504D12846FFF7C0FE0F46594681F858
:107030000C90284686F80CA03146FFF7C8FEE5E71D
:1070400070B50C46D1E901512268002D28D019B342
:107050000B4649680029FBD1D2B15168A1420CBF4F
:10706000536093601A6899681E7B944212D001B1F4
:107070000A605160A5689D602B6025681D60257BB6
:107080001D7365685D60012E2B6019D1B0B917E0E2
:107090000360E7E71A46F0E7237B29460A6002E02F
:1070A000237B0029FAD132B15568A5420CBF51604B
:1070B0009160012BE9E7012B016001D1FFF799FEF7
:1070C00025692046E4F75CFC284670BD08B508B980
:1070D000002008BDFFF7B4FF0028F9D0E4F750FC0A
:1070E0000120F6E770B5054610B104680CB92C60B4
:1070F00070BD26466468002CFBD1B468002CF8D122
:10710000346834B16368B3424FF000030CBF63606E
:10711000A3603069E4F734FC3046E4F731FCE5E77E
:107120000C22002100F0C7BC10B5037AFF2B0446E7
:1071300002D00068E4F724FC20460C22BDE8104091
:10714000002100F0B8BCF8B5037A0446581EC2B25C
:10715000FD2A0E4630D8276807EB83052A462B44C4
:1071600012F8011BB14225D100EB8000E4F7EEFBE1
:1071700010B3237A2060013BDBB200222372013D71
:10718000114600EB830E15F801CFB44508D057F82F
:10719000223040F8213095F800C00EF801C00131CE
:1071A00094F808C001329445EDD23846E4F7E8FB84
:1071B0000120F8BD9A42D3D10020FAE773B5037AD3
:1071C0000192FF2B04460D4638D0006828B103EB2E
:1071D00083015A1E0144561C29D10133D9B201EB57
:1071E0008101E4F7D7FB064640B3217A206000EB2B
:1071F00081000A460146043003F0C3F9237A0133C3
:10720000DBB25A1E237202EB8303019AF554237AF0
:1072100003F18043013BAD0846F823201F2D63682E
:1072200028BF1F250122AA401343636006E011F81E
:10723000016DAE4204D1019B40F8223002B070BD16
:10724000013AC8E770B5047A0368FF2C0ED003EB4F
:107250008405002084420ED800200BE0814203F117
:10726000080303D163681360012003E018781C460B
:107270000028F3D170BD15F8016BB14202D153F86B
:107280002030F0E70130E5E7007AB0FA80F04009FD
:10729000704773B500230246019301B901A90B6839
:1072A000D556D05C002D03F1010402DB0C6002B066
:1072B00070BD00F0E005C02D0ED10C60125D02F033
:1072C000C004802C4CD1800100F4F86002F03F0231
:1072D000104402330B60EAE700F0F005E02D17D10F
:1072E0000C60145D04F0C005802D39D19D1C0D602B
:1072F000525D02F0C005802D32D1000380B202F051
:107300003F02A401104404F47C6420440333E1E709
:1073100000F0F805F02D0C6022D1145D04F0C005DA
:10732000802D1DD19D1C0D60555D05F0C006802E81
:1073300016D1DE1C0E60925D02F0C006802E0FD1C9
:1073400080042403AD0100F4E01004F47C3405F45F
:107350007C6502F03F020443154428190433B9E761
:107360000020A4E773B5002406460D460194019B56
:10737000AB4202D3204602B070BD01A93046FFF7F0
:1073800088FF0134F3E718B3A0F59C43B3F5A44F8D
:107390001DD300F17F4303F1FF135D2B17D9A0F537
:1073A0004053FF2B13D9A0F53A537F2B0FD9A0F5EB
:1073B00047532F2B0BD9A0F57E40A0F110030F2BC4
:1073C00005D930381F288CBF0020012070470120CC
:1073D0007047232903780BD113B9012303700BE005
:1073E000022B03D0013B5842584170470023F5E778
:1073F000012B05D1202901D0012070470223EDE7A0
:1074000000207047F8B50F461946064615461C463B
:10741000FFF73FFF386020B1206800213044FFF7BC
:1074200038FF2860F8BD2DE9FF410F4690461E4603
:10743000054620B90024204604B0BDE8F081002AAA
:10744000F8D00378002BF5D0002401940029F1D066
:10745000019BBB4203D3002CC8BFA41BEBE703AACC
:1074600002A9284601ABFFF7CDFFDDE90212404635
:10747000FDF777FE0028EBD004443444E8E72DE91B
:10748000F04F87B00025C0E900559DF848A005934E
:1074900004461746884619B312B31AF0010F119B20
:1074A000104618BF6FF060431193FDF78DFE06463E
:1074B0001FFA80FB18F8053008EB05099BB95DB190
:1074C00019F8013C0A2B01D00D2B05D1109B13FAA2
:1074D00086F2636813446360636843BBB6B2666058
:1074E00007B0BDE8F08F00230193119B00933A464B
:1074F000059BCDF808A04FF0FF314846E3F79AFD11
:107500006368109A9A1812EB0B0F01460544E7D4F2
:10751000109A5B44134463603A46059B4846FFF764
:1075200082FF23688342ACBF23602060C2E7109AC9
:107530009B1A6360D4E72DE9F0430F4685B090466F
:107540001E46054620B90024204605B0BDE8F0835C
:10755000002AF8D00378002BF5D0002401948DF890
:1075600003400029EFD09DF8309009F0080916E09B
:1075700001AB03AA02A92846FFF744FFB9F1000FA7
:1075800005D002990DF10300FFF723FF38B9DDE9BB
:1075900002124046FDF7E5FD08B104443444019B66
:1075A000BB42E5D3002CC8BFA41BCDE7037D43F04D
:1075B000010303757047037D6FF300030375E3F761
:1075C00053BE10B50446E4F7F9F92368C31A013B2A
:1075D000636010BD2DE9F047089D80460F461446B4
:1075E00099460CB9264612E04FEA540A09FB0A767E
:1075F00031464046A847002808DDE44304F0010472
:10760000AAEB040A06EB09075446EAE7FCD1304628
:10761000BDE8F08770479A4238BF8854704770477A
:107620002DE9F74F9946DDE91163174613F0020281
:1076300080468B46DDE90C54DDE90F1A9DF83800D1
:1076400000921DD103F0010C3EB1BCF1000F04D03B
:1076500010B913F00C0F00D0013E4FF0300E02E0D5
:1076600005F804E00134544501D2202CF8D1BCF1D6
:10767000000F05D04FF0300CA64201D9202C18D1B4
:10768000DA0613D55A052ED4BCB1544501D0B44204
:1076900029D1621E11D0102943D19906A4F1020408
:1076A0007ED4782129553021A954541C202C25D072
:1076B0000CE005F804C00134DEE710290DD199066D
:1076C00035D478222A7030226A700224C8B32D2261
:1076D0002A55013413E06222F4E70229FBD030225C
:1076E0002A700124F2E7102923D19A0656D4202CBF
:1076F00004D0621C78212955202AD4D120249B074C
:1077000038D03A4625441444A24237D1009B23B1D5
:10771000D51BAE4207EB050439D8204603B0BDE8BF
:10772000F08F0229BFD16221A9540132E4E7582227
:10773000C8E7022903D1202CE0D02246F3E72246F5
:10774000DAE7590701D52B22C2E71A07D7D520223D
:10775000BEE74B4659462020C0470AF1010A019B6B
:10776000564503EB0A02F4D8321BB44288BF00220C
:107770003A44C7E73B1BA2460193F0E702F1010A36
:1077800015F8010D4B465946C0475246BCE74B46DB
:10779000224659462020C0470135BAE7202CADD0FB
:1077A000621C5821A7E72DE9F04391B0189D1A9F5C
:1077B0001D9E2DB926F0100416F4806F264622D1A6
:1077C00016F0200F14BF4FF0410E4FF0610EAC4683
:1077D0000DF120080025AEF10A0EBCFBF7F907FBFE
:1077E00019C95FFA89F4B9F1090F94BF30347444B0
:1077F000E4B2BC4508F8014BBCFBF7F405F1010508
:1078000001D3202D10D11C9C05941B9C0696CDE91C
:1078100003749DF86440CDE9015408AC0094FFF76F
:10782000FFFE11B0BDE8F083A446D6E72DE9F04F86
:1078300095B0DDE91E76CDE90A2357EA0603CDE9C6
:107840000801DDE9229B269C05D124F0100314F4E5
:10785000806F1C4637D114F0200F14BF41236123E1
:107860000DF1300A0025A3F10A0831464A465B466D
:107870003846BEF795FCD2B2092A94BF3032424452
:107880004F45D2B276EB0B060AF8012B05F1010544
:1078900001D3202D14D1259B0593249B0694CDE97B
:1078A00003939DF88030CDE901530CAB0093DDE9E3
:1078B0000801DDE90A23FFF7B3FE15B0BDE8F08F3C
:1078C00007460E46D1E70025E5E70F2A70B50AD82E
:1078D000013902440346934200D170BD11F8014FB3
:1078E00003F8014BF7E700F0030301F00306B3428E
:1078F00004460D4600F0998001F120031546202D25
:1079000013F8206C04F1200403F120030DD8531E5A
:1079100023F01F03C418013B0B44024413F8011F5A
:1079200004F8011B9442F9D1D7E704F8206C13F84E
:107930003F6C04F81F6C13F83E6C04F81E6C13F8CF
:107940003D6C04F81D6C13F83C6C04F81C6C13F8C7
:107950003B6C04F81B6C13F83A6C04F81A6C13F8BF
:10796000396C04F8196C13F8386C04F8186C13F8B7
:10797000376C04F8176C13F8366C04F8166C13F8AF
:10798000356C04F8156C13F8346C04F8146C13F8A7
:10799000336C04F8136C13F8326C04F8126C13F89F
:1079A000316C04F8116C13F8306C04F8106C13F897
:1079B0002F6C04F80F6C13F82E6C04F80E6C13F88F
:1079C0002D6C04F80D6C13F82C6C04F80C6C13F887
:1079D0002B6C04F80B6C13F82A6C04F80A6C13F87F
:1079E000296C04F8096C13F8286C04F8086C13F877
:1079F000276C04F8076C13F8266C04F8066C13F86F
:107A0000256C04F8056C13F8246C04F8046C13F866
:107A1000236C04F8036C13F8226C04F8026C13F85E
:107A2000216C04F8016C203D69E7F3B1C3F1040354
:107A3000C418034615F8011B03F8011BA34229468D
:107A400002F1FF3201D0002AF4D1202A01F12005F1
:107A500003F120040BD801391A4493423FF43DAF9F
:107A600011F8014F03F8014BF7E70346EDE755F82E
:107A7000203C44F8203C55F81C3C44F81C3C55F88C
:107A8000183C44F8183C55F8143C44F8143C55F89C
:107A9000103C44F8103C55F80C3C44F80C3C55F8AC
:107AA000083C44F8083C55F8043C44F8043C203AAF
:107AB00023462946C9E710F0030310B40BD0C3F1E5
:107AC000040342B1034400F8011B984202F1FF3263
:107AD00001D0002AF7D101EB012303EB014303EBB3
:107AE0000163202A00F1200403D85DF8044B02F062
:107AF00062BD44E9083344E9063344E9043344E908
:107B00000233203A2046ECE7884210B402D38B18A7
:107B1000834203D25DF8044BFFF7D7BE884207D8F3
:107B2000421E8B420AD011F8014B02F8014FF8E7D0
:107B3000531E194403449A1A934202D15DF8044B30
:107B4000704711F8014903F80149F5E7BEF754BB46
:107B5000431E013913F8012F11F8010F0AB18242B7
:107B6000F8D0101A704770B50646FFF7EFFF451CB6
:107B70002846E3F7EBFE044618B12A463146FFF7E4
:107B8000A4FE204670BD70B5044640680D4608B19D
:107B9000FFF7F9FF236823B129462046BDE870406E
:107BA000184770BD70B50E68336805460C4633B192
:107BB00096F82220D20602D50B60FFF7F3FF26606D
:107BC00021462846BDE87040FFF7DDBF08B528B163
:107BD000DDF732FBBDE80840DEF7F2BCDEF7DCFA89
:107BE000F8E738B50546FFF7F1FF044640B12846EF
:107BF000DDF76AF929462046BDE83840FFF7D2BFD5
:107C000038BD10B50446E3F7D9FE001B10BD704720
:107C1000CB6D1BB101F15C00E2F718BE70472DE996
:107C2000F04385B004469DF830900F461046494613
:107C300015461E46DEF72CFD04F1600800FB06F336
:107C4000CDE9017300904B46324629464046DEF7A7
:107C50004DFDC4F85C80204600F060F808B1E2F702
:107C6000F5FD2046E16D00F00BFAE06D05B0BDE8D2
:107C7000F043E2F7EBBDC06D70472DE9F041C76DF1
:107C800080460C46C7B10846BE88FD88F3F73AFF28
:107C9000D8F85C3023607B782375013E013D0023DA
:107CA000C4E90133C4E90365C4E90633C4E90865DE
:107CB000C4E90A33C4E90C65BDE8F08138B5CB6B83
:107CC00005460C466BB938BDDEF766FF2846DDF782
:107CD000B3FA2146DEF76CFE18B9F3F712FFDEF7B0
:107CE00067FFE36B002BEFD12846BDE83840F1F782
:107CF000EEBE91F8583003F00303013B012B10B5A1
:107D00000C460AD8C86AE3F73BFE0023E36294F806
:107D1000583043F0030384F8583010BDC06A7047F0
:107D200038B504460D46C16B006DFEF721FA286098
:107D3000216C606DFEF71CFA686038BD2DE9F043D8
:107D400004468BB090468946DCF776FC2046F1F776
:107D5000E7FC05462046F1F7E6FC04AF0646394647
:107D60002046FFF7DDFF0297B4F84C300193B4F8DA
:107D700048300093636C3246294606A8F3F727FF84
:107D80006269069B511E0B440693A3690799581E0E
:107D900001440791089901321144099A089101336D
:107DA0001A4406A920460992F1F766FEC4E9129822
:107DB0002046DDF741FA00218046DEF709FC204627
:107DC000F1F796FA40460121DEF702FC0297B4F87B
:107DD0004C300193B4F848300093636C3246294626
:107DE00006A8F3F7F4FE6269069B511E0B44069346
:107DF000A3690799581E014407910899013211445B
:107E0000099A089101331A4406A920460992F1F70C
:107E100033FE0BB0BDE8F0832DE9F04190F8593006
:107E200003F00F030A2B8AB004460D466DD8B5F552
:107E3000616F64DA002D65DB636CAB425CD0204679
:107E4000DCF7FAFB2046F1F76BFC06462046F1F71B
:107E50006AFC04AF804639462046FFF761FF02976F
:107E6000B4F84C300193B4F848300093636C424648
:107E7000314606A8F3F7ABFE6169069BA2690B4485
:107E80000693079B13440793089B0B440893099B95
:107E900006A9134420460993F1F7EEFD65642046D8
:107EA000DDF7CAF900210546DEF792FB2046F1F71F
:107EB0001FFA01212846DEF78BFB0297B4F84C30FD
:107EC0000193B4F848300093636C4246314606A8EB
:107ED000F3F77DFE6169069BA2690B440693079B3D
:107EE00013440793089B0B440893099B06A913446A
:107EF00020460993F1F7C0FD0AB0BDE8F081A5F571
:107F0000616594E705F5616594E7002594E72DE93F
:107F1000F04190F8593003F00F030A2B1546036D1A
:107F200088BF00250E4688BF2E46B3428AB004465D
:107F300002D1436DAB4266D02046DCF77DFB204684
:107F4000F1F7EEFB07462046F1F7EDFB04A980466A
:107F50002046FFF7E5FE04AB0293B4F84C300193E2
:107F6000B4F848300093636C4246394606A8F3F7EC
:107F70002EFE6169069BA2690B440693079B13447E
:107F80000793089B0B440893099B06A913442046BA
:107F90000993F1F771FD2A46314604F15000FEF7CE
:107FA000D8F82046DDF748F900210546DEF710FB3A
:107FB0002046F1F79DF901212846DEF709FB04A9C7
:107FC0002046FFF7ADFE04AB0293B4F84C300193AA
:107FD000B4F848300093636C4246394606A8F3F77C
:107FE000F6FD6169069BA2690B440693079B134447
:107FF0000793089B0B440893099B06A9134420464A
:108000000993F1F739FD0AB0BDE8F08138B590F871
:10801000593003F00F030B2B044622D10021FFF748
:10802000FBFE002211462046FFF771FFE36B33B3DE
:10803000236C23B32046DCF7FFFA2046F1F770FBF0
:1080400005022046E36B95FBF3F5F1F76CFB29463F
:10805000226C000290FBF2F22046BDE83840FFF7A8
:108060006DBE0C2B0BD10021FFF7D6FE002211466E
:108070002046FFF74CFF4FF480721146ECE738BD05
:108080002DE9F0410E468AB00446F1F720FD304656
:10809000F3F790FD0328054614D194F8583003F007
:1080A0000303013B012B02D8E06AE3F769FC0023DC
:1080B000E36294F8583043F0030384F858300AB070
:1080C000BDE8F08107A93046F4F70FFA0128F6D190
:1080D000B5BB94F8583003F00303013B012B02D8E1
:1080E000E06AE3F74DFCE662BDF820309DF81D0024
:1080F000E363BDF822302364800094F8583000F028
:108100007C0005F0030523F07F032843184384F81F
:1081100058002046F1F74DFB2046FFF777FF636CD0
:108120003BB9A36CB3F5807F03D1E36CB3F5807FDB
:1081300002D02046F1F7DCF82046F1F7C8FCBEE794
:108140006B1EDBB2012BCFD8E76AB7420CD094F894
:10815000583003F00303013B012B30462DD9FFF7C4
:1081600002FD0028ABD0E062022DBDD15A220021D1
:108170002046F2F7D6FB5B220746059000212046F9
:10818000F2F7CFFB5C228046059000212046F2F7F3
:10819000C8FB6FF060430022CDE9013205900090EA
:1081A00043463A46314605A8FFF769F9059BADF805
:1081B0002030069BADF8223096E7FFF7D4FC00286C
:1081C0003FF47DAFE062002FCED03846E3F7D8FB16
:1081D000CAE708B502F0FBF84FF47A72A0FB02037D
:1081E00002FB0133C00B40EA434008BDE4F732B85C
:1081F00037B504460068DEF715FA05462068F3F740
:1082000079FA80F00100A07428686269836800929E
:108210009D68E288A18804F10803A847206803B09C
:10822000BDE83040F3F763BA38B50546FEF777FA94
:1082300004462846FEF775FADEF7F4F9C368DA0655
:1082400005D5002323608388013BA36038BD2368E4
:1082500023F007032360A36843F00703A360C36808
:10826000DB07F3D5636823F007036360E36843F03B
:108270000703E360EAE730B50D888C888B68C9682E
:108280000133013187B05B1B091B9BB289B200909F
:1082900001FB03F0400002906846ADF80450ADF8D1
:1082A0000640ADF80C30ADF81030ADF80E10059268
:1082B000FFF79EFF07B030BD30B50D888C888B6806
:1082C000C9680133013187B05B1B091B9BB289B2BE
:1082D000009001FB03F000EB4000ADF80C30ADF86E
:1082E0001030ADF80450ADF806400290ADF80E1015
:1082F00005921346D91C9B1A834204D36846FFF7A4
:1083000077FF07B030BD11F8033C11F8014C01F8BC
:10831000034C01F8013C0B46ECE730B50D888C8826
:108320008B68C9680133013187B05B1B091B9BB2A5
:1083300089B2009001FB03F0800002906846ADF81E
:108340000450ADF80640ADF80C30ADF81030ADF883
:108350000E100592FFF74CFF07B030BD00207047AC
:10836000004701F0E1BB0001090400F1804012B1B7
:10837000C0F804197047C0F808197047E4F7B0B89E
:10838000F7B5019001A8DDE9084716461D46E4F758
:10839000B9F9019BB6F1000C18BF4FF0010C00EBCE
:1083A00083000B1E18BF0123002D43EA4C0314BFAA
:1083B0004FF00C0C4FF0000C002C43EA0C0314BFE0
:1083C0004FF4E06C4FF0000C002F43EA0C03D0F8A0
:1083D000002714BF4FF4403C4FF0000C43EA0C035D
:1083E00022EA030301B109780EB136787600194309
:1083F0000DB12D78AD0031430CB12478240229430E
:108400000FB13F783F040C433C43C0F8004703B032
:10841000F0BD1FB50DF10F03019300238DF80F1070
:1084200000931A461946FFF7ABFF05B05DF804FB51
:1084300008B50146E4F7B8F940B10846E4F79CF9FD
:1084400000B2800000F5807080B208BD4FF4BE70AD
:10845000FBE738B5054608460C46E4F7A5F9B0B188
:108460000846E4F795F990B90846E4F785F92A68D3
:1084700001238340C2F808332A6803B202EB830366
:10848000D3F8102522F00302C3F8102538BD20468A
:108490000021BDE83840FFF7BCBFE4F70BBAFFF797
:1084A000D8BF0846FFF7C4BF4FF080531A69586918
:1084B000504370474FF08053186970474FF0805316
:1084C0005869704700F180431A68002A1FBF0022D4
:1084D0001A601B68012008BF002070474FF08043DE
:1084E0004FF46072C3F8042370474FF080434FF499
:1084F0006072C3F80823704708B5E4F77DFDBDE856
:108500000840E4F7CBB870B5A2F58074A408012642
:1085100006FA04F4054614EA010008D0A85830B160
:108520000021A950AA581A6822431A60304670BD2B
:108530002DE9F341002304460D460193904601AB1B
:108540004FF4A672FFF7DFFF4FF4827229462046F0
:10855000FFF7D9FF4FF48C72074629462046FFF7F4
:10856000D2FF064630B1B8F1000F1DD017B1D4F8D4
:108570003C353E4601AB4FF4887229462046FFF752
:10858000C2FF30B1B8F1000F03D016B90FB1D4F863
:108590003C3501AB4FF4907229462046FFF7B3FFFC
:1085A000019802B0BDE8F0814646E3E707B50190C7
:1085B00001A8E4F771FD019A01239340C0F8083542
:1085C00003B05DF804FB07B5019001A8E4F764FD72
:1085D000019A01239340C0F80C3503B05DF804FB09
:1085E0004FF48C72002101F0E6BF18B14FF48C718A
:1085F000E6F730B9704710B40C46012C11461A4604
:1086000008D81CB95DF8044BE5F7F8BB5DF8044BDE
:10861000E5F736BA6FF020005DF8044B70472DE99E
:10862000FF4701291E468046DDE90C34154658D81F
:1086300082B32A0758D1002949D10DF110091D44F0
:10864000EC461A4603F1100A674610685168E64680
:10865000AEE8030008325245F446F6D122461946E8
:108660004046E5F7CBFBB0B933582258534023506E
:1086700004301028F8D132463B4603CB4B451060FE
:1086800051601F4602F10802F6D1AA45534604F193
:108690001004D5D1002004B0BDE8F087C25851F8CD
:1086A00003C082EA0C02E2500433102BF6D12246BA
:1086B00021464046E5F7E4F90028ECD1103D04F1ED
:1086C0001003214606D01C460023781BE6E73146FE
:1086D0005F19F9E754F8042B46F8042B9C42F9D1B2
:1086E000D8E76FF02000D6E76FF02100D3E710B590
:1086F0000446FFF77AFF2046BDE81040E6F7BCB815
:1087000010B54FF48C710120E6F7B0F8044608B1BB
:10871000FFF766FF204610BDE5F72EB9E5F760B814
:10872000FFF77DBFFFF767BF4822002101F043BF7D
:1087300010B5044608B1E6F78DF82046BDE81040B4
:10874000E6F79AB808B5E6F7DBFB002818BF6FF02C
:10875000040008BD38B5084614461D461146C3F747
:10876000DDF908B92C6038BD6FF08300FBE730B548
:1087700087B01D460DF1170303920024009303AA4E
:108780000DF116038DF81740E6F77CF850B99DF807
:10879000170005B128709DF816200399E5F7ECFC49
:1087A00007B030BD2046FBE700230B606FF086006A
:1087B00070472DE9F34747683F0ADDE90A9A044606
:1087C0000D461646984611D1CDE9009A00F018FEE4
:1087D00010F1860F0CD14346324629462046CDE99A
:1087E0000A9A02B0BDE8F04700F094BA6FF0860034
:1087F00002B0BDE8F087009BE6F7A6B8009BE6F75D
:10880000A3B838B51C460368154623B1E6F760F8EF
:1088100000B9256038BD6FF08800FBE72DE9F04115
:1088200094B004460D461E464C22002101A8DDF8F6
:108830006C801D9F01F0BFFE214633462A4601A8E9
:10884000E6F782F8044648B9B8F1000F0DD11C993B
:108850003A4601A8E6F73CF8044678B101A8E6F7E5
:1088600059F8204614B0BDE8F0811A99424601A893
:10887000E6F7AAF804460028E9D0EFE71E9B1F6040
:10888000ECE700F4E040B0F5805F04D0A0F50053C1
:10889000584258417047012070473AB1002918BF2B
:1088A0000023D21A2121184401F085BE704738B543
:1088B00013464FF480420D46E6F710FA044640B9DD
:1088C000286843681B0A04D000F049FD2C606FF053
:1088D0008504204638BD2DE9F04F89B09B46002322
:1088E0008DF81B30159BDDF85080002B91460B4610
:1088F0000E460CBF4FF400624FF4806207A9DDE919
:1089000012A7E6F7EBF9044608BB079D0DF11B0221
:1089100029883046E6F750FA0446C0B99DF81B3066
:10892000BB4226D868686A6E000A05F1200123D18F
:10893000CDE90338CDE901BACDF800903346284699
:10894000FFF76CFF10F1860F044600D008B1C8F89D
:108950000070D8F800303A4621465046FFF79DFF98
:10896000079800F0FCFC002C18BF204609B0BDE8B9
:10897000F08F6FF08904EAE76FF08604E7E72DE9EE
:10898000F341002313604668D0F8148004460F4674
:108990003046114600F0E5FC054688B9304600F047
:1089A000E2FC054660B9F6B276B9B8F1000F05D120
:1089B000A06820F47F4020F0030060B16FF08605CE
:1089C000284602B0BDE8F0810146606900F0A1FCD4
:1089D0000028EDD1F2E762884FF6F8739A4219D871
:1089E00094F80480B8F1000F00D101A83946E6F7E9
:1089F0001DFB05460028E3D10FCC3F683E460FC65D
:108A000094E8030086E80300B8F1000FD8D1019B79
:108A10007B61D5E76FF08505D2E7434213F07F0312
:108A200006D0722B24D0712B58DD6FF08300704775
:108A300010F1720F1CD010F1710F1CDA10F5C44F39
:108A40003DD00BDC10F5C64F3CD010F5C54F42D0E1
:108A500010F5C74FE9D16FF09600704710F5C34F7E
:108A600033D0E2DB10F5C24F35D010F5C14FDCD169
:108A70006FF08500704710F13B0F11DA10F13D0FD8
:108A800026DA10F16E0FE6D010F1400F20D010F171
:108A9000700F08BF6FF0920018BF6FF0830070472F
:108AA000002820D0C1DC10F1210F14D010F1200FCC
:108AB000DED010F1220F08BF6FF08500ECE76FF0F9
:108AC000950070476FF0940070476FF08C0070470E
:108AD0006FF0930070476FF0860070473B2BC3F137
:108AE0000000CBDCDFE7704741F2052398421AD83B
:108AF000B0F5905F09D241F2010398420CD0B0F575
:108B0000885F09D06FF085007047A0F5905080B263
:108B10002923C340DB07F5D511F0070F0CBF002058
:108B20006FF086007047B0F5105FEBD121F0400385
:108B3000802B06D0B1F5807F0CBF00206FF086003F
:108B4000704700207047F8B504460F4600881E465F
:108B5000154692B1FFF795FE78B1089BD1001960D8
:108B60002088FFF7C1FF044628B93946304601F096
:108B7000FAFC079B1D602046F8BD6FF08504FAE7FC
:108B80002DE9F04F476885B03F0ADDE90E9ADDF820
:108B900040B004460D461646984615D1CDE901ABC6
:108BA000CDF8009000F0E6FB10F1860F0ED14346A1
:108BB000324629462046CDE90FABCDF8389005B0B6
:108BC000BDE8F04FFFF7BFBF6FF0860005B0BDE80E
:108BD000F08F10B5436E04461BB141212030E5F7FC
:108BE00039FE0020606610BD38B50546FFF7F1FF7D
:108BF0002B7E012B04460ED0023B012B0ED8EB69D5
:108C0000012B18BF6FF0960468220021284601F05E
:108C1000D2FC204638BDEB69002BF2E76FF09604DA
:108C2000F2E713B50446A0B101A9E6F747FA0446F6
:108C300078B90198037E022B0ED1032303760379C2
:108C4000FF2B08BF6FF0840400F074FB002818BFEE
:108C50000446204602B010BD6FF09604F4E770B5EC
:108C600014460288049E10461D46FFF70AFE68B9A6
:108C700022F4405044F20103984207D002F44F42DC
:108C8000B2F5824F02D0B2F5844F0ED1B4420FD864
:108C90002246284601F067FC321B0021281901F00A
:108CA0008AFC059B00201C6070BD6FF08500FBE70F
:108CB0006FF08900F8E72DE9FF4188461F46164608
:108CC0002AB300233B60012203A9E6F707F8044614
:108CD00058B9039D6B686A6E1B0A05F1200108D024
:108CE000284600F03CFB6FF08604204604B0BDE847
:108CF000F0814346CDE900672846FFF7B0FF044600
:108D0000284600F02CFB002C08BF0446EDE76FF06E
:108D10008904EAE770B514460288049D02F4E04035
:108D2000B0F5804F1CD122F4405644F20100864237
:108D300007D002F44F42B2F5824F02D0B2F5844F11
:108D40000ED1AC420FD81846224601F00CFC2A1B6B
:108D50000021204401F02FFC059B00201C6070BD09
:108D60006FF08500FBE76FF08900F8E7F0B50F467C
:108D700085B01E46154612B3002333601A4603A978
:108D8000E5F7ACFF044638B9039803885B0406D4C2
:108D900000F0E5FA6FF08604204605B0F0BDCDE99D
:108DA00000563B46426E00F12001FFF702FD0446EB
:108DB000039800F0D4FA002C08BF0446ECE76FF0EB
:108DC0008904E9E72DE9F0411F4688B00023CDE989
:108DD0000533064688463B601546002A57D0B2F157
:108DE000005F57D206AA05A9FFF7C9FD044638B9A6
:108DF000059A536E83B973681B0A07D06FF0860417
:108E0000059800283FD0FFF7EFFE3CE0412D02D946
:108E10006FF08504F4E755665388079307AB029318
:108E200002F164030193536E0093414602F1200363
:108E300030462A46FFF7A4FE04460028E0D10599F3
:108E4000079B4A88D2B94B800799059A4FF6F87369
:108E50009942DDD8338813B111889942CED17388F5
:108E600013B151889942C9D153693B60137E012BDC
:108E700007D000233B606FF09604C1E79A42BDD152
:108E8000E2E702231376204608B0BDE8F0816FF0D8
:108E90008604F8E76FF08504F5E710B5044600682E
:108EA00068B101280CD104F10800E5F733FD002377
:108EB0002360A38823F4FF7323F00103A38010BD74
:108EC0006FF08600F3E72DE9FF4105469846002341
:108ED00003932B6808461746002B3CD1B8F1000FCE
:108EE000134603A914BF4FF480624FF40062E5F704
:108EF000F5FE044688BB039E2A1D31883846E5F7F7
:108F00005BFF044648BB6B7968F300036B71736EBB
:108F1000716806F12002B8F1000F13D0090A23D1BD
:108F20000097314605F10800FFF765FC0446A0B93B
:108F3000012303982B6000F012FA0446204604B087
:108F4000BDE8F081090A0FD10097314605F108000C
:108F5000FFF754FCEAE76FF088042846FFF79DFF0F
:108F6000039800F0FCF9E9E76FF08604F5E70123C8
:108F7000FFF7A9BF38B50546006898B112B90024BB
:108F8000204638BD01280AD105F10800E5F71CFD8F
:108F900004460028F3D02846FFF77FFFF0E76FF084
:108FA0008604F8E76FF08804EAE72DE9F04105460A
:108FB00000680E4617469846C8B16A79D20716D59A
:108FC0002A79A2B1BA4215D8012816D105F10800B4
:108FD000FFF717FC044698B10023C8F800702B7106
:108FE000A6B92846FFF759FF2046BDE8F0816FF08B
:108FF0008804F1E76FF08904EEE76FF08604EBE791
:1090000026B92846BDE8F041FFF747BF2146D8F80A
:1090100000303A463046FFF740FC2846FFF73DFF58
:10902000002C08BF0446DFE71FB501240394089C09
:109030000294079C0194069C0094FFF74CFC04B03A
:1090400010BD036819430CBF0120002070472DE9B3
:10905000F04786B007469A460023059307F0FE4383
:10906000B3F1106FDDE90E58109E084691460BD003
:10907000002D46D13560284600F071F96FF0860466
:10908000204606B0BDE8F0873A4605A9FFF70FFC79
:10909000044628B175BB3560059800F060F9EFE72C
:1090A00005990B8823F0FF03B3F5E24F02D0B3F527
:1090B000E44F0CD14B880733B8EBD30F07D21DBB5D
:1090C0003560084600F04BF96FF08904D8E7CDE928
:1090D0000186009553464A463846E5F7C3FD0446E7
:1090E0003DB90598356000F03AF9002C08BF0446F8
:1090F000C6E760B141462846E5F796FDC6F8008010
:10910000CAE76FF08604F5E76FF08904F2E7059887
:1091100000F025F90446B3E7E5F786BD08B50088F9
:10912000DDE90221FFF7ADFB20B1BDE808401046A4
:10913000E5F77ABD6FF0850008BD2DE9F04F8BB0E3
:109140001F46DDF850800023C8F80030CDE9073312
:10915000438805460E469146002B00F0D3800388D5
:1091600003F4E043B3F5804F00F0CC80394630463D
:10917000FFF767FF002800F0C58008AA07A9284666
:10918000FFF7FDFB044628BB079A6B68526E002A66
:109190003DD11A0A40F08980B5F800A06988504690
:1091A000FFF76FFB78B15046FFF79EFC044688B985
:1091B0000AF4E043B3F5805F02D0B3F5005F10D14D
:1091C0000731CA081DE02AF0FF03B3F5E24F5FD074
:1091D0006FF085040798002800F09080FFF704FDE9
:1091E0008CE00AF44F43B3F5844FE9D047F2010312
:1091F0009A4531D149080131C90801EBC10101F19A
:109200003B020992099B079A412BE1D85366079BC1
:109210009A4603F1200B6B685AF8642F1B0A65D13C
:109220002B88590449D4CDE9012ACDF800B03B463A
:109230004A4631462846FFF771FF0446079B002C3B
:1092400056D15A69C8F800201A7E012A54D0C8F8AD
:1092500000406FF09604BDE744F201039A4503D144
:10926000C90801F11002CCE747F202039A4505D183
:10927000C90801EB410101F15A02C2E744F20203BD
:109280009A4505D1C90801EB410101F14A02B8E74D
:109290002AF0FF00B0F5E24F92D0B0F5824F01BF47
:1092A000CC1DE4086400621CABE709A92846FFF75F
:1092B0007BFA04460028A5D08CE703F44F41B1F5B2
:1092C000824FB0D147F212118B42ACD16B88B3F50B
:1092D000807FA8D1534659462846059200F0B7F83A
:1092E00010F1860F059A0446A8D19CE76FF086041A
:1092F0000798FFF76EFC6DE702221A7620460BB046
:10930000BDE8F08F6FF08604F8E71822002101F025
:1093100052B903466FF040420846591E914207D3A6
:1093200038B103F1404393428CBF002001207047C5
:1093300001207047034668B1017E8A1E012A0BD8BE
:109340000329C26903D1012A01D1FFF74DBC1AB12B
:10935000013ADA61002070476FF096007047FFF71E
:10936000E9BF00207047C0B2002814BF6FF085002D
:1093700000207047F8B5089F1E463B680D4614460E
:1093800063B1B3F5807F38D1038844F2121293425F
:1093900023D1412C09D06FF08600F8BD038844F238
:1093A000121293420FD1412C27D1681C00F04AFAC7
:1093B0000028F0D14FF480733B60069B9C4213D988
:1093C0006FF08900E9E747F21212934215D1202C81
:1093D00013D1284600F044FAEAE747F2121293420A
:1093E0000BD1202CD7D1F4E722462946304601F094
:1093F000BAF8079B00201C60CFE76FF08500CCE730
:1094000070B50446184626886488B4F5807FDDE987
:10941000043513D147F21214A6420FD1202A10D1DD
:10942000402B11D9042300F8013BE6F771F808B985
:1094300041232B60BDE87040E5F756BE6FF0850014
:1094400070BD6FF08600FBE76FF08900F8E730B57C
:10945000202A91B0084614461D4609D16946E6F710
:1094600009F800B92C6011B0BDE83040E5F73CBE0A
:109470006FF0890011B030BD70B51446202CDDE9C5
:109480000426DDE90603089D0CD1412E0AD11F2BCD
:109490000BD90132E6F710F800B92C60BDE8704036
:1094A000E5F722BE6FF0860070BD6FF08900FBE724
:1094B00040F8041B1C22002101F07DB8F0B5002407
:1094C00005462646204652F8247051F82430DB1910
:1094D00046EB06071B1845F8243004F1010447F158
:1094E0000000082CEFD1F0BD002370B506461846E9
:1094F00052F8235051F82340641B65EB0505241AEC
:1095000046F8234003F1010365F10005082BC5F17E
:109510000000EDD170BD70B504395642041F013A08
:109520001C3054F8043F51F8045F134035402B437E
:1095300084422360F5D170BD002330B5044618463F
:1095400054F8232051F8235001336A40082B40EA95
:109550000200F5D130BD70B50446056816680020DC
:109560000346E1FB6653256056686568E1FB665378
:1095700065609668A568E1FB6653A560D668E568F6
:10958000E1FB6653E56016692569E1FB66532561D9
:1095900056696569E1FB665365619669A569E1FBFA
:1095A0006653A561D569E269E1FB6523E261226A40
:1095B0009B182362404170BD10B50438A1F1200210
:1095C0004B7F0C7F1B0443EA0463CC7F23438C7FD7
:1095D000043943EA04238A4240F8043FF0D110BD25
:1095E0000B1F1C3153F8042F120E02775A88427752
:1095F0001A68120A82771A68C2778B42A0F10400B7
:10960000F0D1704770B588B01E460446FFF756FF8C
:109610003246054621466846FFF766FFC0F1010263
:109620002A4369462046FFF776FF08B070BD2DE952
:10963000F04F8BB00E46074691460021242201A828
:10964000D3F840A0984600F0B6FFA6F1040B1C36F4
:10965000D9F800305BF8041F019D4A4601A803FBBE
:109660000155FFF778FF0AFB05F5044642462946F7
:1096700001A8FFF770FF01AA04440823516842F8CB
:10968000041B013BFAD15E450994E1D1424601A990
:109690003846FFF729FFC0F101022243C2F101025F
:1096A0003846FFF738FF0BB0BDE8F08F0B4601F1ED
:1096B00020020146FFF7BBBF30B589B004460D4616
:1096C00068460121FFF7F4FE2B466A4621462046F4
:1096D000FFF7ADFF09B030BD38B504461546FFF7BA
:1096E000E7FE29462046BDE83840FFF7DFBF2DE9F9
:1096F000F04389B01446064601226846FFF70BFF87
:10970000224601213046FFF7E7FF25682746023D44
:1097100004F11C094FF02008EB0705D523466A46E3
:1097200031463046FFF783FF23466A46694668465E
:10973000FFF77DFFB8F101084FEA5505ECD14F4521
:1097400002D057F8045FE5E709B0BDE8F08330B513
:1097500089B00446154668460122FFF7DCFE29461B
:109760006846FFF7A9FF69462046FFF739FF09B0B1
:1097700030BDF0B599B004460D4616461146684610
:109780001F46E5F7BDFC3246694608A8E5F7B8FC78
:109790003A4669466846E5F7B3FC08A91E9A0846AA
:1097A000E5F7AEFC224669466846E5F7F1FC08A9F4
:1097B0002A460846E5F7ECFC6A4631463046E5F7AE
:1097C0009FFC6A46694610A8E5F79AFC6A4610A90C
:1097D0006846E5F795FC10A922460846E5F790FC97
:1097E00008AA11462046E5F78BFC10AA2146204620
:1097F000E5F7CEFC10AA21462046E5F7C9FC6A46EB
:1098000021462046E5F7C4FC10A922460846E5F7A4
:10981000BFFC10A908AA0846E5F772FC2A4669466B
:109820006846E5F76DFC6A4610A92846E5F7B0FCE6
:1098300019B0F0BD08B5FFF76FFC003818BF012064
:10984000404208BD00B591B0024608A96846E5F758
:10985000B3FC002818BF6FF0010011B05DF804FBE5
:1098600010B588B001466846E5F772FC2021044631
:109870006846E4F7EFFF002C0CBF20466FF00200B3
:1098800008B010BD2B2904D0302912D06FF085000C
:1098900070474FF47A714388B3FBF1F31360438848
:1098A000B3FBF1F001FB10339BB24B43536000203C
:1098B0007047037913600023F8E741F26703984289
:1098C0000ADC40F67A53984208DD0F234000B0FBD3
:1098D000F3F03530C0B27047642070470020704705
:1098E00000691C30FFF7CEBF37B50C4605698368A9
:1098F00001A95B68984748B9019B2A685A4001232F
:1099000003FA04F10A4214BF1846002003B030BD28
:1099100070B4034600681979DB8843F48032056926
:10992000866813F0010F4FF001042B6804FA01F46C
:1099300014BF2343A3432B60336870BC184738B56A
:10994000044601790068FFF7CFFF217B0546A06838
:10995000FFF7CAFF40EA450038BD38B545680469DD
:109960002846FFF7ECFF2278C0B240EA82020E2AB6
:109970001FD80123934042F6140213421BD144F234
:109980008212134214BF0122002263782070134414
:109990005BB26370298A51B9A97CE27093FBF1F143
:1099A000A170AA7C93FBF2F102FB113363700020DB
:1099B00038BD0022E9E74FF0FF32E6E770B54468B2
:1099C00006690546206800F0B4F818B96FF0150470
:1099D000204670BDA06800F0ACF80028F6D0204604
:1099E000FFF796FF10B16FF00404F1E704F10800EF
:1099F000FFF78EFF04460028F5D12846E5F752FE12
:109A00000028F0DB6868FFF79AFF3070E0E738B5B0
:109A100004460029006821790CBF4FF400154FF06F
:109A2000E8652A46E5F72CFEA068217B2A46BDE8BA
:109A30003840E5F725BE10B58B690C465868002103
:109A4000FFF7E5FF04F12400BDE81040E6F7E8BBAE
:109A500010B5CB680C4658680021FFF7D8FF04F119
:109A60001800BDE81040E6F7DBBB10B550F80C4C11
:109A700023692046D3E90821904760680121BDE8A9
:109A80001040FFF7C4BFF8B50446076940680E46AA
:109A900000211546FFF7BBFF0021A42000F01EFCAB
:109AA000C7E9085601216068FFF7B1FF0020F8BD43
:109AB00070B504786FF34104047004F00105048864
:109AC0008D42C4F38D0609D1B24203DD6FF38F04DA
:109AD000048070BDB61A66F38F04F9E7D3E900136A
:109AE00014F0010F18BF19468E4208D21644B6F57D
:109AF000804FF0D343F6FF7363F38F04E8E785F0FC
:109B0000010444F00204E3E7008820F0020080B280
:109B1000003818BF01207047007800F0010070473E
:109B20000078C0F34000704708B1C1F77BBF7047B1
:109B3000704740B1C368587810F001001EBF187814
:109B4000B0FA80F040097047EFF31183202383F3CC
:109B50001288BFF36F8FFEE708B5FFF7F5FF10B56A
:109B6000D0E9003433B90020E268537843F00103B0
:109B7000537010BD204698470028F4D00028B8BF85
:109B80004042E368FF28A8BFFF201870ECE700F010
:109B900012BD00F0E8BC704710B400F10C04C0E93D
:109BA00003445DF8044BE9F777B82DE9F04F89B02D
:109BB000DDE9126705463B46914606A83246059107
:109BC00000F007FCDDE9063405F1140ACDE90234A2
:109BD000EFF311844FF0200888F31288BFF36F8FE2
:109BE00005F10C0B05994A462846E8F759FF30B1B4
:109BF00084F31188BFF36F8F09B0BDE8F08F3E4347
:109C0000F6D0DDE9022306A800F007FCDDE90667CF
:109C10005A46CDE9006721465046E6F725FDEFF3A9
:109C2000118488F31288BFF36F8FDBE738B50446E1
:109C3000EFF31185202383F31288BFF36F8FE8F7CA
:109C4000F7FE04F10C0000F035FB30B1294604F1B9
:109C50001400BDE83840E6F783BD85F31188BFF3F3
:109C60006F8F38BD4169836843EA010212F0030235
:109C70000FD1C2600269013A01FB023382689A4245
:109C800001D900207047C2681A604269C3609B1AFC
:109C9000F4E76FF0150070472DE9F04105460F46D7
:109CA000EFF31188202383F31288BFF36F8FC66808
:109CB000F6B90468A0421BD0D4B1D4E900321360D5
:109CC0005A60637BA66023F002036373C4E90066F5
:109CD00004F1180000F056FB2046E667676100F0CB
:109CE0008AFA414605F10800BDE8F041E6F738BDC3
:109CF0003E60AB69EF60013BAB6188F31188BFF355
:109D00006F8FBDE8F08108B52024EFF3118384F351
:109D10001288BFF36F8FEAF704F8F6E7D0E9003254
:109D200013605A60427B002322F00202C0E9003334
:109D300042738360704790F90E308B4201D0E6F792
:109D4000BFBC0020704703460020C3E90200C3E9FE
:109D500000337047D0E9003213605A60427B002321
:109D600022F00202C0E900334273836070472DE99C
:109D7000F843914604469DF820200D4600F108075F
:109D8000EFF31186202181F31288BFF36F8F02B1A8
:109D90004568D4F80880474518D0B8F1000F15D0B1
:109DA0004046FFF7D7FF08F1180000F0EBFA002358
:109DB000C8F87C30C8F81490404600F01CFA3846C9
:109DC0003146E6F7CDFC0020BDE8F883ABB10821B1
:109DD0000020E7F741F9002838D00122C0F80490AC
:109DE0000260016801F003015DB922680A43026064
:109DF000626820606AB960600BE0C9F800304846CC
:109E0000EFE72A68032A16D80160616869B9C4E9D6
:109E10000000042104F1100000F07FFB0028CED1E7
:109E200086F31188BFF36F8FCEE70A6802F0030252
:109E300002430A60DFE722F003020A4302602A6855
:109E400002F0030240EA02032B60E2E76FF00B002E
:109E5000E6E710B5044630B10268930703D04468C2
:109E600009B100F079FB204610BD0023C0E90033A2
:109E700000F10803C0E9023300F11003C0E9043324
:109E80007047F8B500F10806EFF31187202383F33C
:109E90001288BFF36F8F8568AE4200F1100417D0AF
:109EA000B5B12846FFF756FF05F1180000F06AFA31
:109EB00000232846EB676B6100F09DF908212046DE
:109EC00000F02BFB39463046BDE8F840E6F748BCC9
:109ED0000821204600F021FB0028F3D187F31188E8
:109EE000BFF36F8FF8BD07B50123009300230A4627
:109EF0001946FFF73CFF03B05DF804FB07B50023EC
:109F00000A4600931946FFF732FF03B05DF804FBE1
:109F100000680021FFF79DBF5AB18A4209D300F1C2
:109F20001003C0E90212C0E90000C0E904330020B8
:109F300070476FF015007047026801238B4022EADA
:109F40000303036022FA01F000F00100704770473C
:109F500010B5032104460C30FFF7EEFF30B104F1D9
:109F6000100000F00FFAB0FA80F0400910BD20B1E7
:109F700000221146D03000F0CAB9704770B5C368EE
:109F8000C3F340069B07044616D4856802210C30B3
:109F9000FFF7D2FF80B1D5F8C8206AB194421DD135
:109FA00022689EB9D5F8CC30C5F8C8209C4201D1B2
:109FB000C5F8CC2000232360E36813F01F001EBF08
:109FC00043F00203E36040F0020070BD3260D5F858
:109FD000CC20944208BFC5F8CC60EBE71646126867
:109FE000DBE773B50446EFF31185202383F3128872
:109FF000BFF36F8F0023A0F11006032104380193F3
:10A00000FFF79AFF28B1A369019301A93046E6F74B
:10A0100071F885F31188BFF36F8F02B070BD38B54A
:10A0200004460D461022002100F0C5FA656038BDD7
:10A0300013B501900846EFF31184202383F31288AF
:10A04000BFF36F8F01A9E6F755F884F31188BFF3CA
:10A050006F8F02B010BD10B5FFF7EAFF041E08DDD8
:10A06000EFF31180202383F31288BFF36F8FE6F79D
:10A0700089FB204610BD70B50D46EFF311862023F5
:10A0800083F31288BFF36F8FE6F78EF8044686F3EA
:10A090001188BFF36F8F38B14FF0FF324FF0FF33AD
:10A0A00005F11000E5F7E2FE204670BD08B5E82294
:10A0B000002100F080FA08BD38B5302204460D4674
:10A0C000002100F078FA4FF480736560E36038BDDA
:10A0D00038B50446EFF31185202383F31288BFF3CC
:10A0E0006F8FFFF735FF2046FFF748FF85F3118894
:10A0F000BFF36F8F38BDF8B504460D46EFF31186F8
:10A10000202383F31288BFF36F8FC36803F01F030C
:10A11000002B14BF0127002705D186F31188BFF358
:10A120006F8F3846F8BDFFF713FF2046FFF726FF75
:10A1300029462046E5F7C0FF86F31188BFF36F8FED
:10A140000028EED04FF0FF324FF0FF3305F108004A
:10A15000E5F78CFEE5E7D0E9003213605A60427BF8
:10A16000002322F00202C0E900334273836070478B
:10A17000EFF30580003818BF012070476FF05700DB
:10A180007047D0E9003213605A600023C0E9003301
:10A19000704708B5FFF7F5FF437B23F002034373D5
:10A1A0000023836008BD38B504460D46E6F7EAF99A
:10A1B000637B43F002036373E5B1A5602B689D42A6
:10A1C00009D16B68C4E900531C606C6012E06A68D6
:10A1D0009A42F6D01B68002BF3D094F90E2093F925
:10A1E0000E108A42F3D09142F1DD5A68C4E9003280
:10A1F00014605C6038BD10B5EFF31184202383F345
:10A200001288BFF36F8FE6F77BF984F31188BFF3F1
:10A210006F8F10BD08B5EFF31181202282F31288F1
:10A22000BFF36F8F83680BB1FFF7B3FF81F3118822
:10A23000BFF36F8F08BD10B50146EFF311842023E3
:10A2400083F31288BFF36F8F437B13F0280F0AD17B
:10A2500083680BB1FFF79DFF4B7B23F004034B7327
:10A260000846E6F74DF984F31188BFF36F8F10BDF0
:10A2700001211838FFF7DFBF08B50346EFF311815E
:10A28000202282F31288BFF36F8F0068834207D0C9
:10A2900008B1FFF77EFF81F31188BFF36F8F08BD10
:10A2A0000020F8E710B5FFF7B5FFBDE81040183003
:10A2B00000F068B838B504680546AC424FF00000BD
:10A2C00000D138BD002CFCD02046FFF7EBFF204624
:10A2D000FFF791FF2C680120A542F1E738B50C4645
:10A2E0000546E6F7F7FAB4F1FF3F08BFB5F1FF3FC7
:10A2F0001FBF47F6FF7300224FF47A71C0FB013293
:10A300001ABFD80B40EA42404FF0FF3038BD38B595
:10A31000EFF31185202383F31288BFF36F8F046856
:10A32000A04212D09CB1E16762612046FFF731FF85
:10A3300004F1180000F026F82046E6F7E1F80120C5
:10A3400085F31188BFF36F8F38BD0020F8E72046F2
:10A35000F6E710B5E6F79AFC0446E6F79FFC74B101
:10A36000D4E904321B1A62EBE072B3F1004F72F1D0
:10A37000000104DA002AACBF1846002010BD6FF0BF
:10A380000040FBE738B50246EFF31185202383F345
:10A390001288BFF36F8F036893B1E6F777FC04462A
:10A3A0001046E6F785FC844204D1FFF7D2FF002176
:10A3B000D9F7B2FB002085F31188BFF36F8F38BD4A
:10A3C0006FF01500F7E708B5E6F75CFD08BDE6F7A6
:10A3D00059BDB3F1FF3F08BFB2F1FF3F70B504466E
:10A3E0001D46164613D01A4315D06FF00102921B7A
:10A3F0004FF0FF3363EB0501002904DAE6F742FD75
:10A40000821941EB0501C4E90021204670BD4FF0DF
:10A41000FF321146F7E70022FBE7B3F1FF3F08BF29
:10A42000B2F1FF3FF8B5074616461C4610D054EA75
:10A43000020311D0E6F726FDB0420A46A1410346C9
:10A440000AD2F31A64EB0204C7E900343846F8BDB7
:10A450004FF0FF331C46F7E70023FBE710B5044637
:10A46000FFF790FFA8B9636A0BB12046984704F143
:10A470001800FFF701FF60B1FFF7BDFEEFF3118099
:10A48000202383F31288BFF36F8FBDE81040E6F7F7
:10A4900079B910BD2DE9F041846805460E46D4B166
:10A4A0006378012B22D114F8533C9A0711D5A4F1FB
:10A4B00060073846FFF7F6FE082E0CBF6FF0030367
:10A4C0000023E36114F8533CDB0602D13846FFF762
:10A4D00092FE00232370EB68C3F3863216430020FC
:10A4E00066F39433A860EB60BDE8F081022BF0D1F5
:10A4F0002378002BEDD054F8048CB8F1000FE8D08D
:10A5000004F11400FFF73EFFA4F114070023E362F7
:10A5100039464046FFF78CFDDBE738B5EFF3118590
:10A52000202383F31288BFF36F8F0468A04211D0F9
:10A53000D4E9003213605A600023C4E90033204696
:10A54000FFF7A8FF85F31188BFF36F8F201E18BF98
:10A55000012038BD0024F5E720B1011F50F8040C9C
:10A56000FFF764BB70470A44914200F1FF3300D10A
:10A57000704710B511F8014B03F8014F9142F9D122
:10A5800010BD884210B501EB020402D98442234673
:10A5900007D8431EA14208D011F8012B03F8012F60
:10A5A000F8E7024401468A4200D110BD13F8014D7C
:10A5B00002F8014DF7E702440346934200D1704789
:10A5C00003F8011BF9E7022B10B509D092080368C4
:10A5D0000C6840F8044B013A41F8043BF7D110BD38
:10A5E00002440C78037800F8014B904201F8013BDB
:10A5F000F7D1F4E7F8B50F46164604461D469847CE
:10A600000028314638460CDAA847002802DA3C46D2
:10A610002046F8BD31462046A8470028F8DA3446DF
:10A62000F6E7A8470028F2DC31462046A847002874
:10A63000F5DAEDE72DE9F04F95B00646009340EAD4
:10A6400002039B07144618D1B2F1040818BF4FF05B
:10A6500001080023019304FB01F7F319062906EB17
:10A66000040B029328D8029B9B4510D3019B002B1F
:10A6700040F0178115B0BDE8F08F4FF00208E8E711
:10A680004346224639462846FFF79DFF0FE05D46C8
:10A690000EE02F1B009B294638469847002809DD0D
:10A6A000B8F1000FECD12B683A682A603B603D4658
:10A6B000AE42EED3A344D6E74FEA51093F1B072928
:10A6C00004FB0969374421D0282944D9CD086543C2
:10A6D000009B06EB450271193046FFF78BFF494698
:10A6E00009EB0502009B8246481BFFF783FF3A46B1
:10A6F000009B8146791BA7EB4500FFF77BFF0246D5
:10A700004946009B5046FFF775FF8146B8F1000FA0
:10A7100024D13368D9F800203260C9F80030D94616
:10A72000BA465D460023B94557D803933146009B8E
:10A73000484698470028039B2CDC0AD1B8F1000F4B
:10A7400013D12B68D9F800202A60C9F800302544BD
:10A750000123A144E7E73A46B246D1E74346224601
:10A7600049463046FFF72FFFD9E743462246494680
:10A770002846FFF728FFEAE70BD1B8F1000F1ED1FA
:10A780003B68DAF800203A60CAF80030AAEB040A05
:10A7900001233F1BB94520D803933146009B38461F
:10A7A00098470028039BE7DAB8F1000F0ED1D9F8DB
:10A7B00000303A68C9F800203B603F1BC8E74346B9
:10A7C000224651463846FFF7FEFEDFE74346224663
:10A7D00039464846FFF7F7FEEFE7FBB9029B9B457A
:10A7E000BFF444AF5D4615E043462246394628464D
:10A7F000FFF7E9FE0DE02F1B009B294638469847DE
:10A80000002809DDB8F1000FEED12B683A682A6004
:10A810003B603D46AE42EED3A344DFE7A9EB050B18
:10A82000AA1B5A45A8BF5A462AB14346A9EB0201C2
:10A830003046FFF7C8FE029BA3EB0A02AAEB07050E
:10A84000121BAA4228BF2A462AB102994346891AF6
:10A850004846FFF7B8FE029B5D455F46A3EB050047
:10A8600004D933462F4606465D461846A54221D9EF
:10A87000B5FBF4F1019B072B0DD8B7FBF4F714AA35
:10A8800002EBC30343F8406C43F83C7C019B01336B
:10A8900001930646DFE6009B2246FFF7CBFEA74268
:10A8A0000BD8019B14AA013B019302EBC30353E9AC
:10A8B0001001EEE7A7427FF6D9AEB7FBF4F13046C0
:10A8C000E7E710B501390244904201D1002005E0CC
:10A8D000037811F8014FA34201D0181B10BD0130BD
:10A8E000F2E710B56AB10139841810F8012B11F89C
:10A8F000013F9A4203D1A04201D0002AF5D1D01ADB
:10A9000010BD1046FCE710B5024601448A421346CA
:10A9100003D01C780132002CF8D1181A10BD2DE993
:10A92000F047C3F13709074688465FFA89F903F013
:10A930001F0516464FF0000A384641462A46534640
:10A94000BBF72EFCD4B2092C88BF4C443A46434690
:10A9500088BFE4B2AA4204F1300473EB0A0306F89C
:10A96000014B07468846E7D23046BDE8F0872DE91F
:10A97000F04F89B00618994604AB41EB01040093EF
:10A9800015463046D2E900232146DDF84CB000F0F0
:10A99000ABF806AB0093D5E902230746884630465C
:10A9A000214600F0A1F8DDE90463841951EB0306A8
:10A9B000069BD5E900014FF0000228BF0122D21802
:10A9C000079B43F10003381848EB0101B84271EBD3
:10A9D0000801E9680391A96834BF0120002014EB45
:10A9E000010C039946EB010110EB0C0041F1000151
:10A9F000A04271EB060C34BF4FF0010C4FF0000C7D
:10AA0000CDE90623A9F1410A1CEB020243F1000340
:10AA1000CDF800A000F083F8129BC3E90001149B5D
:10AA2000012BDDE9062329D1D5E90201D5E900C5CD
:10AA3000201A66EB0101674578EB050534BF012557
:10AA40000025401B61F10001844276EB010534BF13
:10AA500001250025521BCDF800A063F1000300F092
:10AA60005EF8DDE90623CBE90001CDF800A0204621
:10AA7000314600F054F809B0BDE8F08F17EB070E2F
:10AA800048EB080C201946EB0601BE457CEB080894
:10AA900034BF01270027C71941F10008D5E900019B
:10AAA00086457CEB010CD5E9021534BF012000205E
:10AAB000381A68F1000C401A6CEB050192185B41E2
:10AAC000A74278EB060534BF01250025521943F152
:10AAD0000003874278EB010834BF01250025521B93
:10AAE000A9F140050095B8E7F0B50F460446A0FB74
:10AAF0000201A7FB02524919A3FB044542F10002DF
:10AB0000A7FB0373611845F10004D219059E43F1B8
:10AB10000003121943F10003C6E90023F0BDF0B5AC
:10AB2000059CC4F14007C4F1200602FA06F6A4F120
:10AB30002005BB4022FA05F53343C4F120062B4320
:10AB400001FA06F6A4F12005E04021FA05F53043AC
:10AB5000BA402843E14010431943F0BD2DE9F04FBE
:10AB600055EC104BA446C5F30A54034644EA0C07BF
:10AB700008462946C5F31305302657EA05085E71D5
:10AB8000E146AE4673D10024A1421C716DDA012169
:10AB90001971A0424FF000041ADA204603F11206A0
:10ABA0000D25C2F157024FF0300C07F00F013F099D
:10ABB00047EA0E774FEA2E1E002940F08680A84211
:10ABC00001DB86F800C0013D06F1FF36EDD175E0EE
:10ABD0000C2867DCC0F10D018900012601F1FF3E60
:10ABE000A1F12108C1F1210726FA07F706FA08F8B2
:10ABF00006FA0EF648EA070816EB060A48EB080BB9
:10AC0000DAF100076BEB4B0E1AF1FF3A4BF1FF3B09
:10AC10000AEA0C0A0BEA050B564578EB0B0B10DB26
:10AC2000C1F1200BB1F1200A05FA0BFB2CFA01F15E
:10AC300041EA0B015CBF45FA0AFA41EA0A01C90779
:10AC400024D51CEB060C45EB0805B5F5801FE14645
:10AC50001CDB5979B4F5806F01F10101597127D0DE
:10AC600007EA0C070EEA050E98E7002892E75CB1A8
:10AC70003126C90F0028A4F2FF345E7119710FDB71
:10AC80000C28A7DD0D2005E00124F2E707EA0909F9
:10AC90000EEA0505B4F5806F06D04F46AE467DE757
:10ACA0000020F7E70D2079E759EA05051A7908D061
:10ACB0001A7942F008021A714FF480641C60BDE8F2
:10ACC000F08F42F004021A71F8E70929D4BF30313D
:10ACD0008918A8423170B8BF284674E70148006857
:08ACE00070470000C878002055
:08ACE800ECB4FB7F0100000049
:10ACF000E1B90200000000000121040070AE06006E
:10AD0000E1F904000000000005FA04000000000062
:10AD1000CD2B0400A0AE0600CD2B040088AE0600AB
:10AD200083760500D0AE060025270400B8AE0600E5
:10AD3000B53904000000000071BA020000000000F4
:10AD40000000000058AE060059B7020000000000E5
:10AD500000000000E8AE06000000000000AF0600A2
:10AD60000000000018AF06000F7C050030AF0600A1
:10AD70000F7C050048AF0600A9900200000000000B
:10AD8000458706000000000039FF040000000000B5
:10AD9000FD1E040078AF06002128040090AF0600D5
:10ADA0000000000060AF0600E1310400C0AF060003
:10ADB000E1310400A8AF06005DBE02000000000003
:10ADC000410404000000000019860200D8AF06000C
:10ADD00001240400F0AF06008D73050008B00600E2
:10ADE0008D73050020B00600112E040038B0060057
:10ADF000BD99060080B00600D1F5040068B00600D9
:10AE0000A131040050B00600D98F020000000000FC
:10AE1000858A020000000000D58C020000000000BE
:10AE20005D80020000000000858302000000000039
:10AE30003524050000000000CD890200000000005C
:10AE40005F3A050000000000D1BE040000000000D1
:08AE500029900200000000003F
:10AE580030EE06000000000068B70600DB0900209D
:10AE6800000000000000000059FE060004D30600A0
:10AE7800E0B20600ED090020009D0020000000005F
:10AE8800A9FE060038D306007CB20600F7090020A8
:10AE9800C89D002000000000B7FE060050D3060041
:10AEA8007CB20600F9090020D49D002000000000B3
:10AEB80070FE0600000000005CB20600F1090020E8
:10AEC800549D00200000000080FE060000000000E5
:10AED80054B20600F3090020000000000000000042
:10AEE80012EF060024EF060004B90600DF0900206F
:10AEF80000000000000000001BEF060025EF060020
:10AF080004B90600E109002000000000000000006C
:10AF180026EF0600000000001CB90600E309002027
:10AF28000000000000000000D3FE060098D30600D1
:10AF3800A0B20600FD090020309E0020000000009D
:10AF4800E6FE0600A0D30600A0B20600FF09002016
:10AF5800449E00200000000094C20600000000008B
:10AF6800D4B20600E5090020F885002000000000A2
:10AF78004CFE06000000000048B20600EB09002065
:10AF880000000000680700208FFE06000000000097
:10AF980064B20600F509002000000000000000006F
:10AFA80007FF0600A8D30600CCB20600030A00205B
:10AFB8001C0800200C08002014FF060020D40600FE
:10AFC800CCB20600050A0020A4080020940800203E
:10AFD80083EE0600E0B80600D4B80600DD090020BC
:10AFE800CBB30020F002002068FE060014D3060050
:10AFF800FCB20600EF090020F2C6002000000000A5
:10B0080001FE0600B0D20600E0D20600E7090020E3
:10B01800309200200000000001FE0600C8D20600A1
:10B02800E0D20600E9090020489200200000000054
:10B03800C5FE060068D306008CD30600FB09002075
:10B048004802002078070020F9FE060000000000F2
:10B05800B0B20600010A0020589E0020000000003F
:10B06800623D070000000000BCE70600070A002058
:10B07800C8B2002000000000683D0700D8E70600BD
:10B08800ECE70600090A0020ECB2002000000000EE
:10B09800F984060061830600000000000D3D0500EC
:10B0A800000000000D3D0500C1D7040061830600C3
:10B0B800000000000D3D0500000000000D3D0500EA
:10B0C80029CD04006183060078AF0600511F0400F3
:10B0D800000000000D3D0500000000000D3D0500CA
:10B0E800000000000D3D05000000000059D40300D9
:10B0F80050B0060011310400549D0020952704002B
:10B10800000000006D020400000000000D3D050075
:10B11800000000000D3D050000000000453A040055
:10B12800000000000D3D0500000000000D3D050079
:10B13800000000000D3D0500000000000D3D050069
:10B14800000000000D3D0500000000000D3D050059
:10B158000000000089D40300000000000D3D050038
:10B16800000000000D3D0500000000000D3D050039
:10B17800000000000D3D0500000000000D3D050029
:10B18800000000000D3D0500000000000D3D050019
:10B19800000000000D3D0500000000000D3D050009
:10B1A800000000000D3D0500000000000D3D0500F9
:10B1B800000000000D3D0500000000000D3D0500E9
:10B1C800000000000D3D05003D13040061830600EA
:10B1D800000000000D3D0500000000000D3D0500C9
:10B1E800000000000D3D0500000000000D3D0500B9
:10B1F800000000000D3D0500000000000D3D0500A9
:10B20800000000000D3D0500D1D704006183060051
:10B21800F019002010F100200004000021030400B0
:10B228000000000000000000000000000000000016
:10B2380000000000FBFD0600000000000000000008
:0CB24800351C0400691D040058020000C1
:10B254008776050000000000CD26040025260400A2
:10B2640089770500512A04003529040019280400AF
:08B274005577050009280400CC
:10B27C00612C0400B1770500BF770500D777050076
:10B28C00E3770500EF770500CD2A04000978050067
:04B29C0000000000AE
:10B2A000797B05008F7B0500BF7B0500EF7B0500E8
:10B2B0000000000000000000000000002931040030
:0CB2C000E5300400000000000000000069
:08B2CC0071330400337D05001D
:0CB2D400BD4803003D470300554A03003D
:10B2E00059210400A3750500057605000000000043
:0CB2F0003F750500000000000000000099
:10B2FC007D760500397605007524040000000000F9
:10B30C00000000000000000000000000E523040025
:08B31C003F760500000000006F
:10B324000500000089E6020000000000060000009D
:10B3340059080300000000000400000019EB02009B
:04B344000000000005
:10B34800D0BD06000800000070BE0600070000001F
:10B3580094BB06000500000008BB060007000000BB
:08B3680050B906000C000000C2
:10B37000B4FB060000000000000000003DBB02001E
:10B38000B1BD0200000000008FFD060001000000BA
:10B3900000000000BB5E050000000000000000008F
:10B3A0009EFD06000100000000000000296305006A
:10B3B000000000000000000096FD060001000000F3
:10B3C0000000000075F60200B90003000000000054
:10B3D000E3FD060001000000000000009D70050074
:10B3E0009516030000000000A4FD06000100000007
:10B3F000000000008DF90200A9FA02000000000020
:10B40000A0EE06000000000000000000018702001E
:10B41000BD8602000000000046EE060000000000AD
:10B420000000000035830200000000000000000062
:0CB430000000000051800200000000003D
:10B440000000000003000000A0000000F000000069
:10B4500000000000000106020100000000010201DE
:10B4600004040404010000E0010000E0010000E029
:10B47000010000E0EF57060000000000275806001A
:10B480004F58060000000000875806007B3D07006B
:10B490000001000001030062746C65000000000000
:10B4A000000000000000000000000000000000009C
:10B4B000000000000000000000000000000000008C
:10B4C000000000000000000000010000000000007B
:10B4D0000338FDD8704700000100000000000000A4
:10B4E000050000000000000019000000000000003E
:10B4F0007D0000000000000071020000000000005C
:10B50000350C000000000000093D000000000000B4
:10B510002D31010000000000E1F5050000000000F1
:10B5200065CD1D0000000000F9029500000000003C
:10B53000DD0EE90200000000514A8D0E00000000FF
:10B540009573C24800000000E941CC6B0100000087
:10B550008D49FD1A07000000C16FF286230000002C
:10B56000C52EBCA2B1000000D9E9AC2D78030000C3
:10B570003D9160E45811000031D6E275BC560000E0
:10B58000F52E6E4DAEB10100C9EA2683677808003A
:10B59000ED95C28F055A2A00A1EDCCCE1BC2D30077
:10B5A00025A4000A8BCA220400000000000000004D
:10B5B000000000000000001000000000000000007B
:10B5C000B9340332B7F4AD1410DB1AB30892540E39
:10B5D0000D307D951447BA1A66088F4D26ADC66D9D
:10B5E000F598BF85E2B74511CA96853D92BD1DEB22
:10B5F000FCA11860DCEF52163C92AE220BB8C1B42D
:10B60000839D2D5B0562DA1C304C7E8F4E8BB25BC6
:10B6100016F4529F8B56A512FBD4827643ED8AF026
:10B620008FE7F9311565191850F19BD94A13EEB41B
:10B63000284CF0A686C1251F035FC270CB9E491619
:10B64000E642889C44EB2014B0650836AD6EA585B3
:10B6500085F0CA14E2FD031A0B899979D5B13D0929
:10B66000D8DA973A35EBCF10AC363F5E73BB38CFA4
:10B670003E6752FA44AFBA15010000000000000016
:10B680000000000000000020345065C05FC9A652D1
:10B69000BB13CBAEC440C21806C8DF7100D5A87C6E
:10B6A000F56F0FDA58FC27136E4756357D24206559
:10B6B00002C7E768E48CA41DE9E60268D7CD3961CA
:10B6C0007977FCC2405BEF16798CDE43FFA751F916
:10B6D00091F3B278F5BDBE11E857E9D6E8BEE87B34
:10B6E000B054AC8F848D751BEA23A499E9F9D38BF0
:10B6F000B7A3714061DA3E15CEE33ECB73F948083B
:10B700008C97B427D51B7010A2BFEFB9EB8532150B
:10B710004DB44DB49BBB6F1996B6076CF8E7EEAD10
:10B7200036D9B4F59135AE13222218AF4E6A684D62
:10B7300091DAAA3D4F40741E9FBD9EE006A1C098BD
:10B7400057C2A7FDA40E90170E7D497173E3208F99
:10B75000B220D87605143B12853D7434811343B072
:10B76000AD297A5F27F4351CAB2305000D8002005C
:10B77000DD7F0200D17F0200DB23050088B70600D1
:10B780004C00000004100600010000000200000050
:10B790000300000004000000050000000600000097
:10B7A0000700000008000000090000000A00000077
:10B7B0000B0000000C000000000000000000000072
:10B7C00000000000000000000D0000000E0000005E
:10B7D0000F00000010000000110000001200000027
:10B7E0001300000014000000150000001600000007
:10B7F000170000001800000000000000000000001A
:10B800000000000000000000190000001A00000005
:10B810001B0000001C0000001D0000001E000000B6
:10B820001F00000020000000210000002200000096
:10B8300023000000240000000000000000000000C1
:10B8400000000000000000002500000026000000AD
:10B850002700000028000000290000002A00000046
:10B860002D0000002E0000002F000000300000001E
:10B870003100000032000000000000000000000065
:10B880000000000000000000330000003400000051
:10B890003500000036000000370000002B000000DB
:10B8A0002C00000038000000390000003A000000C1
:10B8B0003B0000003C00000057EE06007CB706008D
:10B8C00038B0060000000000C8E806003C00000098
:10B8D0005DEE060073240500AB2405006D24050011
:10B8E000ECB806000100000032000000A0AE060027
:10B8F0000D000000B0EE0600CBEE0600E6EE0600FE
:10B90000F7EE06000100000000000000FF24050023
:10B910000000000000000000000000000200000025
:10B920009D880200458802005525050000000000A2
:10B93000000000002FEF060054EF060051890200BE
:10B940006EEF060089EF0600ADEF06000000000074
:10B950002CEC0600236005000000000059F00600F2
:10B960000000010028EC060049640500000000000A
:10B97000780300200000010037F00600698A020009
:10B9800000000000E3B300200000040024EC0600E7
:10B99000F55F0500A1FB02006003002000000C0021
:10B9A00020EC060049640500000000005803002058
:10B9B0000000010015F0060000000000BD25050094
:10B9C000CFB30020000008001CEC0600A5250500F0
:10B9D00000000000BD0900200000010018EC060076
:10B9E0004964050000000000500300200000010031
:10B9F000F3EF06004D8A020000000000F3B30020C0
:10BA00000000040014EC0600F55F0500A1FB020035
:10BA10003803002000000C0010EC0600496405000B
:10BA2000000000003003002000000100D1EF0600FC
:10BA300063250500158A02000000000000000C00CC
:10BA4000DD8B0200498D0200698C02005D8C0200D2
:10BA500001010000D009002002020000CE090020F0
:10BA600007100000BE09002091270500C5F0060060
:10BA700000000000000800000B00120000000000A1
:10BA80004600000016F1060000000000000700005C
:10BA90008C00440000000000D00400005CF10600AF
:10BAA00000000000000700008C00440000000000BF
:10BAB000D00400002CF606000000000031970200C0
:10BAC000E5960200040000000000000000000000F5
:10BAD0000060020090AF060001000000006002005C
:10BAE00000600C0090AF06000200000000C00E00D5
:10BAF0000080000090AF06000300000000400F002F
:10BB000000C0000090AF060058EC0600236005005E
:10BB10000000000054EC06000000010050EC06009C
:10BB200049640500000000006804002000000100D6
:10BB300048EC0600293A0500000000001DFB060045
:10BB40000000010044EC060049640500000000000C
:10BB500060040020000001003CEC0600293A0500CA
:10BB60000000000029FB06000000010038EC060080
:10BB70004964050000000000580400200000010096
:10BB800030EC0600C5A9020000000000D209002028
:10BB90000000010074EC06002360050000000000B6
:10BBA00070EC0600000001006CEC06004964050022
:10BBB00000000000880400200000010064EC060082
:10BBC000E1A90200000000000000000000000100E8
:10BBD00060EC0600F55F0500A1FB02007004002088
:10BBE000000003005CEC0600B764050000000000E4
:10BBF00078EC0600000001000000002000000000BA
:10BC000000000B06020000000CBC06000000000053
:10BC100035FB060026000202000000203DFB060066
:10BC200022000B1189B80200000000007B3D0500D6
:10BC300024BC06003CBC06004A000000981301200A
:10BC400024BC06004CBC06002E0000009018012009
:10BC500024BC06005CBC0600020100007019012033
:10BC60000E03000011CA02000F0400004DCA0200BA
:10BC70001A0100007541050005040000A5BF02007F
:10BC80001301000077430500FF0100001DC0020002
:10BC90003E0100003DC0020005040000E94105002E
:10BCA00008040000F5440500300300009544050039
:10BCB00010010000294205000112000091C9020094
:10BCC0000A1E00005B470500030900003142050021
:10BCD000040B0000A5420500060A000049460500C5
:10BCE000070A0000114205000C0500001B44050076
:10BCF000050C00008745050024BC060004BD0600B5
:10BD000047000000901A012024BC060014BD060064
:10BD100000000000BC1B012024BC060024BD06005E
:10BD20004A000000E41B01201F51050021510500BD
:10BD30000000000000000000000000005753050054
:10BD400000000000000000000000000000000000F3
:10BD500002020100795C05000404010039F40200CC
:10BD60000606010079F302000804010065F20200F2
:10BD70000A020100615C05000C040100495C050039
:10BD80000E04010039F10200200401009DF00200C0
:10BD900010040100ADEF020012020100895B0500F2
:10BDA000160401003B54050018010100BB580500B2
:10BDB0001E000400CD5C050052020000AF5B0500D0
:10BDC00024BC0600CCBD06004C0000003C1D012038
:10BDD000ACEC06002360050000000000A8EC0600A3
:10BDE00000000100A4EC060049640500000000000A
:10BDF000A4050020000001009CEC060000000000EB
:10BE000000000000000000000000000098EC0600A8
:10BE1000F55F0500A1FB0200AC0500200000030057
:10BE200094EC060049640500000000009C05002019
:10BE3000000001008CEC06005B6005005D620500FF
:10BE4000000000000000030088EC060049640500C3
:10BE500000000000940500200000010080EC0600B6
:10BE6000C5FF02000000000000000000000001000B
:10BE7000D8EC06002360050000000000D4EC0600AA
:10BE800000000100D0EC060049640500000000003D
:10BE9000D405002000000100C8EC06008B600500FE
:10BEA000CD5E05007001002000000900C4EC060012
:10BEB0004964050000000000CC05002000000100DE
:10BEC000BCEC0600B56005000000000000000000AA
:10BED00000000100B8EC0600496405000000000005
:10BEE000C405002000000100B0EC060019FA0200B1
:10BEF0000000000000000000000001004D0D0300E4
:10BF0000CB6E0500DD1403000000000000000000FF
:10BF100045130300000000000000000000000000C6
:10BF2000000000000000000000000000090E0300F7
:10BF300006000000D56B050006000000756B0500CB
:10BF4000100000008509030010000000816E05004C
:10BF5000010000002368050010000000D16B0500FF
:10BF60000A0000000169050010000000C913030069
:10BF700007000000D96B050010000000A76805004D
:10BF800001000000A50C030040000000196B050033
:10BF900010000000F56805000100000057455354EB
:10BFA0005F544F504449522F7A65706879722F73ED
:10BFB00075627379732F626C7565746F6F74682F17
:10BFC000636F6E74726F6C6C65722F7469636B65EE
:10BFD000722F7469636B65722E6300007469636B02
:10BFE00065725F726573636865642D3E7469636B27
:10BFF000735F746F5F657870697265203D3D2030B6
:10C0000055000000415353455254494F4E2046417C
:10C01000494C205B25735D20402025733A25640A36
:10C020000000000028287469636B65725F72657395
:10C0300063686564292D3E6578745F64617461206E
:10C0400026262028287469636B65725F72657363A6
:10C05000686564292D3E6578745F646174612D3E66
:10C060007469636B735F736C6F745F77696E646F11
:10C070007720213D20305529290000005745535491
:10C080005F544F504449522F7A65706879722F730C
:10C0900075627379732F626C7565746F6F74682F36
:10C0A000636F6E74726F6C6C65722F6C6C5F7377FC
:10C0B0002F756C6C2E630000216572720000000009
:10C0C00072780000756C6C5F7265665F67657428D6
:10C0D000756C6C5F6864722900000000300000001D
:10C0E00072656C65617365203D3D20646F6E65000F
:10C0F0002172657476616C0064656C7461203C3DEE
:10C100002030207C7C206D656D5F6C696E6B5F728A
:10C11000782E71756F74615F706475203C202828DB
:10C1200033202B2030202B203129202B2028322097
:10C130002A20283129292900636F6E6E5F6C6C6C90
:10C140000000000021636F6E6E5F6C6C6C2D3E6CA6
:10C15000696E6B5F74785F66726565006D656D71A1
:10C160005F6C696E6B00000072782D3E6864722E01
:10C170007479706520213D204E4F44455F52585FD1
:10C18000545950455F4E4F4E450000002163632DCA
:10C190003E7374617475730072785F667265652DA5
:10C1A0003E6864722E7479706520213D204E4F44A4
:10C1B000455F52585F545950455F4E4F4E45000001
:10C1C00021636F6E6E2D3E6C6C6C2E6C696E6B5FB6
:10C1D00074785F6672656500217265740000000006
:10C1E0006C6F6F7000000000574553545F544F5000
:10C1F0004449522F7A65706879722F73756273792A
:10C20000732F626C7565746F6F74682F636F6E74D3
:10C21000726F6C6C65722F6C6C5F73772F6C6C6CCB
:10C220005F636F6D6D6F6E2E63000000216572722B
:10C23000207C7C20657272203D3D202D31313900FB
:10C24000574553545F544F504449522F7A65706894
:10C2500079722F7375627379732F626C7565746F61
:10C260006F74682F636F6E74726F6C6C65722F6879
:10C2700063692F6863695F6472697665722E630013
:10C2800042542052582070726900000042542052DB
:10C290005800000062745F6863695F636F6E747258
:10C2A0006F6C6C65720000005A6570687972204F7F
:10C2B000532076342E312E30000000005745535461
:10C2C0005F544F504449522F7A65706879722F73CA
:10C2D00075627379732F626C7565746F6F74682FF4
:10C2E000636F6E74726F6C6C65722F6863692F6810
:10C2F00063692E63000000002828282875696E7481
:10C300007074725F74296E6F6465292025205F5FE9
:10C31000616C69676E6F6628737472756374206EE2
:10C320006F64655F72785F63632929203D3D20302B
:10C33000290000002828282875696E747074725FBF
:10C3400074296E6F6465292025205F5F616C6967C1
:10C350006E6F6628737472756374206E6F64655FA8
:10C3600072785F63752929203D3D20302900000047
:10C37000574553545F544F504449522F7A65706863
:10C3800079722F7375627379732F626C7565746F30
:10C390006F74682F636F6E74726F6C6C65722F6C44
:10C3A0006C5F73772F756C6C5F6164762E63000031
:10C3B00068616E646C65203C2031000028726574F1
:10C3C000203D3D203029207C7C2028726574203D52
:10C3D0003D203229000000006164762D3E6C696EBC
:10C3E0006B5F63635F667265650000006164762D54
:10C3F0003E6E6F64655F72785F63635F66726565EA
:10C4000000000000216864722D3E64697361626CF3
:10C4100065645F6362000000737461747573203D2E
:10C420003D2030207C7C20706172616D203D3D207C
:10C43000756C6C5F64697361626C655F6D61726B72
:10C440005F6765742829207C7C2028636F6E6E6589
:10C45000637461626C6520262620216164762D3E1E
:10C460006C6C6C2E636F6E6E29207C7C203000001B
:10C47000216C6C6C2D3E6C696E6B5F74785F6672BC
:10C48000656500006D61726B203D3D206164760042
:10C4900021657272207C7C2028657272203D3D20CF
:10C4A0002D313230290000007265660028726574F3
:10C4B000203D3D203029207C7C2028726574203D61
:10C4C0003D203229207C7C202866705F6F705F667B
:10C4D000756E63203D3D202828766F6964202A29E7
:10C4E000302929007064752D3E6C656E203E3D201C
:10C4F0005F5F6275696C74696E5F6F6666736574A1
:10C500006F662028737472756374207064755F6140
:10C5100064765F6164765F696E642C206461746127
:10C5200029000000574553545F544F504449522F3F
:10C530007A65706879722F7375627379732F626C84
:10C540007565746F6F74682F636F6E74726F6C6C47
:10C5500065722F6C6C5F73772F756C6C5F636F6E99
:10C560006E2E630074785F627566000072782D3EEF
:10C570006864722E6C696E6B0000000073746174E5
:10C580007573203D3D203000737461747573203DD8
:10C590003D2030207C7C20706172616D203D3D200B
:10C5A000756C6C5F7570646174655F6D61726B5FF3
:10C5B0006765742829207C7C20706172616D203D44
:10C5C0003D20756C6C5F64697361626C655F6D6161
:10C5D000726B5F67657428290000000070203D3D84
:10C5E00020706172616D0000287469636B65725F11
:10C5F000737461747573203D3D203029207C7C204C
:10C60000287469636B65725F737461747573203D20
:10C610003D20322900000000657272203D3D20302F
:10C62000207C7C20657272203D3D202D313230000F
:10C6300009706172616D313A2025752070617261F7
:10C640006D323A2025750A00636F6E6E2D3E6C6C5C
:10C650006C2E68616E646C6520213D203078464602
:10C6600046460000287469636B65725F7374617479
:10C670007573203D3D203029207C7C20287469631F
:10C680006B65725F737461747573203D3D20322950
:10C69000207C7C202828766F6964202A29636F6EAD
:10C6A0006E5F6C6C203D3D20756C6C5F64697361DE
:10C6B000626C655F6D61726B5F6765742829290024
:10C6C0006C6C6C5F747800007064755F74782D3EDC
:10C6D0006C656E00216C696E6B2D3E6E6578740022
:10C6E000574553545F544F504449522F7A657068F0
:10C6F00079722F7375627379732F626C7565746FBD
:10C700006F74682F636F6E74726F6C6C65722F6CD0
:10C710006C5F73772F756C6C5F6C6C63705F656EAC
:10C72000632E63006E746600574553545F544F5038
:10C730004449522F7A65706879722F7375627379E4
:10C74000732F626C7565746F6F74682F636F6E748E
:10C75000726F6C6C65722F6C6C5F73772F756C6C7D
:10C760005F6C6C63705F7068792E63006E74662D09
:10C770003E6864722E74797065203D3D204E4F44B2
:10C78000455F52585F545950455F52455441494E98
:10C79000000000006374782D3E6E6F64655F726503
:10C7A000662E7478000000006374782D3E64617416
:10C7B000612E70752E6E74665F646C655F6E6F645B
:10C7C00065000000636F6E6E2D3E6C6C6C2E726F98
:10C7D0006C65203D3D203078303100005745535482
:10C7E0005F544F504449522F7A65706879722F73A5
:10C7F00075627379732F626C7565746F6F74682FCF
:10C80000636F6E74726F6C6C65722F6C6C5F737794
:10C810002F756C6C5F6C6C63702E63006374782D85
:10C820003E6F776E657200006374782D3E6E6F64A4
:10C83000655F7265662E7278000000006374780090
:10C84000AD8B0300BD8B0300CD8B0300DD8B03009C
:10C850000000000000000000ED8B0300958C030039
:10C86000FD8B030000000000A58C03000000000009
:10C870000D8C0300B58C0300000000001D8C03002C
:10C88000C58C03002D8C0300D58C0300E58C0300C0
:10C89000F58C0300058D0300158D0300258D030025
:10C8A0003D8C0300000000000000000000000000BC
:10C8B0000000000000000000858C03005745535421
:10C8C0005F544F504449522F7A65706879722F73C4
:10C8D00075627379732F626C7565746F6F74682FEE
:10C8E000636F6E74726F6C6C65722F6C6C5F7377B4
:10C8F0002F756C6C5F6C6C63705F636F6D6D6F6ECA
:10C900002E6300006374782D3E70726F63203D3D8E
:10C910002050524F435F5445524D494E41544500BB
:10C920006374782D3E70726F63203D3D2050524FEE
:10C93000435F444154415F4C454E4754485F555016
:10C940004441544500000000574553545F544F5034
:10C950004449522F7A65706879722F7375627379C2
:10C96000732F626C7565746F6F74682F636F6E746C
:10C97000726F6C6C65722F6C6C5F73772F756C6C5B
:10C980005F6C6C63705F6C6F63616C2E63000000A2
:10C9900063747820213D202828766F6964202A2935
:10C9A000302900006374785F686561646572203DBA
:10C9B0003D206374780000006374782D3E6E6F64D0
:10C9C000655F7265662E7278203D3D202828766F5F
:10C9D0006964202A293029207C7C206374782D3ECC
:10C9E0006E6F64655F7265662E72782D3E68647244
:10C9F0002E7479706520213D204E4F44455F52587A
:10CA00005F545950455F52455441494E0000000063
:10CA1000574553545F544F504449522F7A657068BC
:10CA200079722F7375627379732F626C7565746F89
:10CA30006F74682F636F6E74726F6C6C65722F6C9D
:10CA40006C5F73772F756C6C5F6C6C63705F636F7A
:10CA50006E6E5F7570642E63000000006374782D45
:10CA60003E6E6F64655F7265662E7278203D3D2074
:10CA70002828766F6964202A2930290057455354A5
:10CA80005F544F504449522F7A65706879722F7302
:10CA900075627379732F626C7565746F6F74682F2C
:10CAA000636F6E74726F6C6C65722F6C6C5F7377F2
:10CAB0002F756C6C5F6C6C63705F63686D752E6353
:10CAC00000000000574553545F544F504449522FC3
:10CAD0007A65706879722F7375627379732F626CDF
:10CAE0007565746F6F74682F636F6E74726F6C6CA2
:10CAF00065722F6C6C5F73772F756C6C5F6C6C63F9
:10CB0000705F72656D6F74652E63000008020B0222
:10CB10000A030502000000000000000002020000FD
:10CB200006020000040300000000090300000000EA
:10CB3000010300000C0300000703000000000000D8
:10CB400000000000574553545F544F504449522F42
:10CB50007A65706879722F7375627379732F626C5E
:10CB60007565746F6F74682F636F6E74726F6C6C21
:10CB700065722F6C6C5F73772F756C6C5F7065726C
:10CB80006970686572616C2E630000007469636B84
:10CB900065725F737461747573203D3D20300000D1
:10CBA00073746174757320213D2031207C7C20706A
:10CBB0006172616D203D3D20756C6C5F64697361CD
:10CBC000626C655F6D61726B5F6765742829000038
:10CBD000574553545F544F504449522F7A657068FB
:10CBE00079722F7375627379732F626C7565746FC8
:10CBF0006F74682F636F6E74726F6C6C65722F6CDC
:10CC00006C5F73772F756C6C5F66696C7465722EE0
:10CC100063000000726C5F696478203C203800007B
:10CC2000726C5B726C5F6964785D2E74616B656EAB
:10CC300000000000726C5B726C5F6964785D2E723C
:10CC40007061735F72656164790000006465766D80
:10CC5000617463685F6964203C20282873697A6581
:10CC60005F742920282828696E74292073697A65E1
:10CC70006F6628636861725B31202D2032202A2084
:10CC80002128215F5F6275696C74696E5F747970C9
:10CC900065735F636F6D70617469626C655F702846
:10CCA0005F5F747970656F665F5F2866616C292CC1
:10CCB000205F5F747970656F665F5F282628666104
:10CCC0006C295B305D2929295D29202D20312920FF
:10CCD0002B202873697A656F662866616C29202F7E
:10CCE0002073697A656F66282866616C295B305D00
:10CCF000292929290000000066616C5B6465766D56
:10CD0000617463685F69645D2E74616B656E0000B9
:10CD10006465766D617463685F6964203C202828CF
:10CD200073697A655F742920282828696E74292020
:10CD300073697A656F6628636861725B31202D20A4
:10CD400032202A202128215F5F6275696C74696E28
:10CD50005F74797065735F636F6D70617469626C25
:10CD6000655F70285F5F747970656F665F5F2872BA
:10CD70006C292C205F5F747970656F665F5F282671
:10CD800028726C295B305D2929295D29202D2031ED
:10CD900029202B202873697A656F6628726C2920F8
:10CDA0002F2073697A656F662828726C295B305D65
:10CDB0002929292900000000726C5B695D2E7461CD
:10CDC0006B656E0069726B6D617463685F69642086
:10CDD0003C20706565725F69726B5F636F756E741E
:10CDE0000000000069203C203800000057455354E3
:10CDF0005F544F504449522F7A65706879722F738F
:10CE000075627379732F626C7565746F6F74682FB8
:10CE1000636F6E74726F6C6C65722F6C6C5F73777E
:10CE20002F6E6F726469632F6C6C6C2F6C6C6C2E40
:10CE300063000000707265656D70745F72657120CB
:10CE40003D3D20707265656D70745F61636B0000BD
:10CE5000707265656D70745F73746172745F726512
:10CE60007120213D20707265656D70745F7374610F
:10CE700072745F61636B0000707265656D70745FE2
:10CE800073746F705F72657120213D2070726565EB
:10CE90006D70745F73746F705F61636B000000008E
:10CEA000707265656D70745F72657120213D2070D0
:10CEB0007265656D70745F61636B000070726565AB
:10CEC0006D70745F61636B20213D20707265656DCC
:10CED00070745F726571000072656164792D3E70D7
:10CEE0007265706172655F706172616D2E706172E2
:10CEF000616D203D3D20706172616D0069746572E5
:10CF000000000000657272203D3D202D313430005C
:10CF100021706172616D000021706172616D207C11
:10CF20007C206E65787400006576656E742E63757E
:10CF300072722E61626F72745F6362006576646FF5
:10CF40006E650000657272203E3D203000000000DA
:10CF50006E65787400000000217265616479207C40
:10CF60007C202672656164792D3E707265706172F5
:10CF7000655F706172616D203D3D2070726570610A
:10CF800072655F706172616D00000000F401FA006B
:10CF9000960064004B0032001E00140057455354A5
:10CFA0005F544F504449522F7A65706879722F73DD
:10CFB00075627379732F626C7565746F6F74682F07
:10CFC000636F6E74726F6C6C65722F6C6C5F7377CD
:10CFD0002F6E6F726469632F6C6C6C2F6C6C6C5F5E
:10CFE0006164762E630000006E6F64655F72780086
:10CFF00021726164696F5F69735F7265616479282A
:10D0000029000000700000006368616E00000000ED
:10D01000706475007363616E5F706475000000007A
:10D020000925733A2041637475616C204556454E5D
:10D03000545F4F564552484541445F535441525402
:10D040005F5553203D2025750A0000007072657001
:10D050006172655F63620000574553545F544F50DF
:10D060004449522F7A65706879722F7375627379AB
:10D07000732F626C7565746F6F74682F636F6E7455
:10D08000726F6C6C65722F6C6C5F73772F6E6F7242
:10D090006469632F6C6C6C2F6C6C6C5F636F6E6E6D
:10D0A0002E63000021726164696F5F69735F616460
:10D0B0006472657373282900646F6E650000000058
:10D0C0006C6C6C2D3E68616E646C6520213D203077
:10D0D0007846464646000000574553545F544F502B
:10D0E0004449522F7A65706879722F73756273792B
:10D0F000732F626C7565746F6F74682F636F6E74D5
:10D10000726F6C6C65722F6C6C5F73772F6E6F72C1
:10D110006469632F6C6C6C2F6C6C6C5F70657269EA
:10D1200070686572616C2E6300000000707265703B
:10D130006172655F63620000574553545F544F50FE
:10D140004449522F7A65706879722F7375627379CA
:10D15000732F626C7565746F6F74682F636F6E7474
:10D16000726F6C6C65722F6C6C5F73772F6E6F7261
:10D170006469632F68616C2F6E7266352F636E74FD
:10D18000722E63005F726566636F756E74000000D7
:10D19000574553545F544F504449522F7A65706835
:10D1A00079722F7375627379732F626C7565746F02
:10D1B0006F74682F636F6E74726F6C6C65722F6C16
:10D1C0006C5F73772F6E6F726469632F68616C2F69
:10D1D0006E7266352F6D6179666C792E6300000082
:10D1E000574553545F544F504449522F7A657068E5
:10D1F00079722F7375627379732F626C7565746FB2
:10D200006F74682F636F6E74726F6C6C65722F6CC5
:10D210006C5F73772F6E6F726469632F68616C2F18
:10D220006E7266352F7469636B65722E6300000041
:10D23000757365725F6964203C2073697A656F66F7
:10D240002863616C6C65725F69645F6C757429003A
:10D2500063616C6C65725F696420213D2030000061
:10D2600001030405574553545F544F504449522F0E
:10D270007A65706879722F7375627379732F626C37
:10D280007565746F6F74682F636F6E74726F6C6CFA
:10D2900065722F6C6C5F73772F6E6F726469632F8A
:10D2A00068616C2F6E7266352F6563622E630000B5
:10D2B00058AE060000000000010000000000000061
:10D2C000000000000000000048AF06000000000061
:10D2D000010000000000000000000000000000004D
:10D2E000A37205006B730500F7720500AD720500AF
:10D2F000C7730500B9050400892004005920040003
:10D3000000000000E1210400CD2004002776050084
:10D310002D760500C0AF060040420F0010710000DE
:10D32000A0AE0600060000000000000000000000A3
:10D330000400000000FF0000FFFF00000003005099
:10D34000000000000100000000600040000000003C
:10D35000FFFFFFFF00000050000000000000000081
:10D360000060004000000000880700200600000068
:10D370000500000005000000050000000600000098
:10D38000010000000A00000001000000057905000E
:10D39000D77A0500277B050020050040010000002A
:10D3A0001C0500400100000000F0024001000000E8
:10D3B0000048E8010000000000000000000000003C
:10D3C000FFFFFFFF0000FF00000000000000000062
:10D3D000FFFFFFFF0200000101000000257C0500A7
:10D3E000FFFF0000F4D30600FFFFFFFF0000000076
:10D3F0000000000000F0024000D40600020000001F
:10D4000014D406000100000010D406000101000041
:10D410000680000506000005000000000000000076
:10D42000003000400000000000127A000000000000
:10D430000000000000000000FFFFFFFF0000FF00F1
:10D440000000000000000000FFFFFFFF00000001DF
:10D45000010000001B7C0500FFFF00006CD40600EB
:10D46000FFFFFFFF00000000000000000030004050
:10D4700078D406000200000094D4060003000000E7
:10D4800088D4060003010000148000041180000508
:10D4900019800006140000041100000519000006A0
:10D4A000A0AE06000600000000000000D1800500CC
:10D4B000978A05002F8705000000000021FF060065
:10D4C000A1000000A1000000CA020000859D040028
:10D4D000859B040000000000120000000300000013
:10D4E00000FF0100F0D40600000000000000000072
:10D4F0004C0C07003CD5060014D5060004D50600E8
:10D500001000022863FF0600AE0B0700100B070097
:10D510003D310000200000005F000100000000001D
:10D520000000000000000200B0000000F3F76000FF
:10D53000E8EC0600000000003E00030000000000D0
:10D540000000000000005004000000000000500433
:10D55000030C010012004006050501071F00400BE7
:10D560000B0C00006100F0090A1000FEB100800DF4
:10D570000D0C0000FF00000B0B0D00FF47016003C6
:10D58000020501074C016005040F01FD6A017005E9
:10D59000040F00FD8801600607070005A10150097E
:10D5A00008080102C101A003030500FEC90120060D
:10D5B00006030003D201A00303030000D701A00566
:10D5C0000810FFFE1702B00A0A0C00005302F00513
:10D5D000050C000071023009090C0000A7022009A7
:10D5E000090C0000DD02B00A0B0C00001F0330091B
:10D5F000090C00005503E0090A0C00009103900992
:10D60000090C0000C703500A0A0C00000304E009DB
:10D610000A0C00003F04A003030900004D04A0030E
:10D62000030C00FD5F045009080801027F04500943
:10D63000080601039704500908080102B7043009DD
:10D64000090C0000ED049010100F00FD6505B00BF3
:10D650000D0CFF00B305200C0B0C0100F505900B21
:10D660000B0C00003706300D0C0C01007F06C00AC1
:10D67000090C0100B506300A090C0100EB06600C2C
:10D680000C0C00003307000D0B0C01007507F004B3
:10D69000030C010087073008080CFF00B707800B58
:10D6A0000B0C0100F9078009090C01002F08400F3D
:10D6B0000D0C01007D08000D0B0C0100BF08700D62
:10D6C0000D0C00000D09900B0A0C01004909700DAA
:10D6D0000E0F00FDB209A00B0A0C0100EE09F009C3
:10D6E0000A0C00002A0A60090A0C0000660AA00C55
:10D6F0000B0C0100A80A600B0D0CFF00F60A0012CB
:10D70000120C0000620BC00A0B0C0000A40B600A94
:10D710000C0CFF00EC0B800A0B0C00002E0C5005CB
:10D72000050F01FD540CA0050810FFFE940C5005D8
:10D73000040F00FDB20C500908070102CE0C0008CE
:10D74000080200FED60CA0090502010ADB0C9009B4
:10D7500009090000040DF00A0A0C0100400D20091F
:10D7600009090000690DF00A0A0C0000A50DD00996
:10D770000A090000D20DA005070C0000FC0D100BDB
:10D780000A0C00FD380EE00A090C01006E0E700450
:10D79000030C0100800E9004060FFEFDAD0EE009A3
:10D7A000090C0100E30E7004020C0100EF0EF010F2
:10D7B0000F090100330FE00A090901005C0F300A6C
:10D7C0000A090000890FF00A0A0C01FDC50FF00AD2
:10D7D0000A0C00FD01109006060901001C1000084B
:10D7E000080900004010A006070B00006710D00ACF
:10D7F000090901009010F0080A09FF00BD10600E31
:10D800000F0900000111D008090900002A11F008D1
:10D810000A0CFFFD66115008080900008A11A005D6
:10D82000060F00FDB711D004030F01FDCE11A005B6
:10D83000050F00FDF4115009090500040B12B00694
:10D84000060600061D120005030401032312001042
:10D85000101100FEAB120010100C00000B13001092
:10D86000100E00FF7B130010100C0000DB13000BE8
:10D870000B0C00001D140010101000FE9D14001071
:10D88000101000FE1D150012120E00FF9B15001057
:10D89000101000FE1B160012120C0000871600105C
:10D8A000101000FE07170008080E00FF3F17000CBD
:10D8B0000C0E00FF93170012121000FE2318001028
:10D8C000100C00008318000B0B1000FEDB18000E7C
:10D8D0000A1002FE2B19000E0E1200FDA919000EEF
:10D8E0000E0F00FF121A000E0E0E00FF741A000E2B
:10D8F0000A1002FEC41A000E100EFFFF341B000AAD
:10D900000A0E00FF7A1B000A0A0E00FFC01B000E61
:10D910000E0E00FF221C000E0E0400043E1C00121E
:10D92000120C0000AA1C0014141000FE4A1D001264
:10D930001410FFFEEA1D0010101000FE6A1E000EFB
:10D940000E0A0001B01E000E0E0A0001F61E0014A1
:10D95000140E00FF821F0010100C0000E21F0010C8
:10D96000101000FE622000101111FFFEF320000EC7
:10D970000F0E00FF5C21000E0E1000FECC21000EE9
:10D980000E0E00FF2E22000E0E0E00FF9022001041
:10D99000100C0000F022000A0C10FFFE5023000EB5
:10D9A0000E1000FEC023000E0E1000FE30240012E8
:10D9B000120C00009C2400101212FFFD3E25000CEA
:10D9C0000C1000FE9E250014140F00FF34260014D6
:10D9D000140A000198260014140A0001FC26001401
:10D9E000140A000160270014140A0001C42700145F
:10D9F000140A000128280014150E00FFBB28000E91
:10DA00000C1001FE1B29000E0E1000FE8B290010C9
:10DA10001111FFFD1C2A0014140C0000942A000CA4
:10DA20000C1000FEF42A2010110B0001859D04004B
:10DA3000859B0400000000000900000000000000B9
:10DA40000000000050DA06000000000000000000A6
:10DA50009E37070078DA060064DA0600000000004E
:10DA60000000010220000000600001000000000032
:10DA700000000000000002000000000000000000A4
:10DA8000000000080101000801000008020703016E
:10DA9000030000080603010506000008070700014F
:10DAA0000D00000806070101130000080706000129
:10DAB0001900000807070001200000080303020501
:10DAC00022000008040702012600000804070201E2
:10DAD0002A000008080500022F00000806050102C0
:10DAE00033000008030302003500000806010104AA
:10DAF0003600000802020301370000080807000191
:10DB00003E00000806070101440000080607010165
:10DB10004A0000080607010150000008060701013D
:10DB200056000008070700015D0000080607010114
:10DB300063000008060701016900000806070101EB
:10DB40006F000008060701017500000806070101C3
:10DB50007B000008020603017D00000803070200A5
:10DB60008000000805070101850000080603010385
:10DB700088000008050701018D0000080607010163
:10DB800093000008070700019A000008060701013A
:10DB9000A000000806070101A60000080607010111
:10DBA000AC00000806070101B200000806070101E9
:10DBB000B800000806070101BE00000806070101C1
:10DBC000C400000806070101CA0000080607010199
:10DBD000D000000806070101D60000080707000171
:10DBE000DD00000806070101E30000080707000147
:10DBF000EA00000807070001F1000008060701011C
:10DC0000F700000806070101FD00000806070101F2
:10DC100003010008060701010901000806070101C8
:10DC20000F010008060701011501000806070101A0
:10DC30001B01000806070101210100080707000178
:10DC400028010008080700012F010008080700014B
:10DC500036010008060701013C0100080407020123
:10DC600040010008080700014701000804070201FD
:10DC70004B010008070400044F01000808010000E0
:10DC800050010008040303055201000806050101C4
:10DC900056010008060701015C01000805050101A5
:10DCA0006001000806070101660100080605010180
:10DCB0006A010008050701016F010008060601005E
:10DCC00074010008060701017A0100080507020136
:10DCD0007F01000805080100840100080607010112
:10DCE0008A010008050702018F01000807050001ED
:10DCF00094010008060501019801000806050101CC
:10DD00009C01000806060100A101000806060100AA
:10DD1000A601000806050101AA0100080605010187
:10DD2000AE01000806070101B40100080605010163
:10DD3000B801000806050101BC0100080705000143
:10DD4000C101000807050001C60100080606010020
:10DD5000CB01000806050101CF01000806070101FB
:10DD6000D501000802070301D701000806070101D9
:10DD7000DD01000807020006DF01000807070001B7
:10DD8000D7570600ADA704000D550600BD55060087
:10DD90003D570600EF56060085560600335606002E
:10DDA000875506001755060049A70400D7570600F7
:10DDB00069A704000D550600BD5506003D57060035
:10DDC000EF560600855606003356060087550600B6
:10DDD0001755060049A704006573060000DE06001B
:10DDE0000F7C0600117C060000000000000000000F
:10DDF000933A07000000000000000000C007000088
:10DE0000A8D4060005BA0400F37C06009DBA0400FD
:10DE1000000000009A3A0700FFFFFF3FFFFFFF3FAF
:10DE2000C005000001000000020000000400000026
:10DE3000080000001000000020000000400000006A
:10DE4000800000001B0000003600000051F4A750C5
:10DE50007E4165531A17A4C33A275E963BAB6BCB42
:10DE60001F9D45F1ACFA58AB4BE303932030FA55B4
:10DE7000AD766DF688CC7691F5024C254FE5D7FC52
:10DE8000C52ACBD726354480B562A38FDEB15A4967
:10DE900025BA1B6745EA0E985DFEC0E1C32F7502E7
:10DEA000814CF0128D4697A36BD3F9C6038F5FE7C1
:10DEB00015929C95BF6D7AEB955259DAD4BE832D9D
:10DEC000587421D349E069298EC9C84475C2896A4A
:10DED000F48E797899583E6B27B971DDBEE14FB663
:10DEE000F088AD17C920AC667DCE3AB463DF4A181E
:10DEF000E51A31829751336062537F45B16477E010
:10DF0000BB6BAE84FE81A01CF9082B947048685846
:10DF10008F45FD1994DE6C87527BF8B7AB73D32322
:10DF2000724B02E2E31F8F576655AB2AB2EB28070C
:10DF30002FB5C20386C57B9AD33708A5302887F250
:10DF400023BFA5B202036ABAED16825C8ACF1C2BEE
:10DF5000A779B492F307F2F04E69E2A165DAF4CD45
:10DF60000605BED5D134621FC4A6FE8A342E539D49
:10DF7000A2F355A0058AE132A4F6EB750B83EC39C8
:10DF80004060EFAA5E719F06BD6E10513E218AF976
:10DF900096DD063DDD3E05AE4DE6BD4691548DB5A0
:10DFA00071C45D050406D46F605015FF1998FB24F9
:10DFB000D6BDE997894043CC67D99E77B0E842BD8A
:10DFC00007898B88E7195B3879C8EEDBA17C0A47A3
:10DFD0007C420FE9F8841EC9000000000980868396
:10DFE000322BED481E1170AC6C5A724EFD0EFFFBC9
:10DFF0000F8538563DAED51E362D39270A0FD96408
:10E00000685CA6219B5B54D124362E3A0C0A67B17A
:10E010009357E70FB4EE96D21B9B919E80C0C54FDD
:10E0200061DC20A25A774B691C121A16E293BA0AD5
:10E03000C0A02AE53C22E043121B171D0E090D0B60
:10E04000F28BC7AD2DB6A8B9141EA9C857F1198512
:10E05000AF75074CEE99DDBBA37F60FDF701269FEE
:10E060005C72F5BC44663BC55BFB7E348B43297612
:10E07000CB23C6DCB6EDFC68B8E4F163D731DCCA6B
:10E08000426385101397224084C61120854A247D5F
:10E09000D2BB3DF8AEF93211C729A16D1D9E2F4BA1
:10E0A000DCB230F30D8652EC77C1E3D02BB3166CA3
:10E0B000A970B999119448FA47E96422A8FC8CC464
:10E0C000A0F03F1A567D2CD8223390EF87494EC7D7
:10E0D000D938D1C18CCAA2FE98D40B36A6F581CF0F
:10E0E000A57ADE28DAB78E263FADBFA42C3A9DE490
:10E0F0005078920D6A5FCC9B547E4662F68D13C2B7
:10E1000090D8B8E82E39F75E82C3AFF59F5D80BE28
:10E1100069D0937C6FD52DA9CF2512B3C8AC993B9C
:10E1200010187DA7E89C636EDB3BBB7BCD2678098E
:10E130006E5918F4EC9AB701834F9AA8E6956E656C
:10E14000AAFFE67E21BCCF08EF15E8E6BAE79BD927
:10E150004A6F36CEEA9F09D429B07CD631A4B2AF3B
:10E160002A3F2331C6A5943035A266C0744EBC3711
:10E17000FC82CAA6E090D0B033A7D815F104984A23
:10E1800041ECDAF77FCD500E1791F62F764DD68DF4
:10E1900043EFB04DCCAA4D54E49604DF9ED1B5E3D5
:10E1A0004C6A881BC12C1FB84665517F9D5EEA04EE
:10E1B000018C355DFA877473FB0B412EB3671D5AD2
:10E1C00092DBD252E91056336DD647139AD7618C41
:10E1D00037A10C7A59F8148EEB133C89CEA927EE9F
:10E1E000B761C935E11CE5ED7A47B13C9CD2DF59F6
:10E1F00055F2733F1814CE7973C737BF53F7CDEA82
:10E200005FFDAA5BDF3D6F147844DB86CAAFF38104
:10E21000B968C43E3824342CC2A3405F161DC372B3
:10E22000BCE2250C283C498BFF0D954139A80171B2
:10E23000080CB3DED8B4E49C6456C1907BCB8461F7
:10E24000D532B670486C5C74D0B85742C66363A5CB
:10E25000F87C7C84EE777799F67B7B8DFFF2F20D6C
:10E26000D66B6BBDDE6F6FB191C5C5546030305059
:10E2700002010103CE6767A9562B2B7DE7FEFE192D
:10E28000B5D7D7624DABABE6EC76769A8FCACA4566
:10E290001F82829D89C9C940FA7D7D87EFFAFA15F0
:10E2A000B25959EB8E4747C9FBF0F00B41ADADECCD
:10E2B000B3D4D4675FA2A2FD45AFAFEA239C9CBF55
:10E2C00053A4A4F7E47272969BC0C05B75B7B7C243
:10E2D000E1FDFD1C3D9393AE4C26266A6C36365A02
:10E2E0007E3F3F41F5F7F70283CCCC4F6834345C76
:10E2F00051A5A5F4D1E5E534F9F1F108E271719386
:10E30000ABD8D873623131532A15153F0804040C79
:10E3100095C7C752462323659DC3C35E301818288E
:10E32000379696A10A05050F2F9A9AB50E07070989
:10E33000241212361B80809BDFE2E23DCDEBEB2600
:10E340004E2727697FB2B2CDEA75759F1209091B66
:10E350001D83839E582C2C74341A1A2E361B1B2DA9
:10E36000DC6E6EB2B45A5AEE5BA0A0FBA45252F619
:10E37000763B3B4DB7D6D6617DB3B3CE5229297BD0
:10E38000DDE3E33E5E2F2F7113848497A65353F58C
:10E39000B9D1D16800000000C1EDED2C4020206013
:10E3A000E3FCFC1F79B1B1C8B65B5BEDD46A6ABE11
:10E3B0008DCBCB4667BEBED97239394B944A4ADE03
:10E3C000984C4CD4B05858E885CFCF4ABBD0D06BCE
:10E3D000C5EFEF2A4FAAAAE5EDFBFB16864343C51E
:10E3E0009A4D4DD766333355118585948A4545CF6F
:10E3F000E9F9F91004020206FE7F7F81A05050F077
:10E40000783C3C44259F9FBA4BA8A8E3A25151F306
:10E410005DA3A3FE804040C0058F8F8A3F9292ADDE
:10E42000219D9DBC70383848F1F5F50463BCBCDF14
:10E4300077B6B6C1AFDADA75422121632010103009
:10E44000E5FFFF1AFDF3F30EBFD2D26D81CDCD4CA7
:10E45000180C0C1426131335C3ECEC2FBE5F5FE1D0
:10E46000359797A2884444CC2E17173993C4C457C4
:10E4700055A7A7F2FC7E7E827A3D3D47C86464AC16
:10E48000BA5D5DE73219192BE6737395C06060A021
:10E49000198181989E4F4FD1A3DCDC7F44222266F4
:10E4A000542A2A7E3B9090AB0B8888838C4646CAC0
:10E4B000C7EEEE296BB8B8D32814143CA7DEDE797A
:10E4C000BC5E5EE2160B0B1DADDBDB76DBE0E03BFA
:10E4D00064323256743A3A4E140A0A1E924949DBA3
:10E4E0000C06060A4824246CB85C5CE49FC2C25D3A
:10E4F000BDD3D36E43ACACEFC46262A6399191A890
:10E50000319595A4D3E4E437F279798BD5E7E732F6
:10E510008BC8C8436E373759DA6D6DB7018D8D8C56
:10E52000B1D5D5649C4E4ED249A9A9E0D86C6CB443
:10E53000AC5656FAF3F4F407CFEAEA25CA6565AF9C
:10E54000F47A7A8E47AEAEE9100808186FBABAD5D9
:10E55000F07878884A25256F5C2E2E72381C1C2492
:10E5600057A6A6F173B4B4C797C6C651CBE8E82343
:10E57000A1DDDD7CE874749C3E1F1F21964B4BDDB2
:10E5800061BDBDDC0D8B8B860F8A8A85E070709033
:10E590007C3E3E4271B5B5C4CC6666AA904848D868
:10E5A00006030305F7F6F6011C0E0E12C26161A305
:10E5B0006A35355FAE5757F969B9B9D01786869174
:10E5C00099C1C1583A1D1D27279E9EB9D9E1E1384E
:10E5D000EBF8F8132B9898B322111133D26969BB69
:10E5E000A9D9D970078E8E89339494A72D9B9BB699
:10E5F0003C1E1E2215878792C9E9E92087CECE49A5
:10E60000AA5555FF50282878A5DFDF7A038C8C8F18
:10E6100059A1A1F8098989801A0D0D1765BFBFDAC4
:10E62000D7E6E631844242C6D06868B8824141C329
:10E63000299999B05A2D2D771E0F0F117BB0B0CBB1
:10E64000A85454FC6DBBBBD62C16163A0200000031
:10E65000ACE6060003000000A4E60600040000008B
:10E660009CE606000500000094E606000600000097
:10E670008CE606000700000084E6060000000000AB
:10E68000000000000A3D070090240700163D070027
:10E6900090230600223D0700902205002E3D070032
:10E6A000101404003A3D070010130300463D070014
:10E6B00010120200020000002587060021870600D4
:10E6C0001D8706001987060001870600EF860600F1
:10E6D000000000000A5695CE5753F2DD5CE419BAEB
:10E6E000E4B84A8B25F321DD8886E8D2855D88254C
:10E6F00018FF71853C14A918D430E77901B6ED5F95
:10E70000FC95BA75102562772B73FB79C65537A532
:10E71000765F9018DFBDC42962DF9CD89030847882
:10E72000CD05F0ACD62E21F7AB20A2E53448870406
:10E730001D0630DC512563FCC2CAB9F3849E17A7BD
:10E74000ADFAE6BCFFFFFFFFFFFFFFFF0000000088
:10E75000FFFFFFFFA2EE79BE954C2483A66FBD4953
:10E760009C79994659EC6B2B39B245282056D9F340
:10E77000942DE1664FBC00EEFFFFFFFFFFFFFFFFA0
:10E78000FFFFFFFF0000000000000000000000008D
:10E7900001000000FFFFFFFF030000000000000079
:10E7A000FFFFFFFFFBFFFFFFFEFFFFFFFFFFFFFF7E
:10E7B000FDFFFFFF0400000001000000000000005A
:10E7C000000000000000000069F50400E198060068
:10E7D0000000000000000000A0AE06001D001000B8
:10E7E000A0AE06001F001000500001000000000055
:10E7F00000000000879A06005B99060029F60400D5
:10E800000000000000000000F0AC0600F0AC0600C4
:10E8100030AD060040AD060008AE060058AE06005A
:10E8200000000000000000000000000000000000E8
:10E830000000004095596959555554551555555680
:10E840000405154110545540455155444045504428
:10E850005055554500400040400444966555565576
:10E8600045404554514115405591555555554051D8
:10E87000050100005445545445550504001004108A
:10E880001404400000000140555515415404000097
:10E890004400010000000040410000445044455045
:10E8A0005400555554556551004000400100000189
:10E8B0000005010011545151545555050000000048
:10E8C000000000000000000064006400000025005B
:10E8D00000000000000064006400640025000000E7
:10E8E0000000000064006400C8000C00000000008C
:10E8F0000000640064002C01000000000000000023
:10E900006400640090010C0000000000000064003E
:10E910006400F401180000000000000064006400BE
:10E920008403180000000000000064006400E80395
:10E930000C00000000000000640064004C040000B3
:10E9400000000000000064006400B0040C0000003F
:10E9500000000000640064001405250000000000B1
:10E96000000064006400780525000000000000003D
:10E9700064006400000089000000000000006400E2
:10E98000640064008900000000000000640064006E
:10E99000C8007000000000000000640064002C014A
:10E9A000640000000000000064006400900170003A
:10E9B00000000000000064006400F4017C0000001E
:10E9C000000000006400640084037C00000000007C
:10E9D000000064006400E803700000000000000014
:10E9E000640064004C046400000000000000640047
:10E9F0006400B004700000000000000064006400C7
:10EA0000140589000000000000006400640078051F
:10EA10008900000000000000640064000000ED00B8
:10EA2000000000000000640064006400ED000000CD
:10EA30000000000064006400C800D4000000000072
:10EA40000000640064002C01C80000000000000009
:10EA5000640064009001D400000000000000640025
:10EA60006400F401E00000000000000064006400A5
:10EA70008403E00000000000000064006400E8037C
:10EA8000D400000000000000640064004C04C800D2
:10EA900000000000000064006400B004D400000026
:10EAA00000000000640064001405ED000000000098
:10EAB0000000640064007805ED0000000000000024
:10EAC00064006400000051010000000000006400C8
:10EAD0006400640051010000000000006400640054
:10EAE000C8003801000000000000640064002C0130
:10EAF0002C01000000000000640064009001380157
:10EB000000000000000064006400F4014401000003
:10EB100000000000640064005802120100000000C0
:10EB200000006400640020031201000000000000E7
:10EB300064006400840344010000000000006400DD
:10EB40006400E80338010000000000006400640075
:10EB50004C042C0100000000000064006400B004BC
:10EB60003801000000000000640064001405510139
:10EB700000000000000064006400780551010000FE
:10EB80000000000064006400AF00B5010000000058
:10EB900000006400640013019C01000000000000FC
:10EBA0006400640077019C01000000000000640024
:10EBB0006400EA019C01EA019C01B0046400960033
:10EBC00058027F015802B1016009640096002003D9
:10EBD0007F018403B101A0F6640064008E039C01F0
:10EBE000F2039C0150FB6400640001049C010000DE
:10EBF000000000006400640065049C010000000047
:10EC0000000064006400C904B501000000000000B9
:10EC10000000032800000229000003280000092941
:10EC2000000003280000022900000328000000283B
:10EC30000000502A0000502A000003280000292A62
:10EC40000000292A000003280000242A0000242AAA
:10EC50000000032800000A18000000280000042912
:10EC6000000002290000192A0000192A00000328C8
:10EC700000000F18000000280400AD270100060165
:10EC800000002A2B00002A2B000003280000292B5B
:10EC90000000292B00000328000002290000052A9B
:10ECA0000000052A000003280000011800000028C9
:10ECB0000000042A0000042A000003280000012AA2
:10ECC0000000012A000003280000002A0000002A9A
:10ECD0000000032800000018000000281000400079
:10ECE00000041000400000040000721F51EF58EFB4
:10ECF0005BEF5CEF5DEF61EF63EF65EF69EF6CEF8A
:10ED000071EF76EF77EF78EF8EEF93EF98EF9BEF61
:10ED10009CEF9DEFA1EFA2EFA3EFA4EFB7EFB8EF49
:10ED2000BEEFC0EFC1EFC4EFC7EFC8EFC9EFCBEF45
:10ED3000E3EFE5EF14F015F017F019F030F037F0CD
:10ED40003AF043F06CF074F0ABF03BF190F191F1DC
:10ED500092F193F194F1D7F1E3F13DF254F2AAF478
:10ED600012F7F2F704001000000110004000000448
:10ED700000003C027804B306EE08280B610D990FE1
:10ED8000D01106143A166C189D1ACB1CF71E2121BF
:10ED900048236C258E27AC29C72BDF2DF32F033298
:10EDA000103418361D381C3A183C0E3E0040ED4118
:10EDB000D443B74594476B493D4B084DCE4E8E50DA
:10EDC0004752FA53A6554C57EB58825A135C9D5D37
:10EDD0001F5F9A600E627A63DE643A668E67DA6855
:10EDE0001E6A5A6B8D6CB86DDA6EF46F04710D7219
:10EDF0000C730274EF74D375AE7680774878077918
:10EE0000BC79687A0B7BA37B337CB87C347DA67D90
:10EE10000E7E6D7EC17E0C7F4C7F837FB07FD37F63
:10EE2000EC7FFB7F00806BFF79FF79FF7CFF0000A8
:10EE30006D616769635F6D61707065720073656CA9
:10EE4000656374656400706879736963616C5F6C95
:10EE500061796F75747300536F666C65007A6D6BC2
:10EE60005F706879736963616C5F6C61796F7574E9
:10EE70005F73656C656374696F6E5F6368616E670D
:10EE80006564004558545F504F574552006578748B
:10EE90005F706F7765722F73746174652F257300CF
:10EEA0006578745F706F7765722F73746174650035
:10EEB0007A6D6B5F61637469766974795F7374618D
:10EEC00074655F6368616E676564007A6D6B5F701F
:10EED0006F736974696F6E5F73746174655F636883
:10EEE000616E676564007A6D6B5F73656E736F72D8
:10EEF0005F6576656E74007A6D6B5F7573625F63D4
:10EF00006F6E6E5F73746174655F6368616E676571
:10EF10006400626F6F746C6F616400737973726503
:10EF2000736574000100657874706F776572007A9C
:10EF30006D6B5F7065726970686572616C5F62614C
:10EF400074746572795F73746174655F6368616E10
:10EF5000676564007A6D6B5F626174746572795F76
:10EF600073746174655F6368616E676564007A6D70
:10EF70006B5F6869645F696E64696361746F727303
:10EF80005F6368616E676564007A6D6B5F73706C58
:10EF900069745F7065726970686572616C5F7374C3
:10EFA000617475735F6368616E6765640053706C4C
:10EFB0006974205065726970686572616C204E6F6B
:10EFC00074696669636174696F6E205175657565F2
:10EFD00000022A48C2B1CFC567C907719600050073
:10EFE0000000022A48C2B1CFC567C9077196000563
:10EFF000000000022A48C2B1CFC567C90771960058
:10F0000003000000022A48C2B1CFC567C907719644
:10F010000003000000022A48C2B1CFC567C90771CA
:10F02000960002000000022A48C2B1CFC567C90796
:10F0300071960002000000022A48C2B1CFC567C91C
:10F040000771960001000000022A48C2B1CFC567CF
:10F05000C90771960001000000022A48C2B1CFC55D
:10F0600067C907719600000000007075626C6963E3
:10F070000072616E646F6D007075626C69632D69FA
:10F08000640072616E646F6D2D69640030782530A4
:10F09000327800253032583A253032583A2530320D
:10F0A000583A253032583A253032583A25303258BD
:10F0B000202825732900626C655F7065726970682D
:10F0C0006572616C004C6F77205072696F72697461
:10F0D0007920576F726B2051756575650000070EBA
:10F0E000091C1B1215383F363124232A2D4661692D
:10F0F0006C656420746F207265626F6F743A207360
:10F1000070696E6E696E6720656E646C6573736C92
:10F11000792E2E2E0A0000000000FFFFFFFF0000E6
:10F1200000FF000000000014000064000064000103
:10F13000A40001A40006A40006A4001AA5541AAA5B
:10F14000A46AAA90556A90006A40006A400069006B
:10F15000006900006400006400005000000000FF2F
:10F16000FFFFFFFFFFFFFFFFFFFFFFFFFFFFFFFFAF
:10F17000FFFFFFFFFFF0C0000000002E00000000B6
:10F180000C0000000090003080000000005FA00034
:10F190000000060000000090001080FFFFFFFFFF4E
:10F1A000F400000003FFFFFFFF9FFF1080FFFFFF41
:10F1B000FFFFFF40000001FE03E00F9E019080FF73
:10F1C000FFFFFFFFFFE8000000FF07E01F9E009029
:10F1D000807FFFFFFFFFFFFD8000007F8FE01FBEED
:10F1E0000090807FFFFFFFFFFFFFD000003FCFF0C8
:10F1F0001FBC0090807FFFFFFFFFFFFFFE00003F6E
:10F20000CFF03FBC0090807FFFFFFFFFFFFFE800D3
:10F21000001FE7F07F3C0090803FFFFFFFFFFFFEF5
:10F220008000000FE7F87F7801B0803FFFFFFFFF0D
:10F23000FFEC00000007F3F83F7803D0803FFFFFAA
:10F24000FFFFFEC000000007FBF83FF80F90C01F53
:10F25000FFFFFFFFEC0000000003FDFC3FF80F1074
:10F26000C01EFFFFFFFF400000000001FFFC3FF059
:10F270000E10C00C27FFFFFA000000000000FFFE88
:10F280007FF01E30C0001FFFFF5000000000000094
:10F290007FFE7FF3FC50E0003FFFFA00000000001B
:10F2A00000007FFE7FF7F890E0007FFEB0000000D6
:10F2B000000000003FFF7FE7F190E0007FFF0000CB
:10F2C0000000000000001FFF7FEFE390F0007FFFD1
:10F2D000A00000000000000007FF7FFFE790B010D3
:10F2E000FFFFF60000000000000003FFBFFFCF900B
:10F2F000F030FFFFFF6000000000000001FFF9FF99
:10F300009F90B030FFFFFFF200000000000000FF00
:10F31000F6FF3E90F870FFFFFFFF60000000000066
:10F32000007FF6FE7C90F878FFFFFFFFF4000000FE
:10F330000000000FF9FEF890A8F8FFFFFFFFFF00A4
:10F34000000000000003FFFDF390DCF8FFFFFFFF6B
:10F35000E800000000000001FFFBEF90F5ACFFFFAC
:10F36000FFFEC000000000000000FFFFFF90FFD67E
:10F370007FFFFFE400000000000000007FFFFF901F
:10F38000FFFA7FFFFF4000000000000000003FFF89
:10F39000FF90DDFF7FFFF60000000000000000008E
:10F3A0000FFFFFF0EABF3FFFA000000000000000D9
:10F3B000000003FFF010FF4FBFF500000000000049
:10F3C0000000000001FF0010FFFF9FA000000000F0
:10F3D00000000000000000FFFFF0FFB0CB000000C5
:10F3E000000000000000000003FFFF90CD606000FF
:10F3F000000000000000000000021FFFFF90B2E0CC
:10F4000036000000000000000000000C7FFFFF90AD
:10F41000FFC03F4000000000000000000018FFFF98
:10F42000FF90FEC07FE8000000000000000000F137
:10F43000FFFF7C90FD80FFFD8000000000000000C9
:10F440000FC3FFFFB890FF80FFFFE800000000003F
:10F4500000003F87FFFFC8909F01FFFFFE000000F4
:10F46000000000007F1FFFFFE0908601FFFFD0003B
:10F47000000000010000FE3FFFFFE0908001FFFE62
:10F480008000000000061983FE7FFFFFF0908001DE
:10F49000FFFC00000000000C7FC7EE7FFFFFF8902C
:10F4A000801ABFB0000000000198FFFFC67FFFFF79
:10F4B000FC90803F5D000000000003F1FFFFC07F73
:10F4C000FFFFFE90803FF8000000000007E3FFFF11
:10F4D00000FFFFFFFF90807FFE80000000000FC74D
:10F4E000FFFE18FFEFFFFF90807FFFD000000000BD
:10F4F0000F8FFFFC7FFFEFFDFF9080FFFFFA000002
:10F5000000001F9FFFF8FFFFEFFCF79080FFFFFF59
:10F51000600000003F1FFFF1FFFFCFFCE19080FF84
:10F52000FFFFF40000007F3FFFE3FFFFCFFE60908E
:10F5300081FFFFFFFE8000007F3FFFC7FFFFDFFE70
:10F54000409081FFFFFFFFF80001FE3FFFCFBFFFAC
:10F55000DFFE009081FFFFFFFF400007FE7FFF8F6F
:10F560007FFF9FFE009080FFFFFFE600001FFE7FF1
:10F57000FF1EFFFF91FE009080FFFFFEC000003FD6
:10F58000FC7FFE3CFFFF81FF0090807FFFEC0000CE
:10F590003CFFF8FFFC79FDFF80FF00908027FF8093
:10F5A00000007FFFF9FFFCF3FBFF00FF0090805F8E
:10F5B000FFD80000FFFFF1FFC8E7F3FF007F0090D6
:10F5C00080FFFFFD8001FFFFE3FF81CFF7FF007F9A
:10F5D000009080FFFFFFD803FFFF87FF038FE7FF47
:10F5E000003F819081FFFFFFFE83FFFE0FFE3FFF84
:10F5F000CFFFFFFFFF10800000002FC60000380083
:10F600006000480000000010C000000017F4000077
:10F61000E000C000880000000030FFFFFFFFFFFF98
:10F62000FFFFFFFFFFFFFFFFFFFFFFF0000000FFF6
:10F63000FFFFFFFFFEAA0A2A9FFFFFFFFAEAAAAE1A
:10F64000BAFFFFFBFFF0F155051547FFFFFFF5D5AA
:10F65000555F7FFFFFFFFFF0A4AA8A8AA1FFFFFB8F
:10F66000EAAAAABEBFEFFBFBFFF05455054554FFC5
:10F67000FF7D55D5757F7FDFFFFFFFF0AE2A82A0AB
:10F68000AA3FFFFEAAEABBFEBFFFFBFBFEF05F55F1
:10F690000150541FFF7F55D57FFF7FD7FFFDFDF041
:10F6A0002FFF2028000FFFAEAAAABFFFFFEBFBFF32
:10F6B000FFF00E015014003FFF5755D57FFF7FD755
:10F6C000FDFFFDF01E01A80A00FFFFAFAAAAFFFF81
:10F6D000FFAFFBFFFFF01FF9500103FFFF5755D5A8
:10F6E0007DFF7FDFFDFFFDF09FF9A8008FFFFEAFDC
:10F6F000AAAAFFFFFDBFFBFFFBF05A0154003FFF2A
:10F70000FF7F5DD5FDFFFDDFFDFFFDF08E01AA004F
:10F710007FFFFEBFAEEFFFFFFBEFFBFFFAF0CFFF77
:10F72000F400F7FFFF7F5DFFFFFFFDDFFFFFFDF050
:10F73000AE012A00FBFFFFBFAEFFFFFFFEFFFBFF96
:10F74000FAF0DE013501FBFFFF7F5DFDBFFFFFDF4C
:10F75000FDFFDDF0A7FFEA81FCFF7FBEBEFFE3FFF8
:10F76000FFEFFFF93EF056015541FF7FFFFFFDFD22
:10F77000FC1FFFFFFFFC7DF0A6012A88FEFFFFFEB5
:10F78000FEFEFFE003FFFFFCFEF0527915447DFF13
:10F79000FFFD7FBDFFFFFC0007F8FDF022692AA0F6
:10F7A0003DFFFFFAFE7FFFFFFFE248FAFFF04259FC
:10F7B00015541BFFFFF7FFBDF7FFFF9555377DF091
:10F7C00002690AA21FFEFFEEFFFFFCFFFF2A4A9F0D
:10F7D000FFF003FF55114FFFFF557FFDFF00FC5564
:10F7E000554FFFF00201AA888FDEFFAABFFEFFFF80
:10F7F00000A802A7FFF00201555547FF7FD55FFF24
:10F80000FFFFC8475C53FFF08249AA8AA7FEFFEAC0
:10F81000BFFFFFFFB03F5F89FFF0C249554553FF6F
:10F82000FFF55FFFFFFE707F5FE5FFF0E241A2A200
:10F83000ABFEFBFAAFEFFFF9E2BF5FFAFFF0E24188
:10F84000515151FF77FD57F9FFE7857F5FFCFFF0CE
:10F85000E3FFF2A0A8FFFBBEAFFE1E806A80007E21
:10F86000FFB0E2601150547FFFFD57FFE01FC41549
:10F8700055067F70EE6018A82A1FFFFEAFFFE8F064
:10F88000000A4AA87FF0DFFFF1541543FFFF5FFF36
:10F89000E87BC00555557F70FF8128AA0AA1FFFEAD
:10F8A000BFF7EA09E00A4AAA7FF0FF8150540554E5
:10F8B0007FFF7FFCE84BC00555557F70FE7F28AA6F
:10F8C00000A8FFFEBFFF0AF000024AA87EB0FE7F3C
:10F8D00014550003FFF75F7FE01FC40155067F70DA
:10F8E000FF81082A8007FFF6AFFFFE806A80007E56
:10F8F000FFB07F811455400FFFED577FFFE785551F
:10F900005FFCFF70BFFFE82AA81FFFF6AEFFFFF9FC
:10F91000EAAA5FFAFFF05E012415543FFFF5577F16
:10F92000FBFEF0555FE5FF70BE01222AA0FFFFBA83
:10F93000AEFFFE1F302A0F89BFF05FFFE51541FFC4
:10F94000FFD5577FFFE048055453FFF0BE01A202E8
:10F9500003FFFFEAAABFFFFF800002A7BFF05E011E
:10F96000410006FDFFD5555FFFFFFC00404FFFF053
:10F97000BE4920800F7FFEEAAABEFFFFFF00001FE6
:10F98000BFF07E4950000F7FFFD5555F83FFFF809A
:10F99000403FFFF0FE4128000FBFFFEBAABFFC0075
:10F9A00003E000FFBFF0FE4114001FDFFFD5D55775
:10F9B000FFFFFC0007FFDFF0FFFF08001F3FDFEB4A
:10F9C000AAABFFFFFFFFFFFFBFF0FE0114403EFFA9
:10F9D000BFF55557DFFFF9FFFFFFDFF0FE010A20FB
:10F9E0003FFFDFFAAAABBFFFF3FFFFDFBFF0DE7F11
:10F9F00005107FFFFFFD5555DFFFE4FFFFBF7FF0E0
:10FA0000EE7E02887FFFFFFAAAABBFFFE3FFBFBF16
:10FA1000BFF0DE0541543FFFFFDD5555FFFFD7FF27
:10FA2000DF7F7FF0EE06A2AA3FFFFFBEAAABBFFFBB
:10FA3000F7FFBF3FBFF0DE7D55551FFBFFFF55555C
:10FA4000FFFFFBFFFFBFFFF0FE7FAAAA8FFFFFBAF9
:10FA5000AAABFFFFFFFFBFDFBFF0FE01555547FF19
:10FA6000FFF7D557FFFFFFFFFFFFFFF0FE01AAAA38
:10FA7000A1FFFFBFEAABFFFFFFFFBFFFFFF0FFFFEC
:10FA8000555554FFFF5FF557FFFDFFFFFFFFFFF0E8
:10FA9000FFDAAAAAAA7FFFBFFAABFFFBFFFFFFFFB7
:10FAA000FFF0FF9D555500FFFF7FFD57FFFFFFDF74
:10FAB000FFFFFFF0FFBFA2A803FFFBBFFAAABFFB37
:10FAC000FFBFFFFFFFF0FF3FC00007FFFF5FFD57D5
:10FAD00057FFFFFFFFFFFFF0FF3F80000FFFFBAF6F
:10FAE000FEAEAAFBFFBFFFFFFFF0F67FC0000FFFD7
:10FAF000FF57FD555577FFFFFFFFFDF0EF87AB0088
:10FB0000EF808D0000010103010003013031323329
:10FB100034353637383941424344454600536F66E1
:10FB20006C6543686F633630005A4D4B2050726FDE
:10FB30006A65637400464C4153485F30005352413C
:10FB40004D5F300000000100000000FFFFFFFFFFDD
:10FB5000FF00000000000000FFFFFFFFFFFF0000AC
:10FB6000000000006E616D650062742F25732F2503
:10FB70003032782530327825303278253032782589
:10FB80003032782530327825752F25730062742F36
:10FB900025732F253032782530327825303278257C
:10FBA000303278253032782530327825750062740D
:10FBB0002F2573006274004254204C572057510087
:10FBC00002FB349B5F8000008000100000000000FA
:10FBD00000574553545F544F504449522F7A657033
:10FBE0006879722F7375627379732F626C7565749F
:10FBF0006F6F74682F686F73742F6863695F636FCA
:10FC000072652E630062745F6863695F6576745F16
:10FC10006765745F666C616773286864722D3E6502
:10FC20007674292026202831554C203C3C20283150
:10FC3000292900415353455254494F4E20464149CA
:10FC40004C205B25735D20402025733A25640A0013
:10FC50006576745F666C6167732026202831554C89
:10FC6000203C3C20283029290062756600737563AA
:10FC7000636573730009636F6D6D616E64206F70EF
:10FC8000636F6465203078253034782074696D6541
:10FC90006F75740A00657272203D3D203000094383
:10FCA0006F6E74726F6C6C657220756E72657370B6
:10FCB0006F6E736976652C20636F6D6D616E642065
:10FCC0006F70636F646520307825303478207469F4
:10FCD0006D656F7574207769746820657272202570
:10FCE000640A004254205258205751000009090963
:10FCF0000901020909090909090909090909070985
:10FD00000909090906090909090909090909090966
:10FD1000090909090905010204574553545F544F65
:10FD2000504449522F7A65706879722F73756273E7
:10FD300079732F626C7565746F6F74682F686F7359
:10FD4000742F6863695F636F6D6D6F6E2E6300E67D
:10FD50009D350E480103CCDBFDF4AC1191F4EFB9F5
:10FD6000A5F9E9A7832C5E2CBE97F2D203B0208BB5
:10FD7000D28915D08E1C742430ED8FC24563765C19
:10FD800015525ABF9A32636DEB2A65499C80DC623A
:10FD9000742F6363630062742F6861736800627418
:10FDA0002F63660062742F7363000005061F1F290E
:10FDB00018120308020305080A00080103040105DC
:10FDC00004050906070101060608000001000100FC
:10FDD0000301000302020100020000000000020310
:10FDE00001000362742F6B657973006C888391AA9C
:10FDF000F5A53860370BDB5A6083BE696E70757489
:10FE000000726574656E74696F6E40300075736260
:10FE1000645F776F726B71000100020300010101E2
:10FE200001010601050104010702030105020201A7
:10FE30000302050401010102010301040106010896
:10FE4000010C011001180120014001806164634030
:10FE5000343030303730303000636C6F636B403497
:10FE600030303030303030006C73307878403000D3
:10FE700072616E646F6D4034303030643030300009
:10FE8000656E74726F70795F62745F686369006633
:10FE90006C6173682D636F6E74726F6C6C65724009
:10FEA0003430303165303030006770696F40353044
:10FEB000303030333030006770696F40353030306B
:10FEC00030303030006B7363616E00000102030458
:10FED00005060767707265677265743240343030AA
:10FEE000303035323000677072656772657431404A
:10FEF00034303030303531630074656D70403430EB
:10FF000030306330303000737069403430303266E6
:10FF1000303030007370694034303030333030303E
:10FF2000006F626A0002041008104053570080807E
:10FF300080818182828384858687898A8C8D8F9156
:10FF4000939597999B9EA0A2A5A7AAADAFB2B50025
:10FF500055AAFF00112233445566778899AABBCC75
:10FF6000DDEEFF00010000000000000001000003C2
:10FF7000000000000200000000000000000000007F
:10FF80000000000000010000000000000000000070
:10FF900000000000010C0007FA00000000F2F1026E
:10FFA0000C0604F6020D010B03080000000000001F
:10FFB00000000000000F02FE000000000000000032
:10FFC000000000000500F80000000000FB04050030
:10FFD00000FD00FE0300FD00FDFFFB00000000FD32
:10FFE0000000FDFC0000FD00FB0000000000000020
:10FFF0000000FDFD00FC00F900E10000FB00050829
:0200000270008C
:100000000000FB03030805FC050000F100000000F0
:1000100000000000000000F70000000000000000E9
:10002000000000000000F9FDF300F6FE00000000F3
:10003000010A00F8FEFF0100FC0000FEED000000D8
:100040000000000000000000ECFE0A0000000000BC
:1000500000000000000000F60000000000000000AA
:1000600000000800030000FB00000000000000008A
:100070000000000000000000000A02010000000073
:100080000000000000000000000000000000000070
:100090000000000000000000000000000000000060
:1000A000000000F700000000000000000000000059
:1000B0000000000000000000000002050308FD0031
:1000C0000005FDF8DD02070501FD00090008000834
:1000D00000E800FD080008FD0503000001FD000028
:1000E000FC1400140008000B030408000000F700D3
:1000F00000000001FE0002FBFDFB0200FD0000000D
:10010000F60000000000000000000000EF0000000A
:1001100000000000000000000000000001F200F0FC
:1001200000000000FE0019FDFD0303FE00FD0300BA
:1001300000F20000000000000000000000E70003E3
:10014000000000000000000000000000F0000F00B0
:1001500000F7000800EFE7EFFB080000EF0003FAEC
:1001600000FC000000000000000000000000070884
:10017000E10000000000000000000000000C000290
:1001800000000000000202FDFB00FFFFFD0000FE7A
:10019000000000FB00FE00FAFB00FAF8F8FB00FB91
:1001A00000FB00000000FE0000030002FD00010053
:1001B000000003FE000000FE0303FF000000FB0040
:1001C000FF0000000000010003FE00FD00FC000035
:1001D000FE00080000FD0000000000FF01FEFE0020
:1001E00000FD00FD000000000000000000FFFF0017
:1001F000FDFD0000000000010000FE00FDFDFD000F
:100200000000000000000000FE00000000FEFD00F5
:10021000FC00F8FEF8050000FB03050700FAFFFDEF
:1002200000FFF403FE02F203000001F300F2FEEA15
:10023000FE00F30005070003000000000100FBFDC5
:1002400000F8000000FD000000FD0000000000FFBD
:10025000FF00FFFD00000000000000FDFD00FEFDAE
:10026000FE0000FD0000000000000000000000FE95
:10027000FE00FD00FE00FB030000FD010303000083
:1002800000000000FE0000000000020000FD00FD74
:10029000FEFD000000000000000200FE0000000063
:1002A000FDFC00FB0008FE01F8000007F3F3F5FB7E
:1002B0000300FEEFFB00FB00FB04FBF000F9000075
:1002C00001FF02FE000300F8F600F3FAFBFAF8FD66
:1002D000F9FFFBF902000100FD000000020003002D
:1002E00000000000000000000000FD00FF00FFFD16
:1002F00000FCFAFAFF00F8000000000000FE000019
:10030000000001FE000000030000000000000000EB
:100310000C00000000000002000000FD00000000D2
:1003200000000000000000FB0003000000000000CF
:1003300000000000000000FE000000FB00000000C4
:10034000F3F8000000FCF30000FD0300F9000000DA
:1003500000000000000000FC0000FB0000000000A6
:10036000000000000000000300FB0000000003008C
:1003700002FBFB00FDFDFD000000000000F800FD99
:1003800000FCFD00FAFAF8FE00FB00F80000000097
:10039000140000010000FD000300F5000000000053
:1003A000E8FB0808FEF50003FC00F3FFFD03EEFD8B
:1003B000030004F7FCF7F8F50000F1000F0000FF60
:1003C000000000FFFFFDF9F8FFE80000000000005A
:1003D000000000010000000000000000000000001C
:1003E00000000000FD00FFFDFC0000FB00FD000020
:1003F00000000000000000000000000000FF00FB03
:10040000000005FF0300FA03FEFFF9FD00FDFDFEFD
:1004100000FCFC0000FEFFFEFCFD0000FD0003FEF2
:1004200000FA000000FB00FC00FCFC0300000000E0
:1004300000000000FB0300FC00FEFDF8FEFEFEFFD6
:10044000FEFDFF0000000000FDFEFE0000000003B6
:10045000FE00FE000000FEFDFEFEFDFE00020AFFA3
:1004600000F900FE0500FDF5FD040000F4FC03FCAE
:100470000200FEFEF800FC010000FC000000030387
:10048000FBFB00FCFDFCFDFD00FC01FBFC0800008B
:100490000000000000000003000000000000000059
:1004A000000000000000000000000000000000FC50
:1004B000000000000000000000000000000000003C
:1004C000000000000000000000000000000000002C
:1004D0000000000000000000000000FE000000001E
:1004E000000000000000000000000000000000000C
:1004F000000000000000000000FEFD000000000001
:1005000000000000000000FC0000FD0000FDFD00F8
:10051000000000FD00000000FF0000000000FE00E1
:10052000000000FC00FB000000F80002FA0501FEDC
:10053000F40000FAFD00F6FAF90000F5FDF6F6F415
:1005400000F9000211FD00FAFDFFFDFCF9FBF7F6D2
:10055000FAFD0000FE00010000EEFE0806FAF700BA
:1005600001F800F3FEFD05E8FD010000EFFDF3FDDD
:10057000ED0000EE000F0100FE00000000FFFEF69F
:10058000FE00EF00000000F800FE00FFF9F400009C
:10059000FFFCF8FD00FE00000000F4FDF8F8FEFC92
:1005A000FAFDFC00FBFEF8FC00FDFBFDFB0001007A
:1005B000FEF8000500FB00000000030002FB0A003B
:1005C000FDFDFD000000000000F800FD00FCFD0046
:1005D000FAFAF8FE00FB020A000000001400000115
:1005E0000000FD00030000000000000000FF00000C
:1005F000000000FEFB0000000000FF000000FDFD09
:100600000000FBFD0000FB0004FF000000000000F4
:100610000100000000040502FE00F8FC0008F8F8E4
:10062000FBFB0A0503EAFE05FD00FD03FDF700FDE7
:1006300003FDFEF8FE0000080500F900F2FD07FDCD
:10064000F601FDF8F8FD0A0300FC00F9000208FAC3
:10065000F7F6FA080001EDFE03FCFEFA00FAF7FCDB
:10066000FCFE0000FAFBFD000806FDF200F2FC00B3
:10067000F7F1FFF8FCF8F9070000FD00FBFE00FDB4
:10068000FB0004F8030000F200FDFAFCFEF8FAF8A3
:10069000FA00F8FDFAFBF8FD0000010CFC00F8FD83
:1006A00000FDFBFAF9F9F6FDFB0500FC00F3FD0285
:1006B00005F8F7FBF808FD01E8FB05FAFCF700F880
:1006C000F5FDFDFEFDFBF8FF00000807FEEF00F161
:1006D000FA06F6EFFBF7F5F3F80500000000FD0061
:1006E0000003FD0502FB050000F8FF00FF0001010B
:1006F000FE000000000000FD0000000002080100F4
:10070000FD00000000FEFEFD0000000102000000F0
:10071000000200FE000A00050101FD0005000000C6
:1007200002000000000000000000000008000700B8
:1007300000000000000000000000000000F100FDCB
:1007400004000800001903FBFB0303FE01F3000093
:100750000CF10000000000000000000000EF0A247F
:10076000000000000000000000000000F100000098
:100770000000000000000000000000000000000079
:1007800000000000000000FC0000FBFE0000000074
:10079000000000000000000000000000000000FE5B
:1007A00000F900000100000321FBFE0807F9030027
:1007B000000303FD0000000000000000000000DF57
:1007C0000700000000000000000000000000000022
:1007D0000000F9000000F900000000FAFF0000002E
:1007E000FA00FD00F400000000000000000000001E
:1007F000EF0000000001000000000000FD0000FB11
:1008000000FC00F9000000FC03FD0000F9FDFA0007
:1008100000F900FD00F400FD0000EBFBF6FDF70021
:1008200000EF00F9FF0000000000000000FCFBFEEC
:10083000FC00000000FA00FA03FD0500FEFAFEFCD1
:10084000FB00FDFFFE02F9FF000000E9FEFC00FADC
:1008500000FEF4FE0000FEFE000000000200FEFCB0
:10086000FE04000000000000000000000000000086
:100870000000000000000000000000000000000078
:100880000000000000000000000000000003000065
:1008900000000000FA00FE000000FB03000000F969
:1008A000FDFB0000F900FD00F400000000E700FB84
:1008B000F7F30000EF00FEFC000000000000000065
:1008C000FDFCFFFC01000004FD00080DFDFDF80328
:1008D0000D0406F9030B03070607000000000000E3
:1008E0000000000000100CFBFD00FE140B140000C3
:1008F00000030000090000FC0000000000000000F0
:1009000000FE00000000000000000400000000EAFB
:10091000FDFEF6F30000EF00000000000000000004
:100920000000000000000000FC00000000000000CB
:100930000000FE00000000000000000400000000B5
:10094000EAFDFEF6F30000F60000000000000000E3
:100950000000000000000000000000FE000000FA9F
:100960000300FD020503F800FFFE03000200000083
:1009700000FA00FEFEFB00FEF60010FD00FAFE008D
:10098000FEFC00FDF9FBFD000000FC000000000083
:1009900000000000FE000000000000000004000055
:1009A0000000EAFDFEF6F30000EF0000000000008A
:1009B0000D00000000000000000000FC00F8FDFE3B
:1009C00008FEFDF601FE01FEF9010601020102FA30
:1009D000F6FD00F6FBF9F5F600FCFBFDFDFEFEFD65
:1009E000FE00FEFF040004FE0008000000000000FE
:1009F000000000000000FEFDFD0000F900FF00FC0B
:100A00000000000000000000000000F100000000F5
:100A100000000000000000FDFD00FD00000000FEE1
:100A20000000FCFD0300FCFBFE00F9FEFAFEFD00E9
:100A3000FC0000000000000000000000EF000800C3
:100A400000FB00000000FD00FD0000FF0000FE00B4
:100A5000FA00000BFDF8F8020303FFF90204020894
:100A60000208FEF90000F60000F8F90000FB00FDA6
:100A7000FC00FC00FC00FE0400FEF8FD090000FE86
:100A800000FB000003FA0003FD020000F800FEFF77
:100A900000FD03FE000000F6FDFA00F80000F4007F
:100AA00009FD00FB000200FD00FDF800FD03000051
:100AB0000000FE000003FD010000FDFE00FD00003F
:100AC000000000000000000000000000000000F036
:100AD00000060000FE000000000100FDFD00000017
:100AE0000500060000000000F0F1010B0804F6020A
:100AF0000B000900050000000000000000000000DD
:100B00000E000000000000000000000000000000D7
:100B1000000001020003040502060708090A090A89
:100B20000B0C0D0E0F10110C1213141515000000F4
:100B300016171819171919191719191A191919192E
:100B400017191719031B1C1D1D1E1F20212223000E
:100B500024002526272727002726282926262A2A73
:100B6000272A272A2B2C2D2E2E2F2E30000023094A
:100B7000310900000000000000000000000000003B
:100B80000000000000000000000000000000000065
:100B90000000000000000000000000000000000055
:100BA0000000000000000000000000000000000045
:100BB00001020003040502060708090A090A0B0CD2
:100BC000000D0E0F101112130C1414000000151656
:100BD000171819161A1B1C1D1D1E1F201D1D16215E
:100BE000222303241E2525262728292A2B002C0012
:100BF0002D2E2F303132332D343435302D2D2E2EF5
:100C000036373839333A3A3B3A3C290000093D0936
:100C100000000000000000000000000000000000D4
:100C200000000000000000000000000000000000C4
:100C300000000000000000000000000000000000B4
:100C4000000000000000000000000000BF0BF0AF3B
:100C50000AE09E08D08C07C0000010BF1AE0F51F04
:100C60003F51F3E40F3E40F27208100005C003E06C
:100C700000007A005C0000098007A001FFFFFFFF71
:100C8000FD033E733C833000F200C500000F100EE0
:100C9000300002F000F2009FFFFFFFFF4138C33633
:100CA000E3300089005C00000A7007A000000079B2
:100CB00000000000790000005CFFE92006FCBC9EFB
:100CC000900EB07900100F807900000DF5790000CA
:100CD00003EFFD50000006CFFE400000795EF100FA
:100CE000007905F307007907F12FE9BCAFA003AE47
:100CF000FFD7000000790000000079000003DE80CB
:100D00000005D000E40C5001E3004C005A00A9009B
:100D100006A004C04E00004C005A0D500000E41C18
:100D200058A0000003CE73E13CE9000000D60E405D
:100D3000A800007C03C003D0002E203C003D000B27
:100D40007000E2098006D00004DDA00009EFB100C8
:100D50000009E43CA00000D9007D00000CC01CA0EC
:100D600000003FAEC1000001DFC0000003EB8F7048
:100D70001800DB007F65F03F40008FEA03F70000BA
:100D8000CF700BF966CFBF4008DFEA30A500000046
:100D9000000000F5F5E4E47200DA05F20BC00F7014
:100DA0003F405F206F107F006F105F203F400F704B
:100DB0000BC005F200DA3F300CB006F101F600E995
:100DC00000BC00AD00AE00AD00BC00E901F606F1CC
:100DD0000CB03F30004A000674A4A02BFFE5007F52
:100DE000FB207B6B8D0004A00000130000000510A9
:100DF00000000F5000000F5000011F5110EFFFFFC7
:100E0000F3344F7440000F5000000F50000952FDA2
:100E10000BA0C50F000111101FFFF3044440031283
:100E2000FC1E90000005F100000AB000000F6000F9
:100E3000005F100000AB000000F6000005F10000AC
:100E40000AB000000F6000004F100000AC0000006E
:100E5000F6000004F100000AC000000E6000004F20
:100E60001000000008EFC50000CFA8CF7007F50004
:100E70000AF20DC00001F81F800000DC3F60000096
:100E8000BD3F600000BD1F800000DC0DC00001F808
:100E900007F5000AF200CFA8CF700008EFC500EFF9
:100EA000FF367AF3005F3005F3005F3005F3005F33
:100EB0003005F3005F3005F3005F3005F304BEFD3D
:100EC0007007FD98CF90280000BF00000007F200D7
:100ED0000000AF0000004F8000003FC000003EC196
:100EE00000002EC100002ED100002EF8777746FFBB
:100EF000FFFFFA6FFFFFFF0277779FB000000CE162
:100F0000000009F3000005F6000000DFE91000040E
:100F100059FD00000006F40000003F64400008F3A3
:100F2000BFC98CFB007CFFD700000001EB00000074
:100F300000BE100000006F500000002F9000000065
:100F40000CD000000008F301D50003F8002F60006A
:100F5000ED2223F7216FFFFFFFFF81555556F95210
:100F60000000002F6000000002F60005FFFFFF00F8
:100F70007F77777008E0000000AD0000000BC21022
:100F80000000DFFFFB30045568FF20000004F8007C
:100F900000000F92500005F68FD98AFD105BEFE933
:100FA000100005CEFC60009FC88B7005F8000000A3
:100FB0000CD00000001F800000002F68EFFA103FE7
:100FC000EE648FD02FF10006F40EC00002F609F196
:100FD0000006F301DE869FB00019EFD8008FFFFFF7
:100FE000FFE8F77777FC8F00004F5590000BE0008B
:100FF0000002F80000009F1000000FB0000006F48F
:10100000000000DD0000003F7000000AF100000158
:10101000F90000005CFFD70006FC76AFA00CD00002
:1010200009F10DC00007F207F7115EC000BFFFFE17
:101030001009F9547ED02F800004F64F500000F8BC
:101040001FA00005F609FB76AFD0006CFFD810009A
:101050008EFD80000CF868FC005F50003F708F0030
:10106000000EC07F30001FF01FD413CFF104EFFF3C
:10107000A9F00002310AF00000000EA00000009F5D
:101080003009A78DF70007DFEB40001E92FC03102C
:10109000000000000312FC1E901E92FC03100000D2
:1010A00000000001E91FD0A80E30A000000042009F
:1010B000017DF3039FE810BFB50000EE810000172B
:1010C000DFB4000004AFD200000182EFFFFFF34560
:1010D0005555510000000001111110EFFFFFF334CE
:1010E00044444050000000EF92000006CFB50000DD
:1010F000039FE200006CF3029EE920BFC60000934C
:1011000000000004BEFD7007FC77BFA0270000CFE1
:1011100000000009F0000001EA000001DD100000FD
:10112000CE1000003F600000013000000001000010
:101130000006F50000005F4000000017CEFDB5007E
:10114000000005FB53237DC200006E400000008EAE
:101150001002F401AEFA3F49B00A901EE65BEF4080
:10116000E30F308F1000AF40981F00D900003F40C0
:101170006A3F00E800001F405C1F00D900003F40AC
:101180006A0F308F1000AF40980A901ED65ADEA624
:10119000F203F301AFFA16EE50006E4000000000BB
:1011A000000006FB5323750000000017CEFDA300CE
:1011B00000000002FD00000000009FF4000000009D
:1011C0000F9EB000000006F27F20000000DC01F856
:1011D0000000004F600BE000000BF0004F600001CA
:1011E000FA1111ED00008FFFFFFFF3000EC444441D
:1011F0004FA006F4000000AF10CD00000002F85F21
:10120000FFFFEB4005F85557DF405F400001FA054E
:10121000F400000FA05F51113AF405FFFFFFFA0040
:101220005F744459FA05F4000008F25F4000005F63
:1012300045F4000009F25F85556AFB05FFFFFFD703
:101240000000028DFEB40004FFB89DF902FD2000ED
:101250000850BF200000000FA000000002F60000B0
:1012600000002F6000000000FA000000000BF200F8
:101270000000002FD2000085005FFB89DF8000297D
:10128000DFEB405FFFFFEA30005F97779EF8005F7B
:10129000400000AF605F4000000DE05F40000006CE
:1012A000F45F40000003F65F40000003F65F40007B
:1012B0000006F45F4000000DE05F400000AF605F9B
:1012C00097779EF8005FFFFFEA30005FFFFFFF9512
:1012D000F97777745F40000005F40000005F51115A
:1012E0001105FFFFFFE05F74444405F40000005F58
:1012F00040000005F40000005F97777765FFFFFF6F
:10130000FD5FFFFFFF95F97777745F40000005F4FC
:101310000000005F40000005F52222105FFFFFFE85
:1013200005F85555405F40000005F40000005F409F
:10133000000005F400000000018DFEB500004FFB29
:1013400089DFB002FD200006600BF2000000000FF4
:10135000A0000000002F60000000002F60000009C6
:10136000F00FA0000009F00BF2000009F002FD20D0
:10137000000AF0004FFB89DFC000028DFEC6005F4F
:101380004000004F55F4000004F55F4000004F5549
:10139000F4000004F55F5222225F55FFFFFFFFF5C6
:1013A0005F8555558F55F4000004F55F4000004FF0
:1013B00055F4000004F55F4000004F55F4000004B0
:1013C000F55F45F45F45F45F45F45F45F45F45F430
:1013D0005F45F400FFFFFA007777FA000000FA009B
:1013E0000000FA000000FA000000FA000000FA0015
:1013F0000000FA000000F9072003F60DE98EF10164
:10140000AEFB305F400002EB05F40001EC005F40F2
:1014100001DE1005F400CE20005F40BF300005F46F
:101420009F9000005FCFEF400005FF91EE10005F3E
:10143000A003FC0005F40006F8005F400009F50574
:10144000F400000CF25F40000005F40000005F4073
:10145000000005F40000005F40000005F4000000FB
:101460005F40000005F40000005F40000005F4004C
:1014700000005F97777725FFFFFFF55F40000000D2
:101480001E95FC00000008F95FF5000002FF95FDC5
:10149000E00000AEF95F5F70003F5F95F38F100BC7
:1014A000C0F95F31E904F30F95F307F2DB00F95F50
:1014B000300DEF200F95F3005F9000F95F30007161
:1014C000000F95F300000000F95F5000004F55FF3A
:1014D000200004F55FFD00004F55FAF90004F55FA8
:1014E0004AF5004F55F40DF204F55F402FD04F55EB
:1014F000F4006F94F55F4000AFAF55F40000DFF5E6
:101500005F400002FF55F4000006F500018DFEB5B6
:10151000000004FFB89EFA0002FD200008F900BF99
:101520002000000AF20FA00000003F72F600000049
:1015300000F92F600000000F90FA00000003F70B85
:10154000F2000000AF202FD200008F90004FFB89E7
:10155000EFA0000028DFEB50005FFFFFD7005F9790
:1015600078BFC05F400007F65F400000FA5F4000B0
:1015700000FA5F400003F85F62236EF15FFFFFFD3A
:10158000305F855420005F400000005F4000000095
:101590005F4000000000018DFEB50000004EFB8999
:1015A000EFA00002FD200008F9000AF2000000AFE1
:1015B000200FA00000003F702F600000000F902F50
:1015C000600000000F901F900000002F700BF100D2
:1015D0000000AF2003FC100007F900006FFA78DF6D
:1015E000B0000003AEFFC500000000003ED415B0FF
:1015F00000000002BFFF80000000000131005FFF1B
:10160000FFD7005F9778BFC05F400007F65F4000DC
:1016100000FA5F400000FA5F400003F85F52236E5B
:10162000E15FFFFFFC305F8555F9005F40007F40C0
:101630005F40000CE05F400002F9005CEFD920073A
:10164000FC87AF900EC00001100F800000000DF568
:1016500000000003EFEA50000005AEFE400000006D
:101660004EF100000005F308000008F22FFA77BFE2
:10167000A0029DFFC700FFFFFFFFF56778FB7772B1
:101680000001F700000001F700000001F700000072
:1016900001F700000001F700000001F70000000161
:1016A000F700000001F700000001F700000001F75B
:1016B00000006F3000008F16F3000008F16F30005B
:1016C000008F16F3000008F16F3000008F16F30052
:1016D0000008F16F3000008F05F4000009F03F7042
:1016E0000000CD00DE20005F8004FFA8BFD0000313
:1016F000BEFD81000CE00000006F306F5000000C58
:10170000C000FB000003F60009F20000AE00002F4D
:1017100080001F900000CE0007F2000005F600DBFD
:101720000000000EC04F500000008F3BE0000000A2
:1017300002FBF8000000000BFF10000000004FB09B
:1017400000005F400000DF000002F50F900002FF84
:10175000400007F00BE00007FE90000CB006F3001D
:101760000CAAE0001F6001F8001F54F3006F100086
:10177000CD007F10F800CC00007F20CB00AD01F73A
:1017800000002F71F6005F26F200000DC6F1000F79
:101790007BD0000008FDC0000BDF80000003FF705D
:1017A0000006FF30000000EF200001FE00003F9027
:1017B0000000CD008F40007F3000DE102F8000033E
:1017C000FA0CD0000007FBF30000000CF80000004A
:1017D00001EFC0000000BF7F7000006F60AF20000D
:1017E0002FB001ED000CF10004F807F6000009F33A
:1017F0000CE0000007F203F700001F9000AF10009C
:101800009E10001FA002F6000008F30BD00000009D
:10181000EC4F400000005FFB000000000CF20000F5
:10182000000009F00000000009F00000000009F0CD
:101830000000000009F000003FFFFFFFFD01777787
:1018400077BF900000001EC00000000CF2000000F6
:1018500008F500000004F900000001EC00000000A1
:10186000CF200000008F500000004F900000001EAD
:10187000F877777705FFFFFFFFF05FFF05F7505F11
:101880003005F3005F3005F3005F3005F3005F3093
:1018900005F3005F3005F3005F3005F7505FFF0090
:1018A0007E0000001F4000000C90000007E00000D8
:1018B00002F4000000C90000007E0000002F40007C
:1018C000000C90000007E0000002F3000000D900C7
:1018D00000007E0000002F3000000D90000007E0A7
:1018E000BFFA35EA00EA00EA00EA00EA00EA00EAA4
:1018F00000EA00EA00EA00EA00EA35EABFFA002F4F
:101900008000009DE00000F3D50006D07B000C6055
:101910001F203F100B809A0004E0FFFFFFFF111112
:10192000111107F60003E7019EFD8000CE87AF90FE
:10193000020000AF00000006F202BEFFFF20EC42F2
:1019400027F22F50007F20EC427FF202BFFB6F2076
:101950008F000000008F000000008F000000008F4B
:101960002BFEB3008FEC78EF308FA0001EC08F20CD
:101970000007F18F000005F38F200007F18FA00012
:101980001ED08FEC78EF308E2BFEB300003AEFC400
:10199000004FD87CF40DD0000713F60000004F3044
:1019A000000003F60000000DD00006104FD77CF4B5
:1019B000003AEFC40000000001F700000001F7004A
:1019C000000001F7003BFFA3F704FD87CEF70ED020
:1019D000000BF73F600003F74F300001F73F500066
:1019E00003F70EC0000AF704FC65BEF7003BFFB228
:1019F000F7003BFEA20004FC67EE200EC0001EA014
:101A00003F500007F04FFFFFFFF13F722222200EF0
:101A1000C000020004FD87AF50003AEFD600005D21
:101A2000FC002FB57004F3000CFFFFA048F7530033
:101A30005F300005F300005F300005F300005F3009
:101A40000005F300005F3000003BFFB2E904FE87B1
:101A5000CFF90ED1000AF93F600001F94F400000B4
:101A6000F93F600001F90ED00009F904FD87CFF8B5
:101A7000003BFFB3F700000005F409E977AFB001C0
:101A80007CFFD8008F00000008F00000008F0000ED
:101A90000008F2BFEA108FFB89FD08F80006F48FFA
:101AA00010001F78F00000F88F00000F88F0000091
:101AB000F88F00000F88F00000F89E1AF20008F07E
:101AC0008F08F08F08F08F08F08F08F00007E20011
:101AD00009F30000000007F10007F10007F100071B
:101AE000F10007F10007F10007F10007F10007F12D
:101AF0000008F0186EC03EFC208F00000008F000C7
:101B000000008F00000008F0001DD18F001DE208CA
:101B1000F01DE2008F2DF30008FEFF70008FE2BF82
:101B20003008F201EE108F0003FB08F00007F78F7A
:101B30008F8F8F8F8F8F8F8F8F8F8F8E3CFE913BEC
:101B4000FEA208FF969FCFC68FD08F70009FC00067
:101B50005F58F10005F60001F78F00004F40000FBD
:101B600088F00004F40000F88F00004F40000F8858
:101B7000F00004F40000F88F00004F40000F808E4A
:101B80003BFEA108FFA68FD08F80006F48F10001B7
:101B9000F78F00000F88F00000F88F00000F88F02A
:101BA0000000F88F00000F80003BEFC40004FD87A9
:101BB000CF600ED0000BF13F600003F54F30000105
:101BC000F73F600003F50ED0000BF104FD77CF6006
:101BD000003BEFC4008E3BFEB3008FFB57DF308F1E
:101BE00090000DC08F100007F18F000005F38F20CB
:101BF0000007F18FA0001ED08FEC78EF308F2BFE06
:101C0000B3008F000000008F000000008F00000074
:101C100000003BFFA2F704FD87DEF70ED0000BF7B4
:101C20003F600003F74F300001F73F600003F70EFD
:101C3000D0000BF704FD77CEF7003BFFA3F70000C1
:101C40000001F700000001F700000001F78E2BF003
:101C50008FED908FA0008F20008F00008F00008FED
:101C600000008F00008F000002AEFD911ED769D0EA
:101C70004F3000002FB4100006EFFD6000015BF54F
:101C8000010000F75FA76BF319DFEC4005F30000DC
:101C90005F3000CFFFFA048F753005F300005F302E
:101CA0000005F300005F300004F400001FC6800050
:101CB0005DFC10AE00002F5AE00002F5AE00002FD0
:101CC0005AE00002F5AE00002F59F00004F56F3025
:101CD00000AF51EE76BFF502BEFB3F500DC00000D5
:101CE000CB06F20002F500F90009E0009E000F802B
:101CF000002F606F10000CC0CB000005F6F4000050
:101D000000EFD00000008F7000BB00009F10004F5C
:101D100016F1000EF60009C00F6005FCB000F600D9
:101D2000AC00AB5F105F1005F10F50F70AB0000F69
:101D300076F009C0F50000ACBA004F8F000004FF38
:101D40004000EFA000000EE00008F400004F70001B
:101D50009F208F305F5000CD2E900002FFD00000FA
:101D60000AF6000004FDE10001EB0DC000BE103FCB
:101D7000806F40007F400DC00000CB06F30002F4EE
:101D800000EA0009D0008F101F70001F707F100044
:101D90000AE0D9000003F9F2000000CFB000000013
:101DA0006F40000000AD00001C79F500001AEE70D5
:101DB00000004FFFFFF915555BF400004F80000154
:101DC000EC00000BE100008F400004F700001EE56E
:101DD00055535FFFFFFC002CF500AF6100CC000005
:101DE000DB0000DB0000DB0002EA001FF40005FA64
:101DF0000000DB0000DB0000DB0000CC0000AF6176
:101E0000002CF55F15F15F15F15F15F15F15F15FBE
:101E100015F15F15F15F15F15F10BE8003AF400152
:101E2000F6001F7001F7001F7000F9000AFB00FBAD
:101E3000201F7001F7001F7001F603AF40BE900035
:101E400000000000003DE400B50C86F51E20F00304
:101E5000EF90020000100002CE900D40893B000E72
:101E60003B000E0D408902CE900008F8EFE7F70026
:101E70000000000000000000000000000049DC003D
:101E800000000016BFFFFF0000038DFFFFFFFF00F3
:101E900000CFFFFFFFFFFF0000FFFFFFFFC7FF00B6
:101EA00000FFFFEA5100FF0000FF83000000FF0079
:101EB00000FF00000000FF0000FF00000000FF0026
:101EC00000FF00000000FF0000FF00002BFFFF00EC
:101ED00000FF0000DFFFFF2BFFFF0000DFFFFDDF43
:101EE000FFFF00002BFFB2DFFFFD00000000002B12
:101EF000FFB20000000000D00FFFFFFFFFF00DFF5A
:101F0000FFC888888CFFFFF00F80000008F00FF0FA
:101F10000F80000008F00FFFFF80000008FFFFF0B7
:101F20000FECCCCCCEF00FF00FECCCCCCEF00FFF02
:101F3000FF80000008FFFFF00F80000008F00FF0A6
:101F40000F80000008F00FFFFFC888888CFFFFD0CB
:101F50000FFFFFFFFFF00DDFFF73FFFFFFFFFDFF30
:101F6000FFA5FFFFFFFFFFFFFFA5FFFFFFFFFFDF55
:101F7000FF73FFFFFFFFFD0000000000000000DF17
:101F8000FF73FFFFFFFFFDFFFFA5FFFFFFFFFFFF49
:101F9000FFA5FFFFFFFFFFDFFF73FFFFFFFFFD0058
:101FA00000000000000000DFFF73FFFFFFFFFDFFE8
:101FB000FFA5FFFFFFFFFFFFFFA5FFFFFFFFFFDF05
:101FC000FF73FFFFFFFFFD0000000000000AB100EB
:101FD0000000000000BFFC00000000000BFFFB0041
:101FE00000000000BFFFC01BA000000BFFFC00CFE3
:101FF000FB0000BFFFC000BFFFB00BFFFC00000CE8
:10200000FFFBBFFFC0000000CFFFFFFB0000000090
:102010000CFFFFB00000000000BFFB00000000004C
:10202000000BB000000000030000000308FC1000DB
:102030001CF8FFFC101CFFF5FFFC2CFFF505FFFF53
:10204000FFF50005FFFFF500001DFFFD10001CFF60
:10205000FFFC101CFFF9FFFC1CFFF505FFFCDFF582
:102060000005FFD1A4000004A10000004FE0000023
:10207000000002106FF1031000005FD06FF13FD13C
:102080000003FFF16FF15FFD000DFF406FF109FFED
:10209000704FF7006FF100CFE09FF0006FF1005F2D
:1020A000F3BFC0006FF1002FF5BFC0004FE0001F6D
:1020B000F6AFE0000000004FF46FF400000000AF46
:1020C000F00FFE10000005FFA006FFD300007FFF09
:1020D00020009FFFDABEFFF4000006FFFFFFFD3087
:1020E00000000017BDCA5000000000008BB80000BF
:1020F00000000000FFFF000000003006FFFF60034B
:102100000004FDDFFFFFFDEF400DFFFFFFFFFFFFBE
:10211000D04FFFFFF99FFFFFF408FFFF2002FFFFF2
:102120008000FFF900009FFF0000FFF900009FFF03
:102130000008FFFF2002FFFF804FFFFFF99FFFFF16
:10214000F40DFFFFFFFFFFFFD004FEDFFFFFFDDF09
:1021500040003006FFFF600300000000FFFF0000AA
:10216000000000008BB800000000000003DD303FDD
:10217000F3000000006FFFF54FF400000009FF9925
:10218000FFBFF4000001BFF6226FFFF400002DFE38
:1021900035FF53EFF40004FFC18FFFF82DFE407FA1
:1021A000FA1AFFFFFFA1AFF7CF82DFFFFFFFFD2885
:1021B000FC140EFFFFFFFFFFE041000FFFFFFFFFDA
:1021C000FFF000000FFFF9008FFFF000000FFFF895
:1021D000008FFFF000000FFFF8008FFFF000000EEF
:1021E000FFF6006FFFE000000000DFFD00000000D0
:1021F0000000FFFF000000000000FFFF00000000E3
:102200000000FFFF000000000000FFFF00000000D2
:102210000000FFFF000000004FFFFFFFFFF4000081
:102220000BFFFFFFFFB0000000BFFFFFFB0000003F
:10223000000BFFFFB00000000000BFFB000000DF4C
:10224000FFFC1BB1CFFFFDFFFFFFC22CFFFFFFFF15
:10225000FFFFFFFFFFFFFFFFFFFFFFFFF0E0FFDFDC
:10226000FFFFFFFFFFFFFD0004EFFFFFFFFE400049
:10227000001EFFFFFFFFFFE10000AFB00000000BFA
:10228000FA0005FF1000000001FF501EF6000000DC
:1022900000006FE1AFB000000000000BFAFFFFFF8D
:1022A000800008FFFFFFFFFFFFF1001FFFFFFFFFA0
:1022B000FFFFFFFFFFFFFFFFFFFFFFFFFFFFFFFF2E
:1022C000FFFFFFFFFFFFFFFFFFFF8FFFFFFFFFFF8E
:1022D000FFFFF8000006BDDA5002FF0005EFFFFF28
:1022E000FE42FF007FFFA77BFFF9FF05FFC1000053
:1022F0002CFFFF0EFC00000222DFFF5FF200000F48
:10230000FFFFFF8FB000000FFFFFFF000000000085
:102310000000000000000000000000FFFFFFF000D0
:10232000000BF8FFFFFFF000002FF4FFFD2220005C
:1023300000CFE0FFFFC200002CFF40FF9FFFB76A05
:10234000FFF700FF24DFFFFFFE5000FF2005ACDB9E
:10235000600000000000000000008D000008FF0089
:10236000008FFFDFFFFFFFFFFFFFFFFFFFFFFFFF0C
:10237000FFFFFFFFFFFFFFDFFFFFFF00008FFF00FA
:102380000008FF0000008D000000000000000000B9
:10239000000000008D0000000008FF000000008F1A
:1023A000FF0000CFFFFFFF0150FFFFFFFF06F7FF19
:1023B000FFFFFF00BEFFFFFFFF00AEFFFFFFFF05B7
:1023C000F8DFFFFFFF026000009FFF000000000930
:1023D000FF00000000009E00000000000000000060
:1023E00000000000000610000000000000001FD2E6
:1023F000000000008D000003EE10000008FF000A3E
:10240000B12FB000008FFF0005FC07F4DFFFFFFFD6
:1024100002505F60F9FFFFFFFF06F70DC0BDFFFF31
:10242000FFFF00AE09F09FFFFFFFFF00AE09F08F36
:10243000FFFFFFFF06F70DC0ADDFFFFFFF02505F9C
:1024400060E900008FFF0005FC06F4000008FF00B3
:102450000AB12FB00000008D000002EE1000000055
:102460000000001FD2000000000000000610008FD6
:10247000FFFFFFFFFFFFF8FFFCFFFFFFFFFFFFFF76
:10248000202FFFFFFFFFFFFC000CFFFFEEFFFFFF11
:10249000202FFFFE22EFFFFFFCFFFFE2002EFFFFD9
:1024A000FE4EFE200002FFFFE202C2000000FFFF1E
:1024B000200000000000FFFF000000000000FFFF00
:1024C000FFFFFFFFFFFFFF8FFFFFFFFFFFFFF80092
:1024D000004E400000000BFB00000001FFF1000077
:1024E000009FFF9000002FFFFF30000CFFFFFC005B
:1024F00007FFFFFFF802FFFFFFFFF29FFFFFFFFF55
:102500009EFFFFFFFFFEFF2FFFFFFFFEF2BFFFFF5B
:10251000FE9FA1BFFFFF92FFA22FFFF204FFFFFF6C
:10252000F400029EFE92000000000000FF30000157
:10253000CCFF40002DFFFF4003EFFFFF403FFFFFB8
:10254000FF44FFFFFFFF9FFFFFFFFFFFFFFFFFFFB6
:10255000FFFFFFFFFFAFFFFFFFFF45FFFFFFFF4054
:102560004FFFFFFF4003EFFFFF40002EFFFF300053
:1025700001CC0000000000000000000000008F916E
:102580000000000000FFFF7000000000FFFFFD40A2
:10259000000000FFFFFFFA100000FFFFFFFFF70041
:1025A00000FFFFFFFFFFD500FFFFFFFFFFFFB2FFB0
:1025B000FFFFFFFFFFFDFFFFFFFFFFFFFDFFFFFF2F
:1025C000FFFFFFB2FFFFFFFFFFD500FFFFFFFFF799
:1025D0000000FFFFFFFA100000FFFFFD40000000B9
:1025E000FFFF70000000008EA1000000000000004E
:1025F0000000000000000000000000008FFFF80055
:102600008FFFF8FFFFFF00FFFFFFFFFFFF00FFFF4F
:10261000FFFFFFFF00FFFFFFFFFFFF00FFFFFFFFC8
:10262000FFFF00FFFFFFFFFFFF00FFFFFFFFFFFFB8
:1026300000FFFFFFFFFFFF00FFFFFFFFFFFF00FFA7
:10264000FFFFFFFFFF00FFFFFFFFFFFF00FFFFFF98
:10265000FFFFFF00FFFFFF7FFFF7007FFFF78FFF08
:10266000FFFFFFFFF8FFFFFFFFFFFFFFFFFFFFFF81
:10267000FFFFFFFFFFFFFFFFFFFFFFFFFFFFFFFF6A
:10268000FFFFFFFFFFFFFFFFFFFFFFFFFFFFFFFF5A
:10269000FFFFFFFFFFFFFFFFFFFFFFFFFFFFFFFF4A
:1026A000FFFFFFFFFFFFFFFFFFFFFFFFFFFFFFFF3A
:1026B000FFFFFFFFFFFFFFFFFF8FFFFFFFFFFFF8A1
:1026C0000000000000CC100003FFFFD20004FFFF59
:1026D000FE3004FFFFFFF404FFFFFFFF54FFFFFF86
:1026E000FFF9FFFFFFFFFFFFFFFFFFFFFFFFFFFF00
:1026F000F9FFFFFFFF44FFFFFFF304FFFFFE30047D
:10270000FFFFD20004FFCC100003FF000000000018
:102710000000002DD2000000000001EFFE100000BC
:1027200000001DFFFFD100000000CFFFFFFC0000F4
:10273000000BFFFFFFFFB00000AFFFFFFFFFFA003D
:1027400009FFFFFFFFFFFF900FFFFFFFFFFFFFF0FD
:1027500008FFFFFFFFFFFF800000000000000000F7
:102760000CFFFFFFFFFFFFC00FFFFFFFFFFFFFF0AA
:102770000FFFFFFFFFFFFFF00CFFFFFFFFFFFFC09A
:102780000000001A40000001DFF000001DFFA00063
:1027900001DFFA00001DFFA00001DFFA00000CFFBE
:1027A000A000000DFF80000001DFF80000001DFF09
:1027B00080000001DFF80000001DFF80000001DF45
:1027C000F00000001B5004A10000000FFD100000ED
:1027D0000AFFD1000000AFFD1000000AFFD1000089
:1027E00000AFFD1000000AFFC0000008FFD000008D
:1027F0008FFD100008FFD100008FFD100008FFD1F1
:1028000000000FFD10000005B1000000000004FFF3
:10281000400000000008FF800000000008FF80006A
:1028200000000008FF800000000008FF8000004852
:10283000888CFFC88884FFFFFFFFFFFFFFFFFFFFBB
:10284000FFFFFFFF48888CFFC88884000008FF80D6
:102850000000000008FF800000000008FF8000006A
:10286000000008FF800000000004FF400000144446
:102870004444444441EFFFFFFFFFFFFEFFFFFFFF23
:10288000FFFFFF7BBBBBBBBBBBB7000005ADFFDAE7
:102890005000000004DFFC88CFFD4000007FFE40B8
:1028A0000004EFF70007FFF4009E804FFF704FFF1A
:1028B000C000AFF80CFFF4DFFF809AFFFE08FFFDB9
:1028C000DFFF80EFFFFE08FFFD4FFFC08FFFF80C1A
:1028D000FFF407FFF408EE804FFF70007FFE40001A
:1028E00004EFF8000004DFFC88CFFD400000000585
:1028F000ADFFDA5000008C20000000000000000056
:10290000DFE400000000000000001BFF8049DFFD45
:10291000A5000000007FFFFFD88CFFD4000000045A
:10292000EFF800004EFF700000001CFF69E804FF94
:10293000F70004E3009FFEFF80CFFF400DFF70050E
:10294000FFFFE08FFFD00DFFF7002DFFE08FFFD0DE
:1029500004FFFC0000AFF8CFFF30007FFF4000060F
:10296000FFFFF7000008FFF400003EFFA00000009A
:102970004DFFC88201BFF7000000005ADFFC1008BD
:10298000FFA000000000000000004EFD000000005D
:102990000000000002C8000000002DD2000000006E
:1029A00000000000BFFB0000000000000005FFFF6A
:1029B000500000000000000DFFFFD00000000000EC
:1029C000007FFFFFF7000000000001FFD88DFF101F
:1029D000000000000AFFA00AFFA0000000003FFF67
:1029E000B00BFFF300000000CFFFC00CFFFC0000A5
:1029F0000005FFFFD00DFFFF5000000EFFFFF99F05
:102A0000FFFFE000008FFFFFE22EFFFFF80002FF54
:102A1000FFFF9009FFFFFF100AFFFFFFE33EFFFFEC
:102A2000FFA00FFFFFFFFFFFFFFFFFF008FFFFFF0B
:102A3000FFFFFFFFFF80000000000000000000001B
:102A400000000000D800000000000000FF80FFFF31
:102A5000700007FFFFF8FFFFF6006FFFFFFD788EA5
:102A6000FF15FFE8FFE20002E54FFE20FE20000018
:102A700013FFF300520000003FFF3100520000023C
:102A8000EFF45E20FE20788EFF51FFE8FFE2FFFFAB
:102A9000F6006FFFFFFDFFFF700007FFFFF800006B
:102AA00000000000FF80000000000000D8000000CF
:102AB0000000000000000000000000000000000115
:102AC000DD10000000001DFFD100000001DFFFFD50
:102AD0001000001DFF99FFD10001DFF9009FFD10DC
:102AE0001DFF900009FFD1BFF90000009FFB5F9020
:102AF00000000009F50000000000000000000000D8
:102B00000000005F9000000009F5BFF90000009F81
:102B1000FB1DFF900009FFD101DFF9009FFD1000B0
:102B20001DFF99FFD1000001DFFFFD100000001D17
:102B3000FFD10000000001DD1000000000000000D7
:102B4000000000000000000000000000001DD10097
:102B500000000000000001DFFD10EFFFFFFFD000CC
:102B60001DFFFFD1AFFFFFFFF000CFCFFCFC000047
:102B7000000FF0006B1FF1B60000000FF000000F17
:102B8000F0000000000FF000000FF0000000000F48
:102B9000F000000FF00000006B1FF1B6000FF00016
:102BA0000000CFCFFCFC000FFFFFFFFA1DFFFFD19D
:102BB000000DFFFFFFFE01DFFD1000000000000020
:102BC000001DD100000000000000000000008FFF89
:102BD000FFE200000000FFFFFFFE20000000FFFFFB
:102BE000FFFFFFFFFFF8FFFFFFFFFFFFFFFFFFFFFC
:102BF000FFFFFFFFFFFFFFFFFFFFFFFFFFFFFFFFE5
:102C0000FFFFFFFFFFFFFFFFFFFFFFFFFFFFFFFFD4
:102C1000FFFFFFFFFFFFFFFFFFFFFFFFFFFFFFFFC4
:102C2000FFFFFFFFFFFF8FFFFFFFFFFFFFF8000029
:102C3000000BB0000000000000BFFB00000000001F
:102C40000BFFFFB000000000BFFFFFFB0000000B08
:102C5000FFFFFFFFB000004FFFFFFFFFF400000089
:102C600000FFFF000000000000FFFF000000000068
:102C700000FFFF000000000000FFFF000000000058
:102C800000FFFF000000DFFFF0DFFD0FFFFDFFFF93
:102C9000F900009FFFFFFFFFFFFFFFFFFFFFFFFFA8
:102CA000FFFFFFF0E0FFDFFFFFFFFFFFFFFD000082
:102CB0000000000000000000000000000AEA6200BE
:102CC0000000000002FFFFF000000000009FFFFF77
:102CD00000000000000FFFFFD00000000002FFFF17
:102CE000FB000000000003EFFF7000000000000484
:102CF000FFF2000000000000BFFB00000000000029
:102D00006FFF3000000200004FFF9000028FF300C1
:102D10006FFFD0000AFFFFE4BFFFD10000EFFFFF0D
:102D2000FFFFD100000AFFFFFFFF900000006FFFD0
:102D3000FFFB3000000002FFDB7200000000000813
:102D4000EE800000066108FFFF80002DFFD0EF330A
:102D5000FE002EFFF30EF33FE02EFFF3008FFFFF88
:102D60006EFFF300008EFFFFFFF300000002EFFF95
:102D7000F3000000002EFFFF30000008EFFFFFFF10
:102D8000300008FFFFF6EFFF3000EF33FE02EFFFE9
:102D9000300EF33FE002EFFF308FFFF80002DFFD5F
:102DA000008EE800000066100000DFFFFF0D20002D
:102DB00000FFFFFF0FE20000FFFFFF0FFDDFF0FF4E
:102DC000FFFF2000FFF0FFFFFFFFFFFFF0FFFFFF0F
:102DD000FFFFFFF0FFFFFFFFFFFFF0FFFFFFFFFF21
:102DE000FFF0FFFFFFFFFFFFF0FFFFFFFFFFFFF020
:102DF000FFFFFFFFFFFFF0FFFFFFFFFFFFF0DFFF21
:102E0000FFFFFDFFF90000000000FFFFFFFFFF00D4
:102E100000DFFFFFFFFD00008FFFFFFFFFC200FF8D
:102E2000FFFFFFFFFE20FF00000001FFE2FF0000A8
:102E30000000FFFCFF00000000FFFFFF000000009B
:102E4000FFFFFFFFFFFFFFFFFFFFFFFFFFFFFFFF92
:102E5000FFFFFB11BFFFFFFFFFF1001FFFFFFFFFA1
:102E6000F1001FFFFFFFFFFB11BFFFFFFFFFFFFF91
:102E7000FFFFFF8FFFFFFFFFFFF812222222222217
:102E800021FFFFFFFFFFFFFFFFFFFFFFFFFFFF121D
:102E90002222222222210000000000000012222211
:102EA00022222221FFFFFFFFFFFFFFFFFFFFFFFFA7
:102EB000FFFF122222222222210000000000000037
:102EC00012222222222221FFFFFFFFFFFFFFFFFF2E
:102ED000FFFFFFFFFF122222222222218FFFFFFF8E
:102EE000FFFFFFF8FFFFFFFFFFFFFFFFCFFFFFFF29
:102EF000FFFFFFFC09FFFFFFFFFFFF90D25FFFFF17
:102F0000FFFFF52DFF62CFFFFFFC26FFFFFA18FF42
:102F1000FF81AFFFFFFFE34DD43EFFFFFFFFFF81C7
:102F200018FFFFFFFFFFFFFFFFFFFFFFFFFFFFFF98
:102F3000FFFFFFFF8FFFFFFFFFFFFFF800DFFFFD39
:102F4000000001FFFFFC000003FFFFF7000006FF89
:102F5000FFF2000008FFFFD000000AFFFFFFFFD0D4
:102F60000CFFFFFFFFA00EFFFFFFFF200DFFFFFF85
:102F7000F80000000AFFE00000000EFF5000000013
:102F80002FFC000000005FF3000000009FA0000085
:102F90000000DF1000000000D70000000004EE4039
:102FA000000000DFFF99FFFD0000FFFF99FFFF0019
:102FB00000FFFFFFFFFF0000FFFF9000000000FF89
:102FC000FF0DFFFF0D20FFFF0FFFFF0FE2FFFF0FC1
:102FD000FFFF0FFDFFFF0FFFFF2000FFFF0FFFFFB1
:102FE000FFFFFFFF0FFFFFFFFFFFFF0FFFFFFFFFD1
:102FF000DFFF0FFFFFFFFF00000FFFFFFFFF0000DD
:103000000FFFFFFFFF00000DFFFFFFFD000000CCE2
:10301000000000000002FF3000000001BFFFFC20A4
:1030200000001EFFFFFFE100009FFFFFFFF8000010
:10303000EFFFFFFFFD0000FFFFFFFFFF0001FFFFAD
:10304000FFFFFF0003FFFFFFFFFF3008FFFFFFFF51
:10305000FF801EFFFFFFFFFFE1CFFFFFFFFFFFFC31
:10306000CFFFFFFFFFFFFC0000000000000000009A
:103070000EFFE00000000004EE4000008FFFFFFFA5
:10308000FFFFFFFFF8FFFFFFFFFFFFFFFFFFFF0056
:10309000F00F00F00F00FFFF00F00F00F00F00FF37
:1030A000FFFFFFFFFFFFFFFFFFFFF808808808809A
:1030B0008FFFFFF808808808808FFFFFFFFFFFFF6A
:1030C000FFFFFFFFFF00F00000000F00FFFF00F018
:1030D0000000000F00FFFFFFFFFFFFFFFFFFFF8F5C
:1030E000FFFFFFFFFFFFFFF80000000000000000EF
:1030F0000000000000000003AF70000000000004AA
:10310000CFFFF00000000006DFFFFFA00000001767
:10311000EFFFFFFF30000018FFFFFFFFFC00002A59
:10312000FFFFFFFFFFF40008FFFFFFFFFFFFD000DE
:103130000FFFFFFFFFFFFF600008FFFFFFFFFFFE25
:10314000000000000000FFFFF7000000000000FF8B
:10315000FFF1000000000000FFFF80000000000001
:1031600000FFFF10000000000000FFFA0000000058
:10317000000000FFF2000000000000008F8000004F
:1031800000000000000000000000DFFFFFF0D200A0
:10319000FFFFFFF0FE20FFFFFFF0FFE2FFFFFFF069
:1031A000FFFDFFFFFFF20000FFFFFFFFFFFFFFFF3C
:1031B000FFFFFFFFFFFFFFFFFFFFFFFFFFFFFFFF1F
:1031C000FFFFFFFFFFFFFFFFFFFFFFFFFFFFFFFF0F
:1031D000FFFFFFFFFFFFFFFFFFFFFFFFFFFFFFFFFF
:1031E000FFFFFFFFDFFFFFFFFFFD0000000000000B
:1031F000000000000000049CEFFEC9400000000732
:10320000EFFFFFFFFFFE700004DFFFFCA88ACFFF87
:10321000FD406FFFD5000000005DFFF6CFF6000017
:10322000000000006FFC1A30005ADFFDA50003A16A
:1032300000004DFFFFFFFFD400000005FFFEA88A3D
:10324000EFFF50000001DF70000007FD10000000DC
:103250001200000000210000000000004EE4000009
:10326000000000000000EFFE000000000000000071
:10327000EFFE00000000000000004EE4000000002F
:103280008FFFFFFFFFFFFFFFFF80FFFFFFFFFFFF3D
:10329000FFFFFFF0FF000000000000000FFDFF0F28
:1032A000FFFFFFFFFFFF0FFFFF0FFFFFFFFFFFFF0E
:1032B00000FFFF0FFFFFFFFFFFFF00FFFF0FFFFFFC
:1032C000FFFFFFFF0FFFFF000000000000000FFDE9
:1032D000FFFFFFFFFFFFFFFFFFF08FFFFFFFFFFF7D
:1032E000FFFFFF808FFFFFFFFFFFFFFFFF80FFFF5C
:1032F000FFFFFFFFFFFFFFF0FF00000000000000E6
:103300000FFDFF0FFFFFFFFFF0000FFFFF0FFFFF9D
:10331000FFFFF00000FFFF0FFFFFFFFFF00000FFC7
:10332000FF0FFFFFFFFFF0000FFFFF000000000096
:1033300000000FFDFFFFFFFFFFFFFFFFFFF08FFF0C
:10334000FFFFFFFFFFFFFF808FFFFFFFFFFFFFFF7C
:10335000FF80FFFFFFFFFFFFFFFFFFF0FF00000008
:10336000000000000FFDFF0FFFFFFF0000000FFF38
:10337000FF0FFFFFFF00000000FFFF0FFFFFFF0038
:10338000000000FFFF0FFFFFFF0000000FFFFF0026
:103390000000000000000FFDFFFFFFFFFFFFFFFF29
:1033A000FFF08FFFFFFFFFFFFFFFFF808FFFFFFF9B
:1033B000FFFFFFFFFF80FFFFFFFFFFFFFFFFFFF0AB
:1033C000FF000000000000000FFDFF0FFFF00000F5
:1033D00000000FFFFF0FFFF00000000000FFFF0FD5
:1033E000FFF00000000000FFFF0FFFF000000000F2
:1033F0000FFFFF000000000000000FFDFFFFFFFFB8
:10340000FFFFFFFFFFF08FFFFFFFFFFFFFFFFF80CA
:103410008FFFFFFFFFFFFFFFFF80FFFFFFFFFFFFAB
:10342000FFFFFFF0FF000000000000000FFDFF00A5
:103430000000000000000FFFFF000000000000007F
:1034400000FFFF0000000000000000FFFF00000080
:10345000000000000FFFFF000000000000000FFD53
:10346000FFFFFFFFFFFFFFFFFFF08FFFFFFFFFFFEB
:10347000FFFFFF80000000000001000000000000CE
:1034800000000007FD1000000000000001CFFFF564
:1034900000000000000000B929FE1000000000003C
:1034A000003F10020000000003DF800A90000000CF
:1034B000037000DFFF77F7555555558FD30FFFFD8C
:1034C000CCDFDCCCCCCDFFB08FFE1000AA0000001A
:1034D0004D400046100001F20233100000000000D1
:1034E0000009B1CFF9000000000000000AFFFF90C2
:1034F0000000000000000000BFF900000000000014
:10350000000001220000000018DFFD920002EFFB26
:10351000EFFF300DFFFA2EFFE04FFFFA03FFF59F9C
:10352000FAFA354FFACFC08A3D0BFDEFFB03128F3D
:10353000FEFFFFB006FFFFFFFFD108FFFFEFFD1109
:10354000109FFFDFD1593B0BFDAFD7FA381DFB5F52
:10355000FFFA01DFF70DFFFA1DFFF103EFFCDFFFBC
:10356000500018DFFEA30000007FFFF70000EFFF10
:10357000FFFFFFFFFEEFFFFFFFFFFFFE0000000069
:103580000000000FFFFFFFFFFFF00FFFFFFFFFFF37
:10359000F00FF99F99F99FF00FF88F88F88FF00FCF
:1035A000F88F88F88FF00FF88F88F88FF00FF88F6A
:1035B00088F88FF00FF88F88F88FF00FF88F88F861
:1035C0008FF00FF99F99F99FF00FFFFFFFFFFFF0BA
:1035D00008FFFFFFFFFF800000000000007FA00049
:1035E00000000000008FFFB000000000000DFFFF92
:1035F000A0000000008A1DFFFF000000008FFA1DE0
:10360000FF700000008FFFFA1D800000008FFFFF99
:10361000FA000000008FFFFFFF800000008FFFFF17
:10362000FF800000008FFFFFFF800000008FFFFF82
:10363000FF800000006FFFFFFF800000000BFFFF16
:10364000FF8000000000DFFFFF80000000000EFF91
:10365000FF800000000000DEDB60000000000000D2
:10366000000000000000000000001BFFFFFFFFFF44
:10367000FFE40001DFFFFFFFFFFFFFFE001DFFFF74
:10368000FAEFFEAFFFFF01DFFFFFA02EE20AFFFF10
:103690001DFFFFFFE202202EFFFFCFFFFFFFFE20F6
:1036A00002EFFFFFCFFFFFFFFE2002EFFFFF1DFF36
:1036B000FFFFE202202EFFFF01DFFFFFA02EE20A44
:1036C000FFFF001DFFFFFAEFFEAFFFFF0001DFFF6E
:1036D000FFFFFFFFFFFE00001BFFFFFFFFFFFFE4F8
:1036E0000008FFFFFFE4008FFFFFFFFE08F80F0B4D
:1036F00040FF8FF80F0B40FFFFF80F0B40FFFFFF5D
:10370000FFFFFFFFFFFFFFFFFFFFFFFFFFFFFFFFC9
:10371000FFFFFFFFFFFFFFFFFFFFFFFFFFFFFFFFB9
:10372000FFFFFFFFFFFFFFFFFFFFFFFFFFFFFFFFA9
:10373000FFFFFFFFEFFFFFFFFFFE4EFFFFFFFFE476
:103740000000000000000001000000000000000375
:10375000E000001000000002EF1000BF00000000B9
:103760007FF100CFF100000007FF11CFFF777777DF
:1037700077BFF1CFFFFFFFFFFFFFFF17FFFFFFFF47
:10378000FFFFFFE007FFF100000000000006FF1050
:1037900000000000000005A000000000000000FF85
:1037A000CCCF3CC06CDBFB6FED9B0031FC1E0FE30C
:1037B00000C798618678C038D8E3BDD99D806F0076
:1037C00036CCC630C63336C0663CFF3C6630CFCC04
:1037D000306F00FCF003060C183060C07B3DFBCF5F
:1037E000378031C30C30CFC07B318C630FC07B304E
:1037F000CE0F37801C79B66FE18300FF0F830F3740
:1038000080398C3ECF3780FC30C630C3007B3CDE35
:10381000CF37807B3CDF0C6700F0F06C06F0199925
:10382000861860FC0FC0C30C3333007B30C63003F6
:10383000007D8F7EFDF81F0031ECF3FF3CC0FB3CA8
:10384000FECF3F807B3C30C33780F36CF3CF6F00FB
:10385000FF0C3EC30FC0FF0C3EC30C007B3C37CFB8
:1038600037C0CF3CFFCF3CC0FCC30C30CFC00C30C6
:10387000C30F3780C79B678D99B180C30C30C30FCE
:10388000C0C7DFFEBC78F180C7CFDEFCF8F1807BDB
:103890003CF3CF3780FB3CFEC30C007B3CF3CF6690
:1038A000C0FB3CFEDB3CC07B3C1E0F3780FCC30CE6
:1038B00030C300CF3CF3CF3780CF3CF3CDE300C71C
:1038C0008F1EBFFDF180C3663C183C66C3C3663CD7
:1038D00018181818FC318C630FC0FCCCCCF0C060F9
:1038E00030180C0603F33333F01071B630FFC630D6
:1038F0007837F37CC30FB3CF3F807E3187800C379E
:10390000F3CF37C07B3FF0783B3EC631807F3CDF52
:103910000FE0C30FB3CF3CC06038C631E0180631AA
:103920008C7EC30CF6F36CC0E318C631E0CDFF5EAD
:10393000BC60FB3CF3CC7B3CF378FB3CFEC3007FDC
:103940003CDF0C30FB3C30C07F0783F8618FD861CF
:1039500083C0CF3CF37CCF3CDE30C78F5BE6C0C674
:10396000D8E36C60CF3CDF0DE0FC6318FC1CC3386F
:1039700030C1C0FFFCE0C30730CE0077B8C142BD04
:103980002C40810062696E0042494E00494D41471A
:103990004500494D4147455F48454144455200086F
:1039A0000102040801020408182020101810101049
:1039B00010080000000000000000000000000010DF
:1039C0003643F4631EE9B0279CB73A67B5513FF31D
:1039D0009621F4A903D4BC0088960050AF4C4AC38A
:1039E0008B39DCCD3BEBFF07C1FF0098FF2257FF6F
:1039F0004855798B7D609E9E9EFFFFFF0004040268
:103A00000404040404040400000000000606060682
:103A1000060604000606060600000000000000007E
:103A2000000000050200000000000000040000008B
:103A30000000000002000202020002000202020076
:103A40000000000002000000000000000200000072
:103A5000000000000101050505010500100101003D
:103A60000000001022220C0C3232320000323210E0
:103A70000000000000000000000000000000000046
:103A8000000000000000000000202C2E3B3A2D5FBB
:103A9000297D0063616E76617300696D6167650001
:103AA00000000000000101000000000000100111F2
:103AB0000212031304140515061607170808080850
:103AC0000808080818181818181818182828282876
:103AD0002828282838383838383838384848484866
:103AE0004848484858585858585858580020303076
:103AF0003030303030303030303030300001000085
:103B00000100000001000000000052096AD53036B3
:103B1000A538BF40A39E81F3D7FB7CE339829B2F5E
:103B2000FF87348E4344C4DEE9CB547B9432A6C273
:103B3000233DEE4C950B42FAC34E082EA16628D9C0
:103B400024B2765BA2496D8BD12572F8F664866843
:103B50009816D4A45CCC5D65B6926C704850FDEDAF
:103B6000B9DA5E154657A78D9D8490D8AB008CBC02
:103B7000D30AF7E45805B8B34506D02C1E8FCA3FC8
:103B80000F02C1AFBD0301138A6B3A9111414F6718
:103B9000DCEA97F2CFCEF0B4E67396AC7422E7ADD0
:103BA0003585E2F937E81C75DF6E47F11A711D297A
:103BB000C5896FB7620EAA18BE1BFC563E4BC6D213
:103BC00079209ADBC0FE78CD5AF41FDDA833880730
:103BD000C731B11210592780EC5F60517FA919B528
:103BE0004A0D2DE57A9F93C99CEFA0E03B4DAE2A8C
:103BF000F5B0C8EBBB3C83539961172B047EBA77B1
:103C0000D626E169146355210C7D637C777BF26BCA
:103C10006FC53001672BFED7AB76CA82C97DFA59D2
:103C200047F0ADD4A2AF9CA472C0B7FD9326363F37
:103C3000F7CC34A5E5F171D8311504C723C3189624
:103C4000059A071280E2EB27B27509832C1A1B6EC6
:103C50005AA0523BD6B329E32F8453D100ED20FC68
:103C6000B15B6ACBBE394A4C58CFD0EFAAFB434D6B
:103C7000338545F9027F503C9FA851A3408F929D08
:103C800038F5BCB6DA2110FFF3D2CD0C13EC5F97F8
:103C90004417C4A77E3D645D197360814FDC222AFE
:103CA000908846EEB814DE5E0BDBE0323A0A490635
:103CB000245CC2D3AC629195E479E7C8376D8DD5A9
:103CC0004EA96C56F4EA657AAE08BA78252E1CA681
:103CD000B4C6E8DD741F4BBD8B8A703EB5664803E1
:103CE000F60E613557B986C11D9EE1F8981169D964
:103CF0008E949B1E87E9CE5528DF8CA1890DBFE6E7
:103D0000426841992D0FB054BB164145532D3235B1
:103D1000362D434243004145532D3139322D434224
:103D200043004145532D3132382D43424300414534
:103D3000532D3235362D454342004145532D3139FF
:103D4000322D454342004145532D3132382D4543F4
:103D50004200141400001C2030401C2000001C20D5
:103D60003040766261747400656E636F6465725F83
:103D70007269676874006D61696E00737973776F3B
:103D8000726B71002A2A2A20426F6F74696E672055
:103D90005A6570687972204F53206275696C64208F
:103DA000353861353837346134343661202A2A2A6F
:103DB0000A00696E66006E616E00286E756C6C2973
:103DC00000000000D0B80600F4B80600F8B80600FD
:103DD000FCB8060000B9060034B9060038B9060080
:103DE00040B9060044B90600FCB8060078B70600E2
:103DF000F8B8060078B70600F4B806003CB906002B
:103E000038B9060068BA0600FCB8060068BA0600B1
:103E1000F8B8060068BA060044B90600BCBA060045
:103E200000B90600C0BA060038B90600C0BA0600DC
:103E30000000000000000000000000000000000082
:103E40000000000000000000000000000000000072
:103E50000000000000000000000000000000000062
:103E60000000000000000000000000000000000052
:103E70000000000000000000000000000000000042
:103E80000000000000000000000000000000000032
:103E90000000000000000000000000000000000022
:103EA0000000000000000000000000000000000012
:103EB0000000000000000000000000000000000002
:103EC00000000000000000000000000000000000F2
:103ED00000000000000000000000000000000000E2
:103EE00000000000000000000000000000000000D2
:103EF000000000000000000035C7020000000000C4
:103F000000000000000000000000000000000000B1
:103F100000000000000000000000000000000000A1
:103F20000000000000000000000000000000000091
:103F30000000000000000000000000000000000081
:103F40000000000000000000000000000000000071
:103F50000000000000000000000000000000000061
:103F60000000000000000000000000000000000051
:103F70000000000000000000000000000000000041
:103F80000000000000000000000000000000000031
:103F900000000000000000000000000060AF06000C
:103FA0000000000000000000000000000000000011
:103FB00000000000000000001F00000000000000E2
:103FC000FFFFFFFFFF1F00000000000000000000D7
:103FD0000000000000000000B50E05000000000019
:103FE0000000000000000000B8010020B80100201F
:103FF0000D7505000000000000000000000000003A
:104000000000000000000000D8010020D8010020BE
:104010000000000001000000E8010020E80100208D
:10402000F0010020F001002000000000010000006D
:10403000000200200002002000000000000000003C
:104040000000000000000000000000000000000070
:104050000000000000000000000000000000000060
:104060000000000000000000000000000000000050
:10407000000000000000000000000000D007002049
:10408000050000000000000000000000000000002B
:104090000000000000000000000000000000000020
:1040A0000000000000000000000000000000000010
:1040B0000000000000000000E09D00200000000063
:1040C00000000000000000008EB30020000000008F
:1040D00000000000DF2305000000000000000000D9
:1040E00000000000BD800200000000000000000091
:1040F00000000000418402000000000000000000F9
:10410000B8090020000000000100240000000000A9
:10411000BA09002080B00600010024000100000060
:104120000000000000000000E32405000000000083
:104130000000000081890200000000000000000073
:1041400000000000F58A02000000000000000000EE
:1041500000000000AD8A0200000000000000000026
:10416000E2EF060000000A0000000000000000006E
:1041700000000000612505000000000000000000B4
:1041800004F006000000120026F006000000040003
:10419000000000000000000000000000572605009D
:1041A000000000000000000048F0060000001200BF
:1041B00000000000418A0200000000000000000032
:1041C000B6F0060000000000000000005D260500BB
:1041D000F18C020000000000000000000000000060
:1041E000998C02000000000000000000518C0200C9
:1041F000000000000000000000000000898D0200A7
:10420000418E0200298D0200000000007526050085
:104210000000000061260500000000000000000012
:1042200000000000658E0200000000000000000099
:104230000000000031280500000000000000000020
:10424000000000001D9102000000000000000000BE
:1042500000000000512805000000000000000000E0
:10426000132D050000000000619602000000000010
:104270000000000000000000519702000000000054
:1042800000000000C8BA060034EC0600000002007E
:1042900040EC0600000002004CEC060000000200AA
:1042A0000000000000000000000000005D3A050072
:1042B000000000000000000068EC06000000120092
:1042C0009DAD020000000000693B050000000000F9
:1042D0004D3B0500A4040020A404002000000000C1
:1042E000000000000E0000000000000095BC02006D
:1042F0000000000000000000000000002F48050042
:104300000000000000000000000000005DC002008E
:1043100000000000000000000000000019D70200AB
:1043200000000000000000000000000001D60200B4
:1043300000000000000000000000000095DF020007
:1043400000000000000000000000000099DA0200F8
:1043500000000000000000002805002028050020C3
:104360000000000000000000A9E9020089F5020039
:10437000D75C0500000000000000000019EE0200FC
:10438000C75A0500F35905009DE90200000000002E
:10439000000000000000000000000000000000001D
:1043A000000000008507030000000000000000007E
:1043B000000000000168050000000000000000008F
:1043C0000000000084EC06000000020090EC0600F3
:1043D00000000A00A0EC0600000020000000000021
:1043E0000000000000000000000000002B6105003C
:1043F00000000000B4EC060000000200C0EC060063
:1044000000000200CCEC060000000A00DC050020E1
:10441000DC05002000000000000000000E0000008D
:10442000F0050020F0050020E91203000000000064
:1044300000000000307C002000000000ED4603007A
:1044400000000000387C0020000000002537030039
:1044500000000000407C002000000000B5DA0300EE
:1044600000000000487C002000000000B5DA0300D6
:1044700000000000507C0020000000009133030089
:1044800000000000308600200000000029E7030043
:10449000000000004886002000000000B5DA03009C
:1044A000000000005086002000000000C55E0300F0
:1044B00000000000D8860020000000001169030001
:1044C00000000000E086002000000000B5DA0300D4
:1044D00000000000E886002000000000A96A030038
:1044E00000000000F0860020000000006975030055
:1044F00000000000148800200000000064880020F4
:1045000000000000448A002000000000F48A00201F
:104510000000000021F4030000000000E08D0020F6
:1045200000000000B5D70300000000000C8E002042
:1045300000000000B5DA030000000000289200200F
:1045400000000000852403000000000020920020ED
:1045500000000000852403000000000018920020E5
:1045600000000000F920030000000000109200206D
:1045700000000000852403000000000008920020D5
:1045800000000000F920030000000000009200205D
:1045900000000000852403008001000000000000EE
:1045A000FD1B0400000000000800000000000000E7
:1045B000A92E040000000000A0AE060009000000C3
:1045C00000000000A0AE06000A000000010000008C
:1045D00088AE06000B0000000200000088AE060056
:1045E0000D0000000300000088AE06000F00000070
:1045F00004000000A0AE060002000000050000005C
:10460000A0AE0600180020000000000088AE0600E2
:104610000000200001000000A0AE06000B002000FA
:104620000200000088AE0600040020000300000025
:1046300088AE060006002000040000000000000014
:1046400000000000737C0500000000000000000076
:104650000000000018D40600000000002C08002014
:104660002C08002000000000010000003C08002091
:104670003C080020440800204408002000000000FE
:104680000100000054080020540800200000000031
:10469000000000000000000000000000000000001A
:1046A000000000000000000000000000000000000A
:1046B000A8AF06000000000000000000FCC60020BB
:1046C000F4C600200000000000000000737C05001C
:1046D000000000000000000000000000A0D4060060
:1046E00001000000B4080020B40800200000000011
:1046F00001000000C4080020C4080020CC080020ED
:10470000CC0800200000000001000000DC080020B0
:10471000DC08002000000000000000000000000095
:104720000000000000000000000000000000000089
:104730000000000000000000C0AF06000000000004
:10474000000000000CC7002004C70020000000008B
:104750000000000000000000000000000000000059
:104760000000000000000000000000000000000049
:104770000000000000000000000000000000000039
:104780000000000000000000000000000000000029
:104790000000000000000000000000000000000019
:1047A0000000000000000000000000000000000009
:1047B00000000000000000000000000008000000F1
:1047C000FF000000000000000300000000000000E7
:1047D000B4E60600B7A50600D1B70200EDB70200A7
:1047E000B0090020B009002014001400FF3C2A4842
:1047F000C2B1CFC567C907719600000000000F184D
:0B480000060B01501D5E610100640109
:10480B00000000000000000000000000000000009D
:10481B00000000000000000000000000000000008D
:10482B00000000000000000000000000000000007D
:104840000000000000000000B50E050000000000A0
:104850000000000000000000280A0020280A0020B4
:104860004580020000000000000000000000000081
:104870000000000000000000000000000000000038
:10488000B50E050000000000000000000000000060
:10489000600A0020600A0020118902000000000068
:1048A0000000000000000000000000000000000008
:1048B0000000000000000000B50E05000000000030
:1048C0000000000000000000980A0020980A002064
:1048D000D99002000000000000000000000000006D
:0848E0000000000000000000D0
:1048E800B80A0020B80A0020981E01200000000025
:1048F800010000002C00000000000000D40A002085
:10490800D40A002020EB0020000000000100000075
:10491800B000000000000000F00A0020F00A0020AB
:10492800D81F012000000000200000001400000033
:10493800000000000C0B00200C0B0020C41E0120FE
:1049480000000000030000001C0000000000000040
:10495800280B0020280B00200000000000000000A9
:104968000E0000003C0B00203C0B00200000000063
:10497800000000000E000000500B0020500B00202B
:1049880000000000000000000E000000640B002082
:10499800640B002000000000000000000E00000072
:1049A800780B0020780B00200C000000100000009D
:1049B800181F0120D81F0120181F0120181F0120CF
:1049C800000000009C0B00209C0B00200000000051
:1049D800A80B0020A80B00200C0000000400000019
:1049E8005012012080120120501201205012012083
:1049F80000000000CC0B0020CC0B002000000000C1
:104A0800D80B0020D80B0020100000000A0000007E
:104A1800F812012098130120F8120120F812012041
:104A280000000000FC0B0020FC0B00200000000030
:104A3800080C0020080C00200C0000000A000000F0
:104A480080120120F812012080120120801201201A
:104A5800000000002C0C00202C0C0020000000009E
:104A6800380C0020380C0020010000000100000074
:104A7800480C0020480C0020500C0020500C00204E
:104A88000000000001000000600C0020600C002005
:104A9800680C0020680C002000000000FFFFFFFFEA
:084AA800780C0020780C0020BE
:104AB0000000000000000000880C0020880C00208E
:104AC000900C0020900C002000000000000000006E
:104AD000A00C0020A00C0020A80C0020A80C002096
:104AE0000000000000000000B80C0020B80C0020FE
:104AF000C00C0020C00C00200300030010000000C8
:104B00000000000018BD0600C41C012000000000C9
:104B100000000000E40C0020E40C0020EC0C00205D
:104B2000EC0C002003000300100000003DED02002B
:104B3000C0BD0600201E0120000000000000000093
:104B4000100D0020100D0020180D0020180D002061
:104B500003000300010000000000000040BC06004C
:104B60001C19012000000000000000003C0D002086
:104B70003C0D0020440D0020440D002001000100E8
:104B80001000000015DA020008BD0600BC1B012061
:104B90000000000000000000680D0020680D0020EB
:104BA000700D0020700D00200300030001000000C4
:104BB00000000000F8BC0600681B01200000000097
:104BC00000000000940D0020940D00209C0D00209A
:104BD0009C0D00200C000C000600000025BF020008
:104BE00030BC06001017012000000000000000008B
:104BF000C00D0020C00D0020C80D0020C80D0020F1
:104C000001000100010000000000000050BC06008F
:044C1000741A0120F1
:104C14001201000200000040501D5E610104010207
:104C2400030109020000000100E032040309041832
:104C3400035A4D4B2050726F6A6563740000000084
:104C4400000000000000001803536F666C654368A1
:104C54006F633630000000000000000000000022F6
:104C640003303132333435363738394142434445E1
:104C740046000000000000000000000000000000EA
:034C84000000002D
:0C4C880018AF0600E8AE060000AF060002
:044C940040BA06001C
:044C980015E015E02E
:040000032000B1C167
:00000001FF
